BPXPLS,BPXSAR,BPXDAR,BMXBMI,BMXWAIST,BMXTRI,URXUMASI,URXUCRSI,LBDIRNSI,LBDTIBSI,LBXPCT,LBDFERSI,LBDFOLSI,LBDB12SI,LBXHCY,LBXMMA,LBDRBFSI,LBDTCSI,LBDHDLSI,LBXWBCSI,LBXLYPCT,LBXMOPCT,LBXNEPCT,LBXEOPCT,LBXBAPCT,LBDLYMNO,LBDMONO,LBDNENO,LBDEONO,LBDBANO,LBXRBCSI,LBXHGB,LBXHCT,LBXMCVSI,LBXMCHSI,LBXMC,LBXRDW,LBXPLTSI,LBXMPSI,LBXCRP,LBXGH,SSBNP,LBDSALSI,LBXSATSI,LBXSASSI,LBXSAPSI,LBDSBUSI,LBDSCASI,LBXSC3SI,LBXSGTSI,LBDSGLSI,LBXSLDSI,LBDSPHSI,LBDSTBSI,LBDSTPSI,LBDSTRSI,LBDSUASI,LBDSCRSI,LBXSNASI,LBXSKSI,LBXSCLSI,LBXSOSSI,LBDSGBSI,RIAGENDR,RIDRETH1,DMDEDUC2,DMDMARTL,INDFMPIR,SMQ040,PAQ180,ALQ130,RIDAGEYR
80.0,100.0,75.0,25.39,86.2,22.1,1.4,3978.0,25.42,79.66,31.9,151.0,19.7,372.69,8.51,0.16,935.4,,,6.3,23.5,5.9,67.3,1.8,1.5,1.5,0.4,4.2,0.1,0.1,4.57,15.6,45.2,98.9,34.2,34.5,13.2,320.0,8.4,0.1,5.2,37.14,44.0,75.0,47.0,43.0,6.07,2.375,21.0,69.0,4.94,118.0,1.29,10.26,80.0,1.942,285.5,79.56,138.0,3.7,102.0,276.0,36.0,2,3,4.0,1.0,2.15,1.0,2.0,5.0,43
76.0,139.0,61.0,35.42,112.3,36.6,43.0,12818.0,21.3,78.04,27.3,71.0,54.8,479.7,8.02,0.21,863.0,8.92,1.19,7.8,36.7,8.4,50.5,3.5,0.7,2.9,0.7,3.9,0.3,0.1,4.07,12.8,37.0,91.0,31.5,34.7,11.6,400.0,7.9,0.4,7.0,196.9,43.0,25.0,25.0,73.0,7.14,2.5,27.0,19.0,5.829,130.0,1.42,8.55,72.0,12.069,392.6,70.72,138.0,3.6,98.0,279.0,29.0,2,1,1.0,2.0,0.72,,2.0,,63
54.0,89.0,61.0,21.58,88.2,12.8,2.3,8310.0,17.36,60.86,28.5,57.0,43.5,451.66,6.33,0.25,665.9,5.07,1.2,10.3,22.8,6.6,66.3,3.5,0.8,2.3,0.7,6.8,0.4,0.1,5.13,15.0,45.0,87.6,29.3,33.4,12.2,319.0,7.0,0.21,4.7,84.83,47.0,31.0,28.0,71.0,4.3,2.25,27.0,64.0,4.33,166.0,1.13,20.5,73.0,1.174,261.7,70.7,143.3,3.96,105.4,284.0,26.0,1,3,5.0,,5.0,1.0,2.0,1.0,51
88.0,118.0,60.0,25.77,83.4,17.6,38.7,4950.0,9.31,78.58,11.8,26.0,40.8,369.0,5.22,0.11,842.6,5.84,1.55,8.6,25.9,9.3,63.5,1.0,0.4,2.2,0.8,5.5,0.1,0.0,3.98,12.0,34.7,87.2,30.2,34.6,11.8,302.0,7.8,0.36,5.1,61.2,41.0,15.0,19.0,19.0,3.57,2.425,26.0,11.0,4.774,9.49,1.32,10.26,73.0,0.914,130.9,61.88,139.0,4.7,99.0,276.0,32.0,2,3,4.0,4.0,3.97,,2.0,1.0,21
54.0,168.0,76.0,31.16,108.1,34.6,4.0,4420.0,13.6,66.95,20.3,112.0,58.0,219.19,13.99,0.08,591.2,4.97,1.34,8.2,29.3,3.8,63.4,3.3,0.3,2.4,0.3,5.2,0.3,0.0,4.47,13.9,41.5,93.1,31.3,33.6,12.4,248.0,9.1,0.18,5.1,268.9,44.0,30.0,28.0,55.0,3.21,2.45,26.0,26.0,5.884,178.0,1.23,13.68,73.0,2.947,368.8,70.72,144.0,4.0,107.0,286.0,29.0,2,3,2.0,1.0,2.01,3.0,3.0,2.0,61
98.0,119.0,64.0,26.86,112.2,15.3,7.6,5658.0,21.3,98.63,21.6,10.0,28.3,151.29,3.31,0.14,699.9,6.72,1.16,7.2,19.8,4.5,73.6,1.7,0.4,1.4,0.3,5.3,0.1,0.0,4.04,12.9,37.3,92.4,31.8,34.4,12.4,262.0,8.2,0.11,5.5,18.26,34.0,12.0,17.0,17.0,2.14,2.2,19.0,15.0,6.772,21.85,1.0,6.84,65.0,5.871,356.9,53.04,134.0,3.5,102.0,267.0,31.0,2,3,5.0,1.0,3.97,3.0,3.0,1.0,27
,,,,,,,,,,,,,,,,,,,,,,,,,,,,,,,,,,,,,,,,,,,,,,,,,,,,,,,,,,,,,,,1,4,3.0,5.0,,2.0,2.0,,24
,,,,,,,,,,,,,,,,,,,,,,,,,,,,,,,,,,,,,,,,,,,,,,,,,,,,,,,,,,,,,,,2,3,3.0,,2.23,1.0,2.0,,22
76.0,130.0,57.0,36.21,,25.3,,,8.95,63.55,14.1,20.0,9.3,422.14,12.6,0.18,335.2,4.42,0.91,12.6,26.1,5.6,65.5,2.0,0.9,3.3,0.7,8.3,0.3,0.1,4.98,13.8,41.4,83.1,27.5,33.2,14.7,554.0,6.8,1.11,6.1,12.18,44.0,15.0,17.0,110.0,7.5,2.475,24.0,25.0,4.996,113.0,1.162,3.4,87.0,1.727,535.3,114.9,137.7,4.05,97.7,278.0,43.0,1,4,3.0,1.0,1.96,3.0,1.0,,57
66.0,133.0,65.0,27.65,110.0,20.1,84.6,10873.0,13.96,62.11,22.5,77.0,26.0,254.61,12.01,0.13,858.4,5.74,1.34,7.6,22.6,9.5,66.8,0.9,0.2,1.7,0.7,5.1,0.1,0.0,4.53,14.9,43.6,96.4,33.0,34.2,12.4,297.0,7.8,0.68,7.6,24.74,45.0,17.0,16.0,85.0,7.9,2.55,22.0,45.0,7.938,129.0,1.162,10.3,76.0,1.626,380.7,70.7,136.7,4.67,98.9,279.0,31.0,1,4,2.0,5.0,0.62,1.0,2.0,2.0,70
64.0,131.0,83.0,54.46,152.5,,7.2,7426.0,33.83,36.7,92.2,927.0,20.4,396.31,9.47,0.16,570.8,4.32,0.86,5.6,40.3,10.2,39.0,8.2,2.2,2.3,0.6,2.2,0.5,0.1,4.43,15.0,44.3,99.9,34.0,34.0,12.3,242.0,8.6,0.15,6.1,38.32,40.0,41.0,40.0,79.0,3.6,2.25,25.0,103.0,5.44,176.0,1.195,8.6,81.0,2.552,499.6,88.4,143.8,4.0,107.0,285.0,41.0,1,4,2.0,,0.82,3.0,1.0,1.0,58
66.0,111.0,68.0,25.76,87.6,21.0,11.0,17857.0,16.65,77.51,21.5,573.0,24.7,247.97,6.8,0.04,498.3,6.21,1.27,7.6,26.3,8.5,61.7,2.6,1.0,2.0,0.6,4.7,0.2,0.1,4.59,13.9,41.0,89.4,30.2,33.8,12.2,324.0,7.1,0.32,5.1,63.93,42.0,22.0,21.0,41.0,2.86,2.3,22.0,73.0,3.886,119.0,0.97,17.1,75.0,4.426,285.5,70.72,135.0,3.5,101.0,267.0,33.0,2,5,4.0,3.0,0.65,,3.0,,40
74.0,122.0,68.0,24.94,97.4,13.2,4.0,7691.0,16.47,64.62,25.5,95.0,41.2,439.85,8.96,0.16,679.5,5.3,1.98,5.3,25.0,6.9,62.8,4.7,0.6,1.3,0.4,3.3,0.2,0.0,4.71,13.9,42.8,90.9,29.4,32.3,13.5,177.0,7.6,0.07,5.6,77.21,42.0,19.0,25.0,61.0,6.1,2.325,26.0,16.0,5.662,140.0,0.904,8.6,84.0,0.734,243.9,70.7,136.9,4.89,104.7,275.0,42.0,1,2,1.0,1.0,,,1.0,,68
64.0,131.0,86.0,27.05,108.7,21.2,2.8,1503.0,22.73,71.96,31.6,47.0,37.1,592.61,11.37,0.21,980.7,5.95,1.97,6.3,21.5,10.6,64.7,3.0,0.3,1.4,0.7,4.1,0.2,0.0,4.39,13.9,39.9,91.0,31.5,34.6,12.2,280.0,5.7,0.03,5.3,98.72,47.0,26.0,27.0,54.0,3.93,2.35,25.0,26.0,4.996,113.0,1.49,32.49,71.0,1.434,196.3,79.56,124.0,4.4,88.0,249.0,24.0,1,3,5.0,1.0,5.0,3.0,1.0,3.0,65
62.0,114.0,57.0,20.21,74.1,6.0,2.1,7337.0,26.13,52.27,50.0,55.0,23.1,294.46,7.0,0.1,333.0,6.18,1.45,4.3,25.5,8.5,64.4,1.6,0.0,1.1,0.4,2.8,0.1,0.0,5.05,15.0,44.1,87.3,29.7,34.0,12.5,293.0,7.8,0.04,5.4,14.53,47.0,32.0,28.0,83.0,4.28,2.425,25.0,19.0,5.273,144.0,1.26,15.39,75.0,0.881,440.2,70.72,137.0,3.9,102.0,273.0,28.0,1,1,1.0,5.0,1.1,,2.0,4.0,22
68.0,146.0,69.0,25.31,97.1,9.6,45.7,18918.0,6.8,56.21,12.1,364.0,31.5,281.18,9.61,0.23,817.7,4.78,1.14,5.6,17.3,13.1,64.2,5.3,0.2,1.0,0.7,3.6,0.3,0.0,3.61,12.4,35.3,97.8,34.2,35.0,13.7,130.0,8.9,0.41,4.4,445.0,46.0,12.0,20.0,66.0,6.78,2.275,22.0,17.0,5.995,174.0,1.03,22.23,74.0,0.869,339.0,88.4,138.0,4.4,103.0,278.0,28.0,1,3,3.0,1.0,2.58,3.0,2.0,2.0,76
64.0,143.0,86.0,36.5,116.6,13.8,18.2,28376.0,8.95,52.98,16.9,264.0,17.7,692.98,5.59,0.1,439.4,5.04,0.87,5.0,33.3,9.0,50.2,6.4,1.3,1.7,0.5,2.5,0.3,0.1,4.1,12.7,37.1,90.6,31.0,34.2,12.9,262.0,7.9,0.73,5.3,,40.0,28.0,33.0,72.0,3.6,2.25,26.0,87.0,4.885,175.0,0.936,6.8,74.0,1.626,392.6,70.7,139.2,3.99,102.2,276.0,34.0,1,4,4.0,6.0,,,2.0,,36
72.0,123.0,74.0,20.54,77.6,14.0,6.2,7337.0,19.69,65.51,30.1,118.0,7.9,280.44,13.87,0.07,881.1,6.28,3.25,5.9,39.8,6.5,51.9,1.3,0.6,2.3,0.4,3.1,0.1,0.0,4.38,15.0,42.5,97.1,34.3,35.3,13.0,397.0,6.8,0.19,5.5,103.2,44.0,13.0,19.0,65.0,5.0,2.25,25.0,34.0,3.941,132.0,0.969,5.1,71.0,1.806,273.6,44.2,140.7,4.22,100.8,280.0,27.0,2,3,3.0,1.0,3.82,1.0,2.0,2.0,61
68.0,100.0,63.0,25.17,97.8,13.2,0.9,3359.0,20.41,62.47,32.7,89.0,34.2,372.69,6.53,0.09,591.2,6.54,1.07,5.2,42.2,7.8,45.2,4.0,0.9,2.2,0.4,2.4,0.2,0.0,5.42,15.8,47.6,87.8,29.1,33.2,11.7,238.0,8.1,0.03,4.6,11.09,46.0,40.0,24.0,56.0,6.1,2.375,27.0,21.0,4.829,118.0,1.001,10.3,74.0,1.513,368.8,79.6,140.9,4.17,106.5,282.0,28.0,1,3,5.0,1.0,5.0,,1.0,2.0,30
70.0,136.0,90.0,28.15,97.5,18.8,4.1,7249.0,20.76,88.25,23.5,26.0,32.6,383.02,7.38,0.16,801.8,7.14,2.74,3.8,24.6,7.6,63.8,3.1,1.0,0.9,0.3,2.4,0.1,0.0,4.28,13.5,39.2,91.6,31.4,34.3,11.3,262.0,6.5,0.32,5.4,11.23,42.0,18.0,24.0,59.0,3.93,2.3,24.0,13.0,4.829,164.0,1.13,8.55,72.0,1.547,255.8,61.88,137.0,4.0,100.0,273.0,30.0,2,3,2.0,4.0,2.93,,2.0,1.0,51
82.0,113.0,56.0,23.07,84.8,24.0,6.1,3271.0,9.67,64.26,15.0,120.0,36.0,498.15,12.03,0.11,856.2,4.01,2.02,6.8,34.4,7.2,56.2,1.8,0.4,2.3,0.5,3.8,0.1,0.0,3.84,13.0,36.9,96.4,33.9,35.2,13.5,132.0,10.0,0.64,4.8,,34.0,36.0,122.0,118.0,2.5,2.3,23.0,351.0,4.219,194.0,1.162,10.3,91.0,1.614,571.0,44.2,137.6,3.71,101.8,272.0,57.0,2,4,2.0,3.0,1.2,,1.0,1.0,52
78.0,118.0,67.0,29.11,89.6,12.8,9.0,24752.0,48.33,68.2,70.9,79.0,33.7,407.38,5.78,0.08,516.4,5.02,1.18,6.7,37.7,11.6,49.5,1.0,0.3,2.5,0.8,3.3,0.1,0.0,5.87,15.9,48.7,83.0,27.1,32.7,12.4,239.0,7.1,0.13,4.9,3.54,47.0,28.0,29.0,68.0,6.8,2.4,24.0,16.0,4.885,110.0,1.13,15.4,75.0,0.745,261.7,88.4,141.7,4.38,102.9,284.0,28.0,1,3,4.0,1.0,0.92,,2.0,2.0,24
82.0,90.0,52.0,24.36,77.6,22.0,5.6,9459.0,22.2,53.34,41.6,44.0,17.0,250.18,5.69,0.15,609.3,4.16,1.25,5.6,27.0,5.4,63.7,3.1,0.8,1.5,0.3,3.6,0.2,0.0,4.33,13.8,40.9,94.4,31.8,33.7,11.5,249.0,8.4,0.01,4.1,32.3,46.0,13.0,18.0,39.0,3.6,2.275,27.0,12.0,5.94,108.0,1.033,30.8,69.0,0.779,267.7,44.2,139.4,3.77,102.1,278.0,23.0,2,3,4.0,,1.68,,2.0,2.0,26
70.0,113.0,61.0,30.23,97.8,13.2,8.7,16708.0,30.97,73.57,42.1,136.0,28.1,276.01,8.34,0.11,545.9,3.52,0.93,5.3,27.2,7.4,63.4,1.8,0.3,1.4,0.4,3.4,0.1,0.0,4.01,14.0,38.8,96.5,34.9,36.2,12.0,281.0,7.3,0.04,3.7,28.0,47.0,44.0,32.0,72.0,3.57,2.375,23.0,11.0,4.552,176.0,1.13,30.78,78.0,0.982,398.5,53.04,140.0,3.7,105.0,277.0,31.0,1,1,2.0,5.0,1.4,,1.0,,20
,,,30.38,100.5,31.2,16.0,10873.0,21.66,61.93,35.0,87.0,32.6,671.58,7.3,0.08,783.7,4.27,1.5,4.7,33.8,6.8,56.6,2.4,0.5,1.6,0.3,2.7,0.1,0.0,4.14,11.4,34.1,82.4,27.5,33.3,13.5,320.0,7.7,2.92,5.7,57.6,41.0,17.0,14.0,91.0,3.2,2.325,29.0,36.0,4.94,119.0,1.259,8.6,78.0,0.689,255.8,35.4,139.0,4.23,99.2,276.0,37.0,2,4,3.0,1.0,2.39,,2.0,,56
76.0,96.0,67.0,24.88,82.9,26.7,26.7,14056.0,17.54,74.46,23.6,15.0,21.1,234.68,5.6,0.14,502.8,5.4,1.68,7.1,24.5,6.4,64.1,4.7,0.4,1.7,0.5,4.6,0.3,0.0,4.35,13.9,40.1,92.2,32.0,34.6,11.9,235.0,10.0,0.06,5.4,7.0,49.0,16.0,16.0,70.0,3.9,2.425,25.0,13.0,4.607,144.0,1.227,6.8,77.0,0.7,249.8,35.4,141.1,4.35,104.0,280.0,28.0,2,1,4.0,5.0,2.47,3.0,1.0,4.0,31
84.0,184.0,67.0,25.19,80.9,24.2,88.7,2298.0,8.41,50.48,16.7,85.0,34.0,474.53,14.35,0.16,935.4,3.8,1.67,5.6,36.3,8.9,52.2,2.1,0.6,2.0,0.5,2.9,0.1,0.0,2.92,9.6,28.3,97.1,33.0,34.0,12.2,256.0,7.4,0.31,6.1,321.4,40.0,11.0,20.0,99.0,5.0,2.2,20.0,22.0,7.216,184.0,1.001,5.1,78.0,0.621,333.1,79.6,130.4,3.8,98.5,264.0,38.0,2,4,3.0,2.0,1.92,,2.0,,66
,,,,,,1.5,2829.0,,,,,,,,,,,,,,,,,,,,,,,,,,,,,,,,,,,,,,,,,,,,,,,,,,,,,,,,2,5,5.0,1.0,1.86,,2.0,,32
56.0,108.0,71.0,20.09,75.5,6.8,13.0,17150.0,18.08,56.03,32.3,47.0,41.4,148.34,7.9,0.14,550.4,4.73,1.73,5.8,32.4,8.8,57.2,0.7,0.9,1.9,0.5,3.3,0.0,0.1,4.0,13.1,38.9,97.3,32.8,33.7,11.8,199.0,7.3,0.09,5.0,49.19,42.0,11.0,17.0,27.0,5.71,2.325,23.0,12.0,4.274,113.0,1.16,10.26,68.0,0.756,243.9,79.56,141.0,4.1,103.0,281.0,26.0,2,3,5.0,1.0,5.0,3.0,3.0,,46
90.0,128.0,75.0,36.21,110.8,32.7,21.7,16442.0,5.73,78.76,7.3,25.0,34.7,212.54,5.57,0.07,643.3,5.22,1.06,6.6,21.3,5.7,71.9,0.9,0.3,1.4,0.4,4.7,0.1,0.0,4.67,12.5,36.9,79.1,26.8,33.8,12.9,276.0,8.6,1.21,4.9,,44.0,16.0,17.0,88.0,3.6,2.225,21.0,13.0,4.774,127.0,1.033,5.1,71.0,1.118,226.0,35.4,138.1,4.05,105.4,274.0,27.0,2,1,4.0,5.0,1.91,,2.0,1.0,22
58.0,144.0,58.0,30.34,113.8,22.4,10.2,12906.0,16.83,58.0,29.0,224.0,29.2,194.09,13.49,0.26,523.2,4.34,1.11,5.9,27.4,10.3,59.2,2.8,0.4,1.6,0.6,3.5,0.2,0.0,4.71,15.4,45.8,97.3,32.6,33.6,12.0,237.0,7.7,0.29,5.2,122.3,45.0,19.0,21.0,73.0,7.9,2.35,23.0,17.0,5.607,148.0,1.001,13.7,73.0,1.129,333.1,61.9,142.8,4.04,106.1,288.0,28.0,1,3,1.0,1.0,1.94,,1.0,,85
,,,,,,,,,,,,,,,,,,,,,,,,,,,,,,,,,,,,,,,,,,,,,,,,,,,,,,,,,,,,,,,2,3,4.0,1.0,5.0,,1.0,,60
94.0,132.0,72.0,29.48,110.3,15.0,33.8,16089.0,21.84,76.25,28.6,50.0,19.9,234.68,15.66,0.12,600.2,4.84,0.75,6.3,31.0,8.4,58.2,1.8,0.7,2.0,0.5,3.7,0.1,0.0,4.0,12.9,38.6,96.6,32.4,33.6,12.9,352.0,7.3,0.09,6.9,38.5,47.0,24.0,27.0,51.0,5.71,2.7,20.0,19.0,7.827,131.0,1.1,6.84,92.0,3.692,446.1,97.24,139.0,4.3,101.0,281.0,45.0,1,3,2.0,1.0,1.76,3.0,1.0,1.0,75
52.0,124.0,69.0,21.19,78.5,16.5,14.8,12995.0,13.6,62.47,21.8,64.0,26.3,283.39,5.65,0.14,738.4,4.47,1.63,6.7,36.3,9.6,52.7,1.0,0.4,2.4,0.6,3.5,0.1,0.0,4.15,14.2,41.1,98.9,34.2,34.6,12.3,204.0,8.5,0.24,5.2,154.3,42.0,14.0,19.0,48.0,7.85,2.375,24.0,18.0,4.885,138.0,1.32,10.26,68.0,0.508,279.6,79.56,144.0,5.0,106.0,289.0,26.0,2,3,5.0,5.0,5.0,,3.0,2.0,50
70.0,128.0,71.0,32.41,102.2,34.2,7.6,11227.0,15.75,75.0,21.0,100.0,55.0,403.69,6.19,0.16,736.1,5.87,1.62,6.1,27.8,4.8,65.3,1.6,0.6,1.7,0.3,4.0,0.1,0.0,4.8,14.4,42.4,88.2,29.9,33.9,12.7,193.0,8.8,0.28,6.1,107.7,47.0,60.0,43.0,89.0,3.9,2.25,25.0,43.0,5.329,153.0,1.162,10.3,77.0,1.694,243.9,44.2,140.1,4.31,103.5,279.0,30.0,2,1,1.0,1.0,0.64,3.0,2.0,6.0,66
80.0,133.0,85.0,40.82,128.6,,35.3,8575.0,15.22,97.91,15.5,24.0,58.0,183.02,3.23,0.11,953.6,6.21,1.85,9.3,18.3,7.4,72.9,1.0,0.4,1.7,0.7,6.8,0.1,0.0,4.08,12.7,37.5,91.9,31.1,33.8,13.1,191.0,10.1,0.21,5.4,33.52,36.0,13.0,17.0,101.0,3.2,2.275,20.0,11.0,3.886,143.0,1.195,3.4,65.0,2.337,303.3,26.5,137.8,4.49,106.1,272.0,29.0,2,5,3.0,5.0,1.44,,2.0,,22
56.0,111.0,51.0,23.11,83.0,11.7,4.5,11934.0,9.85,61.22,16.1,21.0,22.9,262.73,7.56,0.13,459.8,4.53,1.22,5.9,41.2,7.4,48.8,2.5,0.1,2.4,0.4,2.9,0.1,0.0,5.14,15.4,46.2,89.8,30.0,33.4,12.6,217.0,8.9,0.01,5.2,28.77,44.0,18.0,23.0,61.0,6.43,2.25,25.0,14.0,5.051,96.0,0.94,10.26,77.0,0.621,327.1,88.4,138.0,4.4,101.0,278.0,33.0,1,3,4.0,5.0,5.0,,3.0,2.0,24
,,,,,,,,,,,,,,,,,,,,,,,,,,,,,,,,,,,,,,,,,,,,,,,,,,,,,,,,,,,,,,,1,4,2.0,5.0,3.53,,2.0,,30
54.0,125.0,66.0,23.41,87.8,11.4,2.3,6100.0,42.6,63.55,67.0,25.0,27.4,152.03,10.12,0.27,412.2,6.47,0.98,4.9,32.0,10.3,54.6,2.4,0.6,1.6,0.5,2.7,0.1,0.0,4.87,15.4,45.9,94.3,31.5,33.5,12.2,281.0,8.5,0.12,5.3,93.75,43.0,26.0,31.0,82.0,3.93,2.3,22.0,15.0,5.662,104.0,1.16,18.81,74.0,2.111,309.3,79.56,137.0,3.6,97.0,273.0,31.0,1,1,1.0,5.0,0.93,,2.0,,70
58.0,160.0,59.0,25.15,89.2,13.6,166.8,3890.0,10.74,59.43,18.1,85.0,66.6,405.9,21.76,0.27,1424.7,5.87,1.47,4.0,24.6,9.6,61.3,3.1,1.3,1.0,0.4,2.5,0.1,0.1,3.51,10.9,32.6,92.8,31.1,33.4,13.4,225.0,8.4,0.44,4.9,1032.0,43.0,9.0,21.0,93.0,12.9,2.35,27.0,32.0,5.162,160.0,1.388,5.1,72.0,1.547,404.5,185.6,138.4,4.5,101.8,284.0,29.0,2,3,4.0,2.0,5.0,,1.0,1.0,85
96.0,143.0,60.0,26.96,90.4,16.2,13.5,2033.0,18.26,75.9,24.1,62.0,41.4,884.86,7.98,0.11,1451.9,5.2,1.87,8.3,38.6,9.0,46.2,6.1,0.2,3.2,0.7,3.8,0.5,0.0,4.48,13.5,41.6,92.6,30.0,32.5,12.9,326.0,9.4,0.1,7.8,57.89,44.0,36.0,34.0,76.0,4.6,2.375,21.0,19.0,11.824,186.0,1.324,6.8,68.0,1.31,237.9,53.0,136.1,4.4,99.2,279.0,24.0,2,1,1.0,2.0,0.0,,1.0,,65
70.0,139.0,61.0,24.51,82.7,26.0,3.1,10078.0,20.41,70.17,29.1,176.0,49.8,366.79,6.13,0.11,611.6,6.36,1.58,8.4,29.9,8.1,55.8,5.8,0.6,2.5,0.7,4.7,0.5,0.1,5.18,15.1,46.2,89.0,29.1,32.7,12.0,413.0,8.1,1.01,5.3,57.43,42.0,27.0,29.0,89.0,5.0,2.4,21.0,11.0,4.996,185.0,0.969,6.8,77.0,1.592,285.5,53.0,137.9,4.0,100.8,275.0,35.0,2,3,5.0,1.0,5.0,,2.0,1.0,61
,,,,,,,,,,,,,,,,,,,,,,,,,,,,,,,,,,,,,,,,,,,,,,,,,,,,,,,,,,,,,,,1,3,5.0,1.0,4.75,3.0,1.0,,85
60.0,91.0,53.0,20.74,68.2,16.7,0.7,1856.0,14.14,75.18,18.8,246.0,56.2,692.24,7.41,0.11,767.8,5.97,2.17,9.1,41.3,6.4,45.6,1.1,5.5,3.8,0.6,4.1,0.1,0.5,3.99,12.7,36.9,92.8,31.8,34.3,13.1,486.0,6.9,0.52,5.2,52.14,43.0,86.0,60.0,75.0,5.71,2.325,24.0,36.0,5.218,117.0,1.29,10.26,72.0,0.677,261.7,79.56,137.0,4.8,98.0,274.0,29.0,2,3,3.0,1.0,4.39,,3.0,1.0,37
72.0,110.0,76.0,31.16,84.4,34.1,3.4,9989.0,18.8,69.09,27.2,30.0,36.5,298.89,7.24,0.1,749.7,4.47,1.37,6.2,33.8,7.5,56.4,1.9,0.6,2.1,0.5,3.5,0.1,0.0,4.7,14.3,41.7,88.5,30.3,34.2,11.9,317.0,7.8,0.09,5.1,11.1,39.0,29.0,22.0,43.0,6.43,2.25,21.0,24.0,4.385,113.0,1.13,13.68,69.0,0.61,327.1,70.72,137.0,3.9,106.0,275.0,30.0,2,5,4.0,1.0,3.59,3.0,1.0,2.0,32
78.0,96.0,61.0,28.73,108.6,16.6,1.7,3801.0,18.97,92.54,20.5,16.0,49.4,200.0,4.93,0.15,883.4,7.14,1.58,6.7,17.8,9.4,71.4,1.0,0.4,1.2,0.6,4.8,0.1,0.0,4.27,13.4,40.1,93.8,31.3,33.3,15.8,185.0,7.5,0.33,5.1,44.81,35.0,15.0,22.0,177.0,2.1,2.25,18.0,6.0,4.052,150.0,1.421,6.8,67.0,3.048,303.3,26.5,140.7,3.96,106.6,277.0,32.0,2,1,1.0,1.0,0.85,,2.0,,30
74.0,118.0,67.0,28.73,98.2,27.4,5.8,3713.0,22.73,62.65,36.3,70.0,36.7,377.12,6.68,0.1,697.6,5.64,1.22,6.1,27.8,12.9,55.9,2.8,0.6,1.7,0.8,3.4,0.2,0.0,5.18,15.0,45.0,86.6,29.0,33.3,12.0,316.0,8.1,0.06,5.5,114.6,41.0,17.0,17.0,66.0,5.71,2.3,24.0,14.0,5.107,122.0,1.26,13.68,70.0,1.502,285.5,88.4,135.0,4.1,101.0,271.0,29.0,1,3,5.0,1.0,5.0,,2.0,1.0,49
94.0,116.0,79.0,24.95,93.1,8.8,52.0,34034.0,4.48,56.56,7.9,881.0,61.6,754.24,7.11,0.13,890.1,4.55,1.55,5.1,23.9,12.4,62.1,1.7,0.0,1.2,0.6,3.2,0.1,0.0,5.49,16.8,49.7,90.5,30.7,33.9,12.1,184.0,8.1,5.47,5.7,,47.0,31.0,39.0,66.0,4.6,2.325,26.0,55.0,5.051,207.0,1.033,6.8,85.0,1.479,255.8,79.6,139.3,3.9,97.2,278.0,38.0,1,1,3.0,1.0,1.44,,2.0,6.0,64
,,,,,,,,,,,,,,,,,,,,,,,,,,,,,,,,,,,,,,,,,,,,,,,,,,,,,,,,,,,,,,,1,3,1.0,1.0,1.07,3.0,3.0,,77
64.0,139.0,76.0,28.74,97.2,25.8,2.7,9547.0,20.41,50.84,40.1,90.0,44.6,1061.24,9.17,0.11,489.2,8.22,1.82,6.4,42.5,6.5,49.4,0.8,0.9,2.7,0.4,3.2,0.1,0.1,5.55,14.3,44.9,81.0,25.8,31.8,16.0,276.0,8.1,0.4,5.4,34.19,47.0,27.0,28.0,58.0,7.1,2.6,24.0,21.0,5.44,181.0,1.292,10.3,82.0,0.824,333.1,61.9,140.7,4.18,98.2,283.0,35.0,2,4,1.0,3.0,5.0,,2.0,,72
60.0,118.0,86.0,26.93,93.0,7.2,8.0,23514.0,19.69,48.87,40.3,212.0,38.7,423.61,5.21,0.12,684.0,4.34,1.34,5.4,35.9,12.8,46.3,4.1,0.9,1.9,0.7,2.5,0.2,0.0,6.26,13.8,44.2,70.6,22.0,31.2,14.1,211.0,9.6,0.2,5.5,13.12,45.0,29.0,26.0,68.0,5.7,2.275,26.0,35.0,4.885,181.0,1.066,8.6,78.0,0.723,380.7,79.6,140.5,3.7,102.8,281.0,33.0,1,4,2.0,,0.92,,3.0,,33
76.0,126.0,76.0,30.08,105.2,29.0,10.5,8133.0,11.64,61.22,19.0,243.0,43.9,585.23,6.92,0.1,774.6,6.34,1.19,8.0,29.2,8.4,57.9,3.3,1.2,2.3,0.7,4.6,0.3,0.1,5.06,15.3,45.2,89.3,30.3,33.9,12.4,422.0,8.0,1.09,5.8,26.06,44.0,25.0,22.0,55.0,3.57,2.425,25.0,46.0,5.94,122.0,1.32,10.26,75.0,3.093,392.6,79.56,144.0,3.7,103.0,286.0,31.0,2,3,3.0,1.0,5.0,3.0,2.0,2.0,59
74.0,104.0,78.0,36.08,107.5,39.8,6.3,12376.0,12.17,53.34,22.8,20.0,34.2,303.32,7.52,0.16,543.6,6.98,1.34,7.7,33.1,4.8,57.2,4.9,0.1,2.5,0.4,4.4,0.4,0.0,4.18,13.5,39.2,93.6,32.1,34.2,12.4,329.0,8.2,0.22,5.4,47.39,44.0,14.0,21.0,42.0,5.0,2.4,24.0,16.0,4.829,152.0,1.227,8.6,78.0,1.66,339.0,53.0,135.0,3.83,96.4,270.0,34.0,2,3,5.0,1.0,4.55,,1.0,1.0,47
64.0,122.0,58.0,29.91,97.3,31.0,2.2,2917.0,11.99,64.44,18.6,13.0,19.5,419.18,5.41,0.13,595.7,5.09,1.45,7.5,30.1,7.8,59.7,1.9,0.6,2.3,0.6,4.5,0.1,0.0,4.24,13.3,38.1,89.9,31.5,34.9,12.0,308.0,7.6,0.56,6.4,81.97,43.0,18.0,15.0,42.0,5.0,2.35,26.0,33.0,6.994,138.0,0.81,10.26,75.0,1.716,309.3,61.88,138.0,3.4,99.0,278.0,32.0,2,4,4.0,1.0,5.0,,2.0,,55
70.0,116.0,54.0,26.44,91.6,25.0,5.0,3890.0,2.15,98.45,2.2,9.0,17.0,282.65,4.45,0.09,708.9,5.43,0.88,9.3,18.8,4.4,41.2,34.4,1.3,1.7,0.4,3.8,3.2,0.1,4.57,8.8,27.8,60.7,19.2,31.7,21.0,531.0,7.1,0.16,4.7,26.4,42.0,28.0,20.0,50.0,3.21,2.275,23.0,35.0,4.274,121.0,1.49,10.26,75.0,0.948,279.6,53.04,136.0,3.8,101.0,269.0,33.0,2,1,3.0,5.0,1.33,,3.0,,21
60.0,116.0,74.0,27.58,95.6,30.0,37.8,11492.0,12.17,52.81,23.1,211.0,45.3,462.73,6.28,0.12,600.2,4.45,1.03,6.1,38.2,5.8,54.5,1.1,0.4,2.3,0.4,3.3,0.1,0.0,5.53,15.9,46.6,84.3,28.8,34.1,12.2,320.0,7.6,0.39,4.9,28.84,45.0,37.0,27.0,48.0,5.36,2.425,19.0,38.0,5.107,138.0,1.26,10.26,76.0,1.705,463.9,79.56,140.0,4.1,104.0,280.0,31.0,1,1,3.0,1.0,1.78,,2.0,2.0,22
88.0,125.0,75.0,24.3,96.0,7.4,31.7,14940.0,29.36,67.84,43.3,143.0,38.1,335.79,15.61,0.18,742.9,5.12,1.22,9.7,30.3,8.4,52.6,7.4,1.4,2.9,0.8,5.1,0.7,0.1,5.73,14.1,44.1,76.9,24.7,32.1,15.6,288.0,8.4,0.14,5.4,20.81,42.0,24.0,39.0,58.0,6.1,2.5,24.0,15.0,6.051,248.0,1.195,12.0,75.0,1.885,374.7,79.6,142.9,4.82,102.4,287.0,33.0,1,5,1.0,1.0,,3.0,1.0,3.0,78
60.0,121.0,84.0,20.62,72.3,8.8,1.9,8486.0,35.98,59.97,60.0,154.0,21.1,377.12,5.4,0.12,493.8,8.77,1.19,5.4,34.8,6.6,52.6,5.5,0.4,1.9,0.4,2.8,0.3,0.0,4.78,14.7,44.1,92.3,30.6,33.2,11.6,232.0,7.1,0.06,5.3,68.78,49.0,27.0,28.0,63.0,3.2,2.375,24.0,23.0,4.94,136.0,0.969,15.4,81.0,0.96,368.8,61.9,141.4,3.95,104.8,280.0,32.0,1,5,3.0,5.0,,2.0,3.0,1.0,26
74.0,110.0,73.0,22.44,76.4,20.8,6.2,6100.0,12.89,61.4,21.0,43.0,14.7,344.65,7.05,0.08,473.4,4.45,1.14,9.1,27.5,6.0,61.7,4.5,0.3,2.5,0.5,5.6,0.4,0.0,4.28,12.6,37.5,87.8,29.5,33.6,12.6,273.0,9.6,0.03,5.0,15.16,43.0,10.0,9.0,58.0,3.21,2.35,23.0,9.0,4.885,132.0,1.19,10.26,70.0,1.073,208.2,70.72,140.0,4.2,102.0,277.0,27.0,2,3,4.0,1.0,0.34,,1.0,,36
,,,,,,,,,,,,,,,,,,,,,,,,,,,,,,,,,,,,,,,,,,,,,,,,,,,,,,,,,,,,,,,1,3,4.0,5.0,5.0,,3.0,,21
50.0,130.0,67.0,21.97,86.8,6.4,11.3,7779.0,15.22,51.02,29.8,87.0,54.4,725.45,12.24,0.17,1078.1,6.57,1.32,4.9,31.9,7.8,54.7,4.6,1.0,1.6,0.4,2.7,0.2,0.0,4.4,14.3,41.4,94.1,32.4,34.5,12.4,170.0,8.5,0.32,5.0,144.3,40.0,14.0,21.0,48.0,10.0,2.375,23.0,11.0,4.663,85.0,1.16,15.39,76.0,1.264,428.3,106.08,138.0,3.9,103.0,281.0,36.0,1,1,2.0,1.0,1.72,,2.0,,76
72.0,123.0,80.0,22.35,78.5,29.0,9.4,2122.0,19.87,58.53,33.9,38.0,30.8,385.97,8.57,0.13,607.0,4.73,1.6,5.2,35.2,7.6,55.4,1.2,0.6,1.8,0.4,2.9,0.1,0.0,5.03,15.4,45.5,90.3,30.6,33.8,12.5,201.0,9.0,0.06,5.0,50.12,47.0,23.0,26.0,50.0,2.5,2.475,25.0,10.0,4.496,122.0,1.13,11.97,71.0,0.723,166.5,70.72,141.0,3.9,103.0,278.0,24.0,2,3,5.0,1.0,5.0,,2.0,2.0,40
80.0,107.0,73.0,15.56,62.5,8.9,4.1,5392.0,16.29,81.8,19.9,9.0,22.9,861.98,6.57,0.13,536.8,3.65,1.42,6.1,28.3,6.2,62.4,2.7,0.6,1.7,0.4,3.8,0.2,0.0,4.64,13.0,39.2,84.4,28.0,33.1,12.2,316.0,8.0,0.07,4.8,20.77,49.0,19.0,22.0,80.0,4.6,2.275,24.0,20.0,4.663,113.0,0.872,10.3,77.0,0.813,267.7,53.0,139.1,3.89,102.5,277.0,28.0,2,1,4.0,1.0,5.0,,2.0,1.0,27
82.0,120.0,65.0,22.44,95.2,16.0,6.9,10343.0,12.35,92.72,13.3,5.0,43.9,198.52,3.72,0.17,949.0,6.62,1.9,15.5,11.8,7.2,79.7,0.7,0.6,1.8,1.1,12.4,0.1,0.1,3.98,12.8,36.4,91.4,32.2,35.2,12.3,193.0,7.7,1.5,5.1,60.53,37.0,12.0,21.0,145.0,2.5,2.25,21.0,8.0,3.442,156.0,1.324,6.8,68.0,2.868,232.0,35.4,137.8,3.89,101.0,271.0,31.0,2,3,4.0,1.0,4.0,,2.0,1.0,22
60.0,154.0,75.0,23.82,89.3,15.4,17.2,5834.0,17.9,58.89,30.4,55.0,24.0,308.48,9.85,0.24,518.7,3.8,1.71,6.1,26.5,11.6,60.0,1.5,0.5,1.6,0.7,3.7,0.1,0.0,4.3,13.3,41.4,96.3,31.0,32.2,12.0,272.0,8.1,0.4,5.1,237.8,41.0,14.0,20.0,95.0,6.8,2.175,22.0,16.0,4.829,142.0,0.84,12.0,67.0,0.666,368.8,97.2,140.5,3.89,110.6,282.0,26.0,1,3,3.0,1.0,3.16,3.0,2.0,1.0,83
58.0,114.0,69.0,34.62,94.0,32.2,4.3,10785.0,13.25,46.18,28.7,343.0,14.3,856.08,5.25,0.09,817.7,4.45,1.25,11.4,25.0,5.6,67.8,1.0,0.5,2.9,0.6,7.7,0.1,0.1,4.03,11.4,34.2,84.9,28.2,33.1,14.5,307.0,7.6,0.52,5.4,82.27,41.0,17.0,20.0,66.0,6.4,2.3,22.0,17.0,5.107,131.0,1.033,5.1,75.0,2.055,261.7,53.0,142.6,3.98,105.8,286.0,34.0,2,4,4.0,3.0,1.07,3.0,1.0,2.0,44
68.0,106.0,60.0,21.44,76.4,15.2,1.1,3271.0,14.14,63.37,22.3,42.0,73.4,520.29,4.93,0.1,1259.3,5.17,1.58,8.2,28.2,7.6,56.7,6.9,0.6,2.3,0.6,4.6,0.6,0.0,4.28,13.5,39.0,91.2,31.4,34.4,11.8,243.0,8.3,0.06,4.8,31.07,47.0,15.0,23.0,82.0,3.9,2.225,26.0,16.0,4.885,146.0,1.098,6.8,75.0,0.824,255.8,53.0,141.2,3.63,102.3,280.0,28.0,2,3,5.0,,5.0,,3.0,1.0,36
68.0,106.0,70.0,28.8,101.5,14.8,6.9,20332.0,24.17,59.79,40.4,100.0,49.4,484.87,7.55,0.14,1096.3,5.82,1.1,6.9,29.5,8.7,60.4,0.9,0.5,2.0,0.6,4.2,0.1,0.0,5.41,16.3,49.1,90.7,30.0,33.1,12.6,275.0,8.1,0.1,5.4,,44.0,10.0,17.0,81.0,5.4,2.425,27.0,28.0,4.441,109.0,0.969,10.3,74.0,2.811,327.1,88.4,139.7,4.45,99.7,279.0,30.0,1,3,5.0,1.0,4.55,3.0,2.0,1.0,47
84.0,130.0,58.0,37.35,127.3,28.8,27.1,20597.0,9.13,73.39,12.4,13.0,45.8,331.36,7.48,0.17,609.3,4.4,1.09,11.2,27.1,9.6,61.4,1.7,0.2,3.0,1.1,6.9,0.2,0.0,4.69,14.3,42.3,90.1,30.5,33.8,12.2,399.0,8.7,0.08,7.5,45.6,44.0,16.0,18.0,81.0,3.2,2.475,26.0,17.0,7.993,120.0,1.227,8.6,74.0,1.694,434.2,44.2,140.7,3.6,99.0,282.0,30.0,2,3,2.0,2.0,,,2.0,,77
68.0,104.0,77.0,28.1,100.2,11.2,6.6,13967.0,13.96,61.4,22.7,117.0,25.6,309.96,12.33,0.16,502.8,4.47,1.24,7.4,21.2,7.5,68.9,1.6,0.9,1.6,0.6,5.1,0.1,0.1,5.3,16.0,47.8,90.1,30.3,33.6,11.6,202.0,6.9,0.17,5.0,47.59,46.0,25.0,16.0,46.0,5.0,2.4,25.0,29.0,6.051,118.0,1.07,15.39,73.0,1.569,356.9,97.24,138.0,4.2,102.0,276.0,27.0,1,3,4.0,1.0,4.92,,1.0,2.0,53
72.0,173.0,113.0,29.07,103.0,7.2,19.9,7956.0,10.56,54.77,19.3,258.0,18.3,378.59,9.76,0.22,,4.81,0.93,6.8,30.9,10.7,56.6,1.3,0.6,2.1,0.7,3.8,0.1,0.0,5.31,15.2,44.5,83.9,28.7,34.2,13.4,216.0,10.1,0.08,5.4,51.74,44.0,13.0,13.0,97.0,4.3,2.475,23.0,30.0,4.718,128.0,1.13,12.0,78.0,1.355,398.5,79.6,138.9,3.18,101.7,276.0,34.0,1,4,4.0,2.0,,,1.0,6.0,43
70.0,116.0,64.0,24.12,87.4,24.2,1.3,1238.0,18.62,67.3,27.7,22.0,48.5,618.44,3.1,0.08,1406.6,4.37,1.42,8.5,15.5,7.3,74.9,1.9,0.4,1.3,0.6,6.4,0.2,0.0,3.79,12.3,35.3,93.0,32.3,34.8,13.2,299.0,7.9,0.34,5.0,,41.0,16.0,20.0,70.0,3.9,2.4,23.0,24.0,4.663,128.0,1.195,5.1,70.0,2.179,119.0,26.5,134.6,4.14,99.0,268.0,29.0,2,3,5.0,1.0,1.3,,3.0,,36
106.0,112.0,81.0,21.96,77.9,16.8,3.9,4243.0,7.16,62.11,11.5,76.0,11.8,408.85,7.49,0.23,326.2,5.51,1.5,8.5,16.8,8.5,70.0,4.2,0.6,1.4,0.7,6.0,0.4,0.1,4.88,13.9,40.5,82.9,28.5,34.4,11.4,187.0,10.6,0.37,5.3,14.34,46.0,11.0,22.0,49.0,3.21,2.45,25.0,9.0,5.44,103.0,1.26,8.55,77.0,1.185,255.8,44.2,140.0,4.4,103.0,278.0,31.0,2,2,3.0,1.0,0.4,,2.0,,34
68.0,113.0,67.0,28.92,105.0,12.4,22.8,17415.0,13.43,80.55,16.7,28.0,36.7,193.36,17.3,0.3,641.0,4.63,1.47,6.7,31.7,7.5,51.2,8.9,0.7,2.1,0.5,3.4,0.6,0.0,4.52,13.7,40.9,90.4,30.3,33.4,12.7,295.0,6.3,0.12,6.0,100.3,43.0,17.0,25.0,17.0,6.78,2.35,24.0,27.0,6.384,75.0,1.1,10.26,73.0,1.332,475.8,167.96,138.0,4.8,104.0,279.0,30.0,1,1,5.0,2.0,5.0,,9.0,1.0,75
68.0,130.0,83.0,26.26,93.7,10.1,1.5,2740.0,18.97,65.51,29.0,85.0,12.9,427.3,10.85,0.26,362.4,5.28,1.06,10.6,23.4,8.6,66.2,1.3,0.6,2.5,0.9,7.0,0.1,0.1,4.94,15.7,44.9,91.1,31.8,35.0,12.2,311.0,8.0,0.07,5.1,29.7,43.0,30.0,30.0,88.0,5.71,2.325,23.0,21.0,5.107,131.0,1.29,10.26,79.0,3.511,267.7,79.56,137.0,3.7,99.0,274.0,36.0,1,1,1.0,1.0,1.66,3.0,2.0,1.0,46
64.0,106.0,64.0,35.62,99.6,23.6,2.8,5923.0,12.89,67.13,19.2,20.0,19.9,304.79,3.6,0.12,792.8,5.25,1.74,7.3,23.8,6.3,68.1,1.4,0.4,1.7,0.5,5.0,0.1,0.0,3.77,11.8,34.8,92.5,31.2,33.8,12.8,306.0,7.5,0.91,5.2,70.06,38.0,12.0,12.0,48.0,2.9,2.275,20.0,8.0,4.663,106.0,1.292,5.1,67.0,1.705,214.1,35.4,137.9,3.84,103.7,273.0,29.0,2,1,3.0,,0.73,,2.0,,24
68.0,161.0,64.0,44.48,149.0,25.0,735.0,12730.0,7.88,53.52,14.7,203.0,20.6,142.43,14.56,0.44,466.6,5.97,0.96,8.6,14.8,7.0,75.4,2.6,0.2,1.3,0.6,6.5,0.2,0.0,5.22,16.5,47.8,91.4,31.7,34.7,13.9,229.0,8.9,0.12,7.8,1419.0,39.0,20.0,24.0,76.0,6.43,2.375,25.0,24.0,3.719,137.0,1.1,17.1,71.0,1.739,416.4,97.24,138.0,3.7,101.0,276.0,32.0,1,3,1.0,1.0,1.93,3.0,1.0,2.0,70
78.0,123.0,78.0,36.09,99.1,26.2,17.1,10343.0,9.85,57.64,17.1,43.0,33.1,354.24,5.49,0.11,527.7,4.4,1.15,6.1,25.1,9.4,61.3,3.5,0.6,1.5,0.6,3.7,0.2,0.0,5.18,15.2,44.7,86.2,29.5,34.2,11.8,304.0,7.6,0.42,4.7,,47.0,15.0,19.0,48.0,2.5,2.3,24.0,9.0,4.552,139.0,1.195,23.9,77.0,1.185,279.6,53.0,140.5,3.44,103.8,277.0,30.0,2,3,4.0,1.0,2.22,,2.0,4.0,26
70.0,115.0,66.0,24.16,91.6,15.6,12.3,45438.0,,,,,,,11.08,0.47,421.3,,,4.5,33.4,6.9,58.5,0.8,0.5,1.5,0.3,2.6,0.0,0.0,4.64,14.5,43.7,94.1,31.3,33.3,12.5,185.0,7.8,,5.5,,,,,,,,,,,,,,,,,,,,,,,1,4,1.0,3.0,1.38,,2.0,1.0,81
84.0,125.0,75.0,35.29,116.7,32.0,3.1,9459.0,11.81,57.28,20.6,76.0,24.0,387.45,10.74,0.12,641.0,4.37,1.36,9.1,31.8,6.6,59.3,1.6,0.7,2.9,0.6,5.4,0.1,0.1,5.05,14.9,43.8,86.8,29.5,33.9,12.2,305.0,8.0,0.56,5.6,10.49,43.0,36.0,28.0,89.0,7.1,2.425,22.0,18.0,5.329,168.0,1.227,8.6,85.0,0.948,511.5,61.9,135.8,4.15,100.1,274.0,42.0,1,1,3.0,1.0,1.5,3.0,4.0,5.0,36
64.0,108.0,71.0,22.58,83.5,10.2,7.6,16354.0,13.25,66.05,20.1,143.0,22.0,501.1,7.13,0.11,819.9,6.7,0.98,5.9,28.1,7.6,58.9,4.6,0.8,1.7,0.4,3.5,0.3,0.0,5.72,16.3,49.1,85.8,28.6,33.3,11.9,256.0,8.3,0.03,5.4,7.65,49.0,101.0,34.0,53.0,5.0,2.525,25.0,88.0,4.885,110.0,1.19,10.26,75.0,4.053,345.0,97.24,142.0,4.1,103.0,283.0,26.0,1,3,5.0,5.0,4.7,,2.0,8.0,24
74.0,104.0,78.0,24.91,85.3,30.2,10.2,14763.0,13.6,53.52,25.4,51.0,31.3,549.81,5.85,0.06,530.0,3.9,1.08,10.6,25.5,8.8,61.8,3.0,1.0,2.7,0.9,6.6,0.3,0.1,4.64,14.1,40.7,87.6,30.3,34.5,11.5,287.0,7.8,0.07,4.6,26.77,46.0,21.0,20.0,54.0,4.6,2.3,21.0,12.0,4.663,134.0,1.162,8.6,76.0,0.644,249.8,53.0,136.8,3.74,102.8,273.0,30.0,2,3,4.0,5.0,,,1.0,,20
94.0,99.0,46.0,22.93,82.3,21.3,5.5,21128.0,18.44,89.32,20.6,13.0,64.1,375.64,4.41,0.12,806.3,5.28,1.28,9.3,20.0,5.0,72.4,2.4,0.1,1.9,0.5,6.7,0.2,0.0,4.8,14.1,41.6,86.6,29.3,33.8,13.8,262.0,8.9,1.5,4.6,96.86,43.0,22.0,18.0,101.0,3.2,2.175,17.0,16.0,4.052,147.0,0.969,5.1,75.0,1.513,261.7,44.2,135.9,3.74,102.7,269.0,32.0,2,1,2.0,1.0,0.88,,2.0,1.0,27
62.0,162.0,85.0,28.1,92.0,21.4,1.5,1149.0,18.44,54.95,33.6,144.0,24.2,203.69,10.75,0.27,285.4,4.89,1.47,4.9,35.3,9.5,54.3,0.9,0.1,1.7,0.5,2.7,0.0,0.0,3.98,13.2,38.3,96.1,33.2,34.5,13.4,189.0,8.4,0.17,5.4,152.1,48.0,16.0,20.0,62.0,6.1,2.55,24.0,12.0,4.774,144.0,1.13,10.3,78.0,0.858,184.4,44.2,140.1,3.96,101.4,280.0,30.0,2,3,2.0,1.0,0.69,,2.0,,75
60.0,106.0,57.0,28.61,108.0,20.6,3.8,5304.0,11.64,99.7,11.7,15.0,47.3,364.57,3.6,0.12,964.9,6.05,1.19,11.8,14.7,4.7,79.0,1.2,0.4,1.7,0.6,9.3,0.1,0.0,4.1,12.1,35.6,86.9,29.4,33.8,12.4,211.0,9.1,0.73,5.2,161.0,32.0,19.0,21.0,144.0,2.14,2.1,19.0,11.0,3.83,96.0,1.42,10.26,61.0,3.026,315.2,44.2,136.0,3.5,102.0,268.0,29.0,2,1,3.0,1.0,2.0,3.0,2.0,3.0,31
,,,,,,,,,,,,,,,,,,,,,,,,,,,,,,,,,,,,,,,,,,,,,,,,,,,,,,,,,,,,,,,2,3,5.0,2.0,,1.0,1.0,,77
72.0,112.0,70.0,27.24,87.4,17.4,15.1,27404.0,14.86,50.12,29.6,66.0,17.4,538.74,5.32,0.1,586.6,4.45,1.16,5.4,35.3,5.7,55.0,2.5,1.4,1.9,0.3,3.0,0.1,0.1,4.49,14.6,42.4,94.3,32.4,34.4,12.2,223.0,8.6,0.06,5.4,64.45,43.0,21.0,16.0,52.0,4.64,2.35,22.0,12.0,5.273,87.0,1.16,10.26,74.0,0.7,410.4,70.72,138.0,3.9,106.0,276.0,31.0,2,3,2.0,1.0,1.51,1.0,3.0,4.0,31
70.0,136.0,73.0,26.89,109.1,15.0,2.2,5304.0,23.27,65.87,35.3,132.0,24.9,224.35,12.34,0.19,573.0,3.98,1.22,7.1,22.7,9.1,64.3,3.4,0.6,1.6,0.6,4.6,0.2,0.0,5.36,16.2,48.2,89.8,30.2,33.6,12.1,153.0,7.1,0.16,5.1,82.6,41.0,32.0,26.0,69.0,5.0,2.325,19.0,18.0,4.774,148.0,1.16,20.52,71.0,0.655,350.9,70.72,137.0,4.2,104.0,274.0,30.0,1,3,2.0,1.0,1.03,3.0,2.0,1.0,72
64.0,115.0,82.0,22.22,79.8,7.1,27.9,16619.0,37.59,68.74,54.7,180.0,32.2,321.77,6.11,0.11,795.0,6.59,1.4,6.1,34.4,7.7,56.0,1.1,0.8,2.1,0.5,3.4,0.1,0.0,4.03,13.8,39.6,98.4,34.2,34.8,12.6,300.0,5.9,0.01,4.9,14.63,45.0,39.0,48.0,86.0,6.07,2.4,27.0,14.0,4.496,154.0,1.0,22.23,72.0,0.474,345.0,79.56,140.0,4.4,103.0,280.0,27.0,1,3,3.0,5.0,2.26,,2.0,3.0,35
84.0,121.0,73.0,21.51,81.7,14.4,7.9,12464.0,5.01,61.93,8.1,21.0,30.8,307.75,8.04,0.15,672.7,4.14,1.14,10.8,31.8,4.9,62.5,0.6,0.2,3.4,0.5,6.8,0.1,0.0,5.38,14.9,45.7,84.9,27.6,32.5,16.7,272.0,10.1,0.04,4.6,84.58,50.0,12.0,17.0,107.0,2.5,2.35,21.0,16.0,3.997,121.0,1.324,6.8,74.0,0.497,220.1,61.9,140.0,4.37,104.9,276.0,24.0,2,3,3.0,1.0,2.22,1.0,3.0,4.0,23
88.0,90.0,62.0,26.44,91.5,20.6,4.0,5923.0,15.57,86.28,18.0,67.0,67.7,298.89,2.88,0.07,722.5,5.2,2.04,14.6,8.1,6.5,84.7,0.4,0.3,1.2,0.9,12.4,0.1,0.0,4.1,13.3,38.3,93.7,32.4,34.6,13.9,234.0,7.9,0.28,4.5,30.42,41.0,51.0,45.0,74.0,2.9,2.3,20.0,21.0,4.33,174.0,1.292,5.1,74.0,1.423,237.9,26.5,139.5,3.62,102.2,276.0,33.0,2,1,2.0,1.0,2.04,,2.0,,20
60.0,138.0,78.0,22.82,92.3,6.8,5.7,9901.0,12.53,68.56,18.3,39.0,32.6,174.91,15.04,0.43,708.9,4.16,1.4,6.6,25.4,8.6,63.2,2.2,0.7,1.7,0.6,4.2,0.1,0.0,4.39,14.3,41.6,94.7,32.5,34.2,12.8,292.0,8.2,0.11,8.6,48.99,42.0,15.0,17.0,50.0,3.57,2.35,25.0,19.0,9.326,101.0,1.26,10.26,70.0,1.129,249.8,88.4,139.0,4.1,103.0,280.0,28.0,1,5,5.0,1.0,3.45,,2.0,1.0,60
56.0,114.0,73.0,25.68,98.0,17.4,10.0,17061.0,12.53,61.58,20.3,31.0,62.5,338.74,5.31,0.13,1007.9,4.68,1.06,6.9,23.3,9.5,63.3,3.4,0.6,1.6,0.7,4.4,0.2,0.0,4.4,13.5,39.2,89.1,30.6,34.3,12.0,173.0,9.1,0.04,4.7,,46.0,23.0,25.0,65.0,3.9,2.275,22.0,18.0,4.94,161.0,1.033,6.8,68.0,1.287,327.1,53.0,143.4,4.28,109.5,285.0,22.0,1,3,5.0,1.0,3.97,,2.0,2.0,43
60.0,102.0,67.0,23.54,85.4,7.0,6.7,4685.0,24.17,59.07,40.9,94.0,30.1,287.82,6.71,0.1,697.6,4.84,0.75,3.9,41.1,9.4,48.0,1.6,0.1,1.6,0.4,1.9,0.1,0.0,5.09,15.7,46.3,91.2,30.9,33.9,12.3,195.0,8.6,0.07,5.4,,43.0,22.0,22.0,66.0,6.78,2.275,25.0,17.0,4.663,94.0,1.23,13.68,70.0,2.461,392.6,79.56,139.0,4.0,103.0,279.0,27.0,1,3,5.0,1.0,4.31,3.0,3.0,2.0,47
,,,28.57,92.0,23.7,3.7,10608.0,16.29,62.65,26.0,48.0,32.4,396.31,5.83,0.2,1014.7,5.12,0.93,13.1,24.9,6.1,66.8,1.7,0.4,3.3,0.8,8.8,0.2,0.1,4.43,13.9,41.3,93.1,31.5,33.8,13.1,330.0,8.6,0.34,5.0,,47.0,18.0,18.0,80.0,3.2,2.3,22.0,21.0,4.552,139.0,1.388,5.1,76.0,2.427,291.5,70.7,142.1,3.91,102.8,281.0,29.0,2,3,4.0,1.0,4.49,1.0,3.0,,34
56.0,115.0,81.0,21.97,75.6,5.2,2.6,5127.0,10.74,53.7,20.0,232.0,17.9,379.33,8.55,0.17,335.2,4.34,1.28,7.9,39.0,8.9,48.3,3.2,0.6,3.1,0.7,3.8,0.3,0.0,4.45,15.4,44.6,100.2,34.6,34.5,12.2,213.0,8.6,1.07,5.2,53.51,46.0,16.0,27.0,111.0,6.1,2.425,23.0,12.0,4.663,146.0,1.356,5.1,84.0,0.565,267.7,61.9,139.5,4.32,99.0,279.0,38.0,1,3,3.0,6.0,2.34,1.0,4.0,4.0,38
68.0,134.0,81.0,27.54,92.5,9.0,4.1,6188.0,19.15,64.08,29.9,166.0,15.2,371.21,9.96,0.07,450.7,4.58,1.09,9.8,24.2,6.9,68.2,0.6,0.1,2.4,0.7,6.7,0.1,0.0,5.01,15.9,45.7,91.2,31.7,34.8,12.0,286.0,9.1,0.1,5.1,26.27,44.0,17.0,17.0,73.0,5.0,2.35,22.0,18.0,5.162,96.0,1.07,23.94,77.0,0.779,297.4,88.4,135.0,3.9,101.0,270.0,33.0,1,1,1.0,1.0,1.94,3.0,2.0,2.0,44
70.0,114.0,82.0,19.64,78.4,9.7,17.9,21658.0,27.75,60.86,45.6,49.0,19.3,276.01,6.69,0.15,489.2,4.01,1.24,5.9,28.7,10.0,59.7,1.0,0.6,1.7,0.6,3.5,0.1,0.0,5.29,16.7,48.8,92.2,31.6,34.2,11.6,229.0,8.1,0.03,5.3,,45.0,10.0,12.0,48.0,3.57,2.325,22.0,14.0,4.829,85.0,1.03,18.81,75.0,0.666,285.5,79.56,141.0,4.1,106.0,280.0,30.0,1,3,5.0,1.0,5.0,,3.0,,29
,,,,,,,,,,,,,,,,,,,,,,,,,,,,,,,,,,,,,,,,,,,,,,,,,,,,,,,,,,,,,,,2,3,3.0,6.0,3.26,3.0,2.0,,23
66.0,109.0,82.0,29.27,108.0,11.2,9.0,9194.0,18.62,65.87,28.3,426.0,42.1,397.04,6.21,0.12,622.9,4.03,1.23,9.1,40.8,9.5,47.7,1.5,0.6,3.7,0.9,4.3,0.1,0.1,5.61,16.2,49.3,88.0,28.8,32.7,12.2,196.0,10.4,0.04,9.8,16.58,43.0,53.0,24.0,101.0,4.6,2.25,23.0,44.0,12.601,129.0,0.936,10.3,69.0,1.411,243.9,53.0,136.9,4.2,99.4,281.0,26.0,1,1,1.0,1.0,1.6,3.0,3.0,2.0,56
70.0,103.0,57.0,36.83,105.5,34.0,7.6,12641.0,7.52,65.69,11.4,13.0,10.9,355.72,9.51,0.1,509.6,3.85,1.22,7.1,25.0,6.9,65.8,2.2,0.3,1.8,0.5,4.7,0.2,0.0,4.6,13.9,40.8,88.7,30.2,34.1,12.1,227.0,8.0,0.47,5.1,126.3,40.0,16.0,17.0,54.0,6.43,2.25,22.0,14.0,5.107,109.0,1.13,11.97,68.0,0.79,267.7,79.56,137.0,4.1,104.0,275.0,28.0,2,1,3.0,1.0,3.92,3.0,3.0,2.0,33
74.0,109.0,72.0,28.77,96.6,13.5,9.7,19006.0,19.33,68.38,28.3,143.0,15.9,204.43,9.27,0.17,441.7,4.16,1.41,4.5,32.5,8.1,53.9,4.6,0.9,1.5,0.4,2.4,0.2,0.0,4.98,15.2,46.7,93.7,30.7,32.7,12.6,241.0,8.9,0.31,5.2,17.8,47.0,21.0,23.0,86.0,5.7,2.4,27.0,25.0,4.33,168.0,0.969,8.6,78.0,0.644,315.2,61.9,142.7,4.68,100.8,284.0,31.0,1,3,5.0,1.0,5.0,,2.0,2.0,37
82.0,106.0,74.0,23.97,86.0,17.6,3.3,7691.0,16.11,72.5,22.2,31.0,13.6,270.11,8.36,0.38,462.1,4.63,1.63,8.1,29.8,8.4,56.2,4.5,1.2,2.4,0.7,4.6,0.4,0.1,4.15,13.5,39.2,94.3,32.6,34.6,12.4,411.0,7.4,0.01,4.9,,45.0,36.0,28.0,49.0,5.0,2.325,23.0,20.0,4.607,115.0,1.39,10.26,79.0,0.7,172.5,70.72,142.0,4.4,104.0,283.0,34.0,2,2,1.0,1.0,1.06,,1.0,,42
60.0,121.0,78.0,24.95,89.0,5.7,7.1,9547.0,22.2,58.18,38.2,379.0,20.8,295.94,9.43,0.11,344.3,4.81,2.41,9.2,29.5,9.3,59.0,1.4,0.8,2.7,0.9,5.4,0.1,0.1,4.95,16.8,48.9,98.2,33.8,34.5,12.5,304.0,8.0,0.06,4.7,74.57,47.0,23.0,24.0,65.0,5.0,2.375,26.0,45.0,4.663,154.0,1.098,15.4,74.0,0.553,267.7,53.0,138.5,4.51,101.3,276.0,27.0,1,1,1.0,1.0,1.34,1.0,2.0,8.0,48
60.0,99.0,55.0,24.35,101.7,15.8,1.4,3890.0,20.59,57.46,35.8,98.0,63.4,424.35,6.5,0.13,654.6,5.77,1.03,5.1,21.3,9.2,65.1,3.2,1.2,1.1,0.5,3.3,0.2,0.1,4.28,13.9,40.7,95.0,32.4,34.2,12.4,182.0,8.5,0.09,5.4,136.3,44.0,18.0,28.0,63.0,4.28,2.425,27.0,16.0,5.162,115.0,1.16,10.26,66.0,1.603,291.5,70.72,138.0,4.5,101.0,275.0,22.0,1,3,4.0,1.0,2.51,3.0,3.0,1.0,68
60.0,172.0,83.0,29.95,100.1,9.6,2.5,5481.0,24.52,67.3,36.4,101.0,36.7,422.87,11.94,0.13,813.1,4.47,0.78,6.6,29.6,10.2,57.3,2.1,0.8,2.0,0.7,3.8,0.1,0.1,4.4,14.9,42.8,97.1,33.8,34.8,11.9,234.0,8.4,0.05,5.4,167.9,44.0,19.0,22.0,108.0,4.64,2.425,23.0,19.0,5.273,169.0,1.07,10.26,70.0,2.348,469.9,88.4,140.0,4.7,105.0,279.0,26.0,1,3,5.0,1.0,3.62,,3.0,,78
56.0,99.0,65.0,21.73,70.9,14.8,7.0,5834.0,18.97,59.25,32.0,134.0,31.5,333.58,6.46,0.06,511.9,4.68,1.06,8.1,28.5,6.6,63.6,1.3,0.1,2.3,0.5,5.2,0.1,0.0,3.81,11.8,33.9,89.0,30.9,34.7,11.9,292.0,8.6,0.01,5.1,57.79,42.0,15.0,20.0,52.0,4.64,2.125,23.0,10.0,4.829,106.0,1.26,18.81,73.0,1.411,196.3,53.04,138.0,3.5,101.0,275.0,31.0,2,5,5.0,1.0,1.37,,2.0,,37
,,,,,,,,,,,,,,,,,,,,,,,,,,,,,,,,,,,,,,,,,,,,,,,,,,,,,,,,,,,,,,,1,3,5.0,1.0,,,2.0,,68
66.0,106.0,69.0,19.35,79.2,15.1,10.0,9017.0,27.39,58.35,46.9,35.0,20.6,288.56,6.85,0.15,493.8,4.99,2.09,10.0,15.4,4.6,78.1,1.4,0.6,1.5,0.5,7.8,0.1,0.1,3.72,12.8,36.8,98.9,34.3,34.7,12.9,239.0,8.0,0.06,5.1,69.32,42.0,11.0,16.0,64.0,5.36,2.35,25.0,17.0,5.107,105.0,1.19,8.55,68.0,0.621,172.5,53.04,135.0,3.9,101.0,271.0,26.0,2,3,5.0,4.0,2.71,1.0,2.0,1.0,38
78.0,118.0,79.0,30.88,102.7,29.4,8.2,23868.0,16.65,47.44,35.1,146.0,34.4,470.84,6.33,0.13,1069.1,4.76,1.21,8.4,29.5,6.3,58.4,4.1,1.8,2.5,0.5,4.9,0.3,0.2,5.03,15.4,44.8,89.0,30.4,34.2,11.6,270.0,8.9,0.12,5.2,3.54,47.0,26.0,23.0,68.0,5.4,2.425,22.0,19.0,4.885,119.0,1.195,15.4,72.0,1.118,339.0,70.7,136.4,4.28,102.3,273.0,25.0,1,3,4.0,1.0,5.0,,1.0,2.0,33
82.0,104.0,45.0,33.95,104.0,31.0,2.0,5392.0,7.88,85.2,9.2,8.0,,,4.98,0.09,394.1,4.5,0.93,7.8,5.4,9.0,84.1,1.0,0.5,0.4,0.7,6.6,0.1,0.0,3.99,12.5,35.8,89.5,31.3,34.9,12.5,235.0,8.3,0.83,5.3,72.31,39.0,17.0,17.0,61.0,1.07,2.275,20.0,20.0,4.885,104.0,1.07,8.55,71.0,0.813,196.3,53.04,136.0,4.1,107.0,268.0,32.0,2,1,1.0,1.0,0.18,,2.0,,25
76.0,123.0,61.0,35.42,118.9,21.0,10.8,27227.0,11.99,60.5,19.8,218.0,27.9,488.56,9.31,0.11,801.8,5.17,1.47,7.5,15.5,6.6,76.1,1.3,0.6,1.2,0.5,5.7,0.1,0.0,5.05,15.8,49.2,97.4,31.3,32.1,11.1,193.0,8.7,0.05,4.9,21.62,44.0,25.0,37.0,40.0,2.86,2.4,25.0,22.0,4.663,148.0,1.1,20.52,70.0,0.553,339.0,114.92,140.0,3.9,106.0,277.0,26.0,1,4,4.0,1.0,3.33,,2.0,,55
82.0,116.0,87.0,23.82,88.8,29.2,5.9,16884.0,12.71,71.06,17.9,30.0,44.2,386.71,8.4,0.09,899.2,5.79,1.45,3.7,38.9,7.1,52.5,1.0,0.4,1.4,0.3,1.9,0.0,0.0,4.24,12.8,38.0,89.4,30.2,33.7,12.0,208.0,8.5,0.11,5.5,35.11,46.0,18.0,22.0,70.0,5.4,2.375,21.0,16.0,4.607,214.0,1.227,5.1,77.0,0.7,214.1,53.0,140.8,3.69,103.4,281.0,31.0,2,4,5.0,3.0,1.5,,2.0,,51
78.0,105.0,73.0,29.44,100.8,29.2,3.7,14056.0,11.28,60.32,18.7,24.0,25.1,445.01,5.69,0.18,557.2,3.28,0.83,6.8,26.7,8.4,62.8,1.6,0.5,1.8,0.6,4.3,0.1,0.0,4.55,13.8,39.3,86.6,30.3,35.0,11.3,285.0,7.0,0.17,5.4,17.12,42.0,23.0,21.0,65.0,3.21,2.275,23.0,20.0,4.996,141.0,1.1,11.97,72.0,1.863,303.3,79.56,139.0,4.1,106.0,276.0,30.0,2,3,4.0,5.0,1.13,,3.0,3.0,23
58.0,158.0,72.0,,,,,,10.92,45.29,24.1,356.0,166.0,1755.7,7.73,0.1,1356.7,5.15,1.2,5.6,34.1,5.9,53.6,6.0,0.4,1.9,0.3,3.0,0.3,0.0,3.55,10.7,31.7,89.1,30.1,33.8,13.1,277.0,8.8,0.93,9.5,217.7,38.0,20.0,20.0,61.0,6.1,2.375,23.0,30.0,9.215,187.0,1.162,3.4,64.0,1.885,463.9,53.0,139.5,3.89,102.6,284.0,26.0,2,4,2.0,2.0,1.44,,1.0,,65
66.0,130.0,72.0,21.06,86.0,8.0,4.0,6100.0,13.96,41.89,33.3,50.0,16.5,167.53,13.52,0.81,373.7,3.93,1.34,9.2,39.2,15.2,37.7,7.6,0.4,3.6,1.4,3.5,0.7,0.0,5.47,16.9,51.2,93.6,31.0,33.1,12.5,297.0,8.6,0.1,5.1,61.41,45.0,19.0,26.0,128.0,2.5,2.325,25.0,21.0,4.829,148.0,0.969,10.3,74.0,0.723,303.3,61.9,138.6,3.95,100.2,274.0,29.0,1,3,1.0,3.0,1.03,1.0,1.0,3.0,64
66.0,145.0,46.0,,,,,,8.23,43.14,19.1,317.0,17.9,206.64,13.09,0.37,622.9,4.06,1.16,5.4,27.8,6.9,62.6,1.8,0.9,1.5,0.4,3.4,0.1,0.0,3.14,10.0,28.3,89.9,31.9,35.4,14.3,196.0,7.4,0.14,4.5,1240.0,37.0,14.0,22.0,14.0,7.85,2.25,25.0,15.0,4.829,46.0,1.03,10.26,65.0,0.745,511.5,70.72,140.0,4.1,103.0,283.0,28.0,1,3,3.0,2.0,1.29,3.0,1.0,1.0,85
70.0,120.0,74.0,23.68,90.3,11.2,1.7,4243.0,20.94,61.22,34.2,391.0,13.1,443.54,9.71,0.08,389.6,5.04,0.86,8.9,35.3,6.1,51.9,5.7,1.0,3.1,0.5,4.6,0.5,0.1,4.9,15.5,46.7,95.3,31.6,33.2,12.6,231.0,8.2,0.13,5.4,28.55,46.0,26.0,21.0,98.0,3.2,2.25,25.0,25.0,4.607,180.0,1.195,5.1,73.0,1.716,291.5,53.0,140.7,4.28,100.8,279.0,27.0,1,1,1.0,3.0,1.81,1.0,2.0,3.0,41
,,,,,,,,,,,,,,,,,,,,,,,,,,,,,,,,,,,,,,,,,,,,,,,,,,,,,,,,,,,,,,,2,1,1.0,2.0,0.72,,1.0,,85
96.0,143.0,71.0,24.18,80.4,17.4,4.0,3801.0,9.49,70.71,13.4,570.0,44.2,673.79,8.62,0.12,1168.7,6.18,1.11,11.6,24.7,7.6,65.1,2.2,0.6,2.9,0.9,7.6,0.3,0.1,4.97,15.3,43.5,87.4,30.8,35.3,12.5,378.0,9.0,0.79,4.6,,45.0,24.0,22.0,85.0,3.57,2.6,29.0,24.0,6.162,127.0,1.55,18.81,74.0,2.416,327.1,61.88,141.0,5.3,98.0,281.0,29.0,2,3,4.0,1.0,2.09,,2.0,1.0,67
,,,,,,,,,,,,,,,,,,,,,,,,,,,,,,,,,,,,,,,,,,,,,,,,,,,,,,,,,,,,,,,2,3,1.0,2.0,1.07,,1.0,,83
64.0,117.0,79.0,21.11,65.0,8.2,13.2,30586.0,13.96,63.9,21.8,47.0,25.6,383.02,8.2,0.07,568.5,3.31,1.91,6.6,25.1,7.9,65.1,1.5,0.4,1.7,0.5,4.3,0.1,0.0,4.03,11.6,35.7,88.5,28.7,32.3,12.3,177.0,10.4,0.02,4.5,49.99,43.0,19.0,23.0,33.0,4.28,2.3,24.0,18.0,4.108,106.0,1.29,13.68,75.0,0.531,273.6,79.56,141.0,3.6,103.0,280.0,32.0,2,4,4.0,5.0,2.03,,2.0,2.0,32
82.0,124.0,85.0,28.5,88.2,,6.2,3890.0,4.83,59.61,8.1,11.0,29.0,4012.51,2.99,0.07,534.5,6.05,1.5,6.1,29.0,8.0,60.6,1.6,0.9,1.8,0.5,3.7,0.1,0.1,4.7,12.0,36.7,77.9,25.6,32.8,14.1,342.0,7.6,0.29,5.3,96.85,40.0,17.0,26.0,68.0,3.93,2.175,22.0,20.0,4.885,123.0,1.29,10.26,72.0,1.502,166.5,44.2,140.0,3.7,106.0,277.0,32.0,2,1,1.0,1.0,1.5,,2.0,1.0,40
66.0,122.0,73.0,29.61,102.0,18.8,4.6,12553.0,22.38,57.28,39.1,99.0,35.1,542.43,6.46,0.1,570.8,5.07,1.53,6.8,28.3,9.3,60.1,1.7,0.7,1.9,0.6,4.1,0.1,0.0,5.27,15.0,44.7,84.9,28.6,33.7,12.0,241.0,8.4,0.11,4.8,22.48,45.0,69.0,43.0,80.0,6.43,2.275,26.0,166.0,4.607,145.0,1.26,18.81,78.0,0.61,309.3,88.4,139.0,4.1,102.0,278.0,33.0,1,3,2.0,6.0,5.0,,3.0,1.0,34
52.0,161.0,72.0,29.94,102.2,12.1,34.0,14851.0,22.38,72.14,31.0,121.0,18.3,254.61,8.87,0.2,530.0,4.86,1.29,4.8,31.0,9.6,55.5,3.1,0.9,1.5,0.5,2.7,0.1,0.0,4.78,15.0,44.2,92.3,31.5,34.2,12.2,259.0,8.3,0.33,5.5,41.83,42.0,42.0,43.0,52.0,5.0,2.475,24.0,43.0,5.44,128.0,1.0,15.39,73.0,1.208,404.5,88.4,142.0,4.1,105.0,284.0,31.0,1,3,3.0,1.0,5.0,3.0,2.0,2.0,72
74.0,146.0,82.0,44.43,142.8,,43.4,13437.0,11.46,59.79,19.2,52.0,57.5,288.56,10.0,0.27,992.1,6.23,1.65,10.4,17.9,7.1,72.2,2.3,0.6,1.9,0.7,7.5,0.2,0.1,4.86,14.8,43.4,89.4,30.4,34.1,13.6,276.0,8.6,0.84,5.1,137.8,43.0,26.0,21.0,83.0,7.1,2.3,31.0,16.0,5.551,173.0,0.678,13.7,75.0,1.061,374.7,88.4,144.3,3.46,99.0,290.0,32.0,1,3,3.0,,0.44,,1.0,,54
58.0,122.0,78.0,35.7,109.5,,4.6,11227.0,13.96,60.68,23.0,18.0,32.6,425.83,5.27,0.15,652.3,4.22,1.53,7.7,38.2,7.9,51.8,1.8,0.3,2.9,0.6,4.0,0.1,0.0,4.1,13.3,38.2,92.3,32.3,34.9,12.3,283.0,8.1,0.2,5.6,22.79,43.0,18.0,22.0,86.0,3.9,2.225,26.0,16.0,4.94,229.0,1.066,6.8,71.0,0.632,261.7,53.0,140.1,3.93,107.8,278.0,28.0,2,5,5.0,3.0,2.53,,2.0,1.0,43
64.0,132.0,61.0,25.93,95.6,20.0,0.6,619.0,24.7,79.83,30.9,194.0,36.0,179.33,7.26,0.11,545.9,4.94,2.2,6.1,19.2,7.4,71.1,1.7,0.6,1.2,0.5,4.3,0.1,0.0,4.43,14.6,41.8,94.3,32.8,34.8,12.0,218.0,8.1,0.61,5.2,52.49,37.0,93.0,70.0,57.0,3.21,2.225,24.0,22.0,4.441,142.0,1.26,17.1,68.0,1.106,261.7,44.2,137.0,3.8,102.0,271.0,31.0,2,1,1.0,1.0,3.35,,1.0,,62
,,,,,,,,15.75,65.69,24.0,52.0,53.7,190.4,14.79,0.57,847.1,4.76,0.91,8.3,31.4,9.5,56.7,2.0,0.4,2.6,0.8,4.7,0.2,0.0,5.11,15.4,46.0,89.9,30.2,33.6,12.8,272.0,8.4,0.3,6.2,737.9,42.0,28.0,25.0,45.0,7.85,2.4,22.0,34.0,5.162,118.0,1.23,11.97,76.0,1.49,499.6,114.92,141.0,4.1,105.0,283.0,34.0,1,1,1.0,1.0,1.68,3.0,1.0,,85
62.0,138.0,80.0,25.35,91.3,15.2,3.1,10254.0,27.03,68.56,39.4,169.0,40.8,357.19,6.29,0.1,573.0,5.82,0.78,5.6,27.8,6.1,62.4,3.3,0.4,1.6,0.3,3.5,0.2,0.0,5.4,15.6,46.6,86.2,28.8,33.5,12.3,221.0,9.1,0.06,5.8,36.77,46.0,32.0,24.0,71.0,6.4,2.2,24.0,30.0,5.329,108.0,1.001,6.8,79.0,2.935,309.3,70.7,136.1,3.84,97.9,274.0,33.0,1,2,1.0,3.0,1.2,3.0,3.0,3.0,65
70.0,111.0,87.0,35.93,109.4,30.3,2.9,18564.0,13.07,,,75.0,19.7,211.81,7.0,0.09,,6.08,1.19,5.1,38.8,6.7,51.4,2.8,0.4,2.0,0.3,2.6,0.1,0.0,4.57,13.9,41.2,90.1,30.4,33.8,11.6,374.0,8.6,0.77,5.6,13.6,40.0,12.0,17.0,52.0,4.64,2.275,21.0,34.0,5.995,124.0,1.07,10.26,73.0,2.179,333.1,61.88,139.0,4.0,105.0,279.0,33.0,2,4,4.0,1.0,0.68,,2.0,1.0,38
74.0,147.0,89.0,20.83,91.8,12.4,15.6,9370.0,15.39,68.02,22.6,391.0,21.5,246.49,19.93,0.07,292.2,5.66,2.73,5.6,51.3,8.0,37.8,1.3,1.6,2.9,0.4,2.1,0.1,0.1,4.14,12.2,36.2,87.3,29.5,33.8,13.2,243.0,7.6,0.09,5.4,26.79,47.0,17.0,30.0,78.0,2.5,2.475,23.0,150.0,5.051,167.0,1.001,8.6,82.0,1.4,303.3,53.0,135.6,3.67,96.4,269.0,35.0,2,4,2.0,5.0,2.9,,2.0,2.0,65
,,,,,,,,,,,,,,,,,,,,,,,,,,,,,,,,,,,,,,,,,,,,,,,,,,,,,,,,,,,,,,,2,3,4.0,5.0,5.0,,1.0,,25
98.0,119.0,74.0,33.2,109.1,,1.7,5216.0,9.85,95.59,10.3,23.0,44.4,459.77,4.2,0.11,1001.1,5.72,1.87,9.2,14.0,7.6,76.3,1.3,0.8,1.3,0.7,7.0,0.1,0.1,4.73,12.7,38.1,80.6,26.9,33.3,14.7,281.0,7.9,2.23,5.5,,34.0,8.0,13.0,111.0,2.1,2.1,23.0,10.0,4.885,125.0,1.098,3.4,66.0,2.303,291.5,35.4,136.0,3.97,103.7,269.0,32.0,2,5,4.0,,0.92,,2.0,,32
68.0,123.0,78.0,36.76,124.2,,2.4,10078.0,22.02,70.35,31.3,133.0,19.5,304.79,6.75,0.08,480.2,3.65,0.98,7.1,24.0,6.3,66.1,2.7,0.9,1.7,0.4,4.7,0.2,0.1,5.11,15.2,45.5,89.0,29.9,33.5,12.8,250.0,8.2,1.92,5.8,3.54,42.0,38.0,26.0,83.0,3.6,2.325,22.0,55.0,5.329,116.0,1.195,8.6,76.0,0.914,452.0,53.0,138.4,4.07,102.3,281.0,34.0,1,1,2.0,1.0,1.27,,2.0,2.0,21
80.0,117.0,73.0,,,19.2,13.8,29702.0,,,,,,,,,,,,,,,,,,,,,,,,,,,,,,,,,,,,,,,,,,,,,,,,,,,,,,,,2,4,4.0,5.0,0.26,,1.0,,22
74.0,113.0,59.0,,,13.5,7.1,10696.0,25.06,52.09,48.1,135.0,41.9,359.41,10.17,0.08,303.5,7.78,0.83,5.9,43.4,10.5,43.4,1.8,0.8,2.6,0.6,2.6,0.1,0.0,5.09,16.5,48.7,95.7,32.5,34.0,12.0,344.0,7.8,0.24,5.5,56.94,45.0,18.0,19.0,74.0,4.64,2.3,22.0,94.0,5.829,104.0,1.0,10.26,79.0,2.371,243.9,70.72,140.0,4.4,104.0,280.0,34.0,1,3,2.0,1.0,1.72,,1.0,1.0,74
72.0,174.0,61.0,,78.2,17.0,132.5,10078.0,20.05,56.92,35.2,69.0,77.0,1011.8,10.59,0.3,1236.7,3.9,1.45,9.9,18.5,4.9,75.4,1.1,0.2,1.8,0.5,7.5,0.1,0.0,3.74,12.0,35.5,94.8,31.8,33.7,13.0,225.0,8.6,0.28,5.9,1119.0,40.0,15.0,22.0,66.0,8.21,2.55,24.0,27.0,6.217,134.0,1.26,10.26,76.0,0.937,297.4,88.4,138.0,4.5,100.0,279.0,36.0,2,3,3.0,2.0,1.12,,2.0,1.0,85
78.0,137.0,75.0,29.33,100.9,19.1,50.8,11934.0,24.88,62.11,40.1,291.0,35.3,194.83,6.73,0.15,781.4,6.28,2.04,4.9,21.3,7.7,67.8,3.1,0.3,1.0,0.4,3.3,0.2,0.0,4.07,13.8,39.4,96.8,33.8,35.0,12.7,200.0,8.2,0.17,5.2,82.17,42.0,21.0,23.0,51.0,5.36,2.4,23.0,28.0,5.384,143.0,1.16,13.68,79.0,1.163,285.5,61.88,139.0,4.2,106.0,278.0,37.0,2,3,5.0,1.0,5.0,1.0,3.0,2.0,62
82.0,143.0,93.0,31.84,107.5,22.4,18.5,3359.0,4.65,92.19,5.0,3.0,16.1,549.07,10.47,0.07,473.4,4.78,0.81,6.2,26.2,6.9,64.6,1.6,0.8,1.6,0.4,4.0,0.1,0.0,4.69,12.4,35.7,76.1,26.3,34.6,14.8,300.0,8.0,0.17,5.6,19.47,47.0,31.0,27.0,113.0,2.5,2.2,22.0,31.0,5.329,194.0,1.13,12.0,83.0,2.055,232.0,44.2,141.4,3.57,105.7,280.0,36.0,2,1,1.0,1.0,1.59,,2.0,5.0,45
68.0,107.0,72.0,41.39,112.3,29.0,5.3,12199.0,11.81,57.28,20.6,126.0,63.2,209.59,5.55,0.15,697.6,4.73,1.64,7.3,17.9,6.4,74.2,1.2,0.3,1.3,0.5,5.4,0.1,0.0,4.49,13.3,37.9,84.6,29.7,35.1,13.1,189.0,9.5,0.87,4.4,84.74,41.0,21.0,26.0,62.0,3.9,2.35,20.0,9.0,4.385,197.0,1.066,10.3,69.0,1.208,279.6,53.0,135.4,4.0,101.3,269.0,28.0,2,3,4.0,1.0,1.78,,2.0,,26
70.0,130.0,32.0,38.27,117.1,,5.4,6453.0,17.54,60.14,29.2,496.0,96.5,580.07,5.69,0.13,937.7,5.72,1.1,5.5,27.0,11.4,58.0,2.8,0.8,1.5,0.6,3.2,0.2,0.0,3.99,13.1,36.5,91.7,33.1,36.0,12.0,192.0,9.1,0.27,5.2,37.1,41.0,18.0,17.0,60.0,7.9,2.45,23.0,39.0,4.219,126.0,1.098,6.8,67.0,1.581,220.1,44.2,144.0,4.22,104.7,289.0,26.0,2,3,4.0,,2.56,,3.0,1.0,66
50.0,119.0,56.0,24.98,98.5,6.5,12.8,7602.0,27.03,70.71,38.2,144.0,11.8,247.23,9.51,0.17,455.3,6.49,0.96,6.8,43.7,8.2,44.2,2.8,1.1,3.0,0.6,3.0,0.2,0.1,4.72,16.1,45.7,98.2,34.6,35.2,12.7,338.0,8.4,0.3,5.2,45.75,45.0,42.0,22.0,90.0,4.64,2.4,24.0,133.0,4.163,138.0,1.45,13.68,72.0,1.987,368.8,88.4,139.0,4.3,100.0,276.0,27.0,1,3,4.0,5.0,,1.0,2.0,5.0,25
70.0,101.0,56.0,28.97,88.7,28.1,1.5,2829.0,7.16,77.15,9.3,9.0,35.8,456.82,4.61,0.12,727.1,4.42,1.53,11.8,16.6,5.6,76.3,1.0,0.4,2.0,0.7,9.0,0.1,0.0,4.04,12.9,36.6,90.6,31.8,35.2,12.6,272.0,8.0,0.45,5.1,8.1,43.0,24.0,21.0,146.0,3.6,2.25,20.0,24.0,4.274,147.0,1.227,6.8,74.0,1.061,202.2,26.5,140.5,3.54,101.2,278.0,31.0,2,1,1.0,1.0,0.85,,2.0,1.0,31
80.0,108.0,76.0,26.23,97.2,22.8,4.8,5923.0,,,,,,,,,,,,,,,,,,,,,,,,,,,,,,,,,,,,,,,,,,,,,,,,,,,,,,,,2,5,5.0,1.0,5.0,,2.0,1.0,28
80.0,131.0,84.0,27.91,99.9,15.4,4.8,8486.0,22.38,62.29,35.9,152.0,23.6,375.64,7.89,0.09,462.1,6.83,1.31,7.3,40.4,10.0,45.8,3.4,0.4,2.9,0.7,3.3,0.2,0.0,5.37,16.5,49.2,91.4,30.6,33.5,12.3,181.0,9.3,0.4,5.8,58.66,43.0,21.0,22.0,65.0,5.7,2.475,24.0,42.0,5.607,156.0,1.227,10.3,77.0,1.84,303.3,44.2,137.6,3.98,98.7,276.0,34.0,1,1,1.0,6.0,1.26,3.0,3.0,2.0,59
76.0,118.0,49.0,23.73,100.0,7.2,14.6,7249.0,16.11,65.34,24.7,94.0,15.2,171.22,25.11,0.87,502.8,5.02,1.4,10.4,20.6,8.2,68.6,1.9,0.7,2.1,0.9,7.1,0.2,0.1,5.03,15.0,46.0,91.4,30.0,32.8,14.5,303.0,7.5,4.7,5.5,112.4,40.0,14.0,19.0,80.0,6.43,2.55,22.0,59.0,5.607,174.0,0.94,11.97,74.0,1.682,458.0,106.08,140.0,4.3,107.0,281.0,34.0,1,3,2.0,1.0,0.67,3.0,1.0,,74
,,,,,,,,,,,,,,,,,,,,,,,,,,,,,,,,,,,,,,,,,,,,,,,,,,,,,,,,,,,,,,,2,3,3.0,1.0,1.36,3.0,1.0,,81
78.0,124.0,75.0,28.45,101.5,32.0,10.0,15116.0,5.73,80.37,7.1,71.0,26.3,230.26,8.49,0.15,536.8,6.72,1.41,6.9,30.0,10.9,56.1,2.1,0.9,2.1,0.8,3.9,0.1,0.1,4.36,13.1,37.8,86.8,30.2,34.8,12.3,321.0,8.0,1.64,5.1,,43.0,13.0,19.0,72.0,3.9,2.275,24.0,11.0,4.108,212.0,1.033,6.8,77.0,1.185,303.3,70.7,139.1,3.93,102.7,276.0,34.0,2,5,3.0,1.0,4.24,,1.0,1.0,51
84.0,116.0,76.0,38.77,126.4,12.2,5.4,15647.0,16.11,62.29,25.9,324.0,25.6,335.79,5.33,0.08,1877.7,4.53,0.86,7.9,34.1,9.0,54.2,2.2,0.6,2.7,0.7,4.3,0.2,0.0,5.2,14.9,43.8,84.1,28.6,34.0,13.1,195.0,10.0,0.3,8.4,12.51,45.0,40.0,20.0,90.0,7.5,2.3,23.0,23.0,8.882,121.0,0.936,10.3,72.0,2.631,249.8,53.0,139.4,3.79,102.4,285.0,27.0,1,3,4.0,1.0,5.0,,2.0,,45
86.0,134.0,78.0,29.99,100.4,13.7,4.2,25901.0,11.81,63.72,18.5,244.0,22.2,485.6,25.41,0.1,498.3,4.06,1.84,8.0,31.5,6.8,58.9,2.2,0.7,2.5,0.5,4.7,0.2,0.1,4.89,14.2,42.4,86.8,29.0,33.5,13.9,257.0,9.1,0.08,5.4,6.67,42.0,32.0,56.0,57.0,5.71,2.35,23.0,59.0,4.052,149.0,1.07,13.68,82.0,1.637,333.1,114.92,136.0,3.7,99.0,272.0,40.0,1,4,2.0,4.0,1.12,,2.0,6.0,43
44.0,168.0,72.0,34.5,119.7,16.4,4.4,4420.0,19.69,61.22,32.2,601.0,21.5,211.81,10.62,0.14,439.4,6.52,1.19,5.1,33.9,9.0,51.9,4.8,0.4,1.7,0.5,2.6,0.2,0.0,4.51,14.7,42.6,94.4,32.5,34.4,12.5,219.0,8.4,0.26,4.8,186.3,44.0,20.0,21.0,63.0,5.0,2.4,23.0,84.0,4.663,125.0,1.07,20.52,72.0,2.066,594.8,114.92,140.0,3.8,105.0,279.0,28.0,1,3,3.0,2.0,2.2,3.0,2.0,4.0,67
52.0,153.0,74.0,25.11,94.7,14.2,0.3,17945.0,13.25,48.15,27.5,347.0,60.7,267.16,8.76,0.12,969.4,4.14,1.5,6.3,25.2,10.5,59.4,4.3,0.6,1.6,0.7,3.7,0.3,0.0,4.68,14.9,44.3,94.7,31.3,33.1,12.3,137.0,8.1,0.03,5.0,67.56,44.0,33.0,28.0,67.0,7.14,2.325,27.0,91.0,4.552,105.0,0.94,11.97,71.0,0.903,410.4,97.24,137.0,4.0,99.0,276.0,27.0,1,3,2.0,1.0,3.27,,2.0,1.0,57
64.0,117.0,73.0,36.82,109.0,,1.6,7956.0,18.08,68.2,26.5,17.0,47.3,533.57,6.13,0.07,654.6,,,7.3,35.8,10.5,52.0,1.1,0.6,2.6,0.8,3.8,0.1,0.0,4.4,12.5,37.3,84.6,28.3,33.4,13.8,269.0,8.4,0.54,5.9,,44.0,23.0,25.0,63.0,5.0,2.5,21.0,35.0,5.107,229.0,1.259,8.6,84.0,0.982,321.2,61.9,138.5,4.17,101.6,277.0,40.0,2,4,5.0,1.0,1.78,,2.0,3.0,45
68.0,144.0,65.0,27.15,98.2,16.8,18.6,10962.0,9.67,59.43,16.3,168.0,19.7,642.8,6.18,0.1,539.1,5.59,1.7,5.9,32.7,9.5,52.6,4.4,0.8,1.9,0.6,3.1,0.3,0.0,4.23,13.4,40.3,95.3,31.8,33.3,13.7,231.0,8.8,0.39,5.6,,45.0,28.0,27.0,113.0,2.5,2.25,28.0,22.0,5.94,157.0,1.033,8.6,79.0,1.005,166.5,35.4,139.2,3.76,99.3,276.0,34.0,2,1,1.0,2.0,,,1.0,,78
84.0,102.0,69.0,30.3,104.0,,7.2,21128.0,7.52,53.52,14.0,11.0,33.1,721.76,4.98,0.09,847.1,,,7.6,26.2,4.9,65.7,1.7,1.6,2.0,0.4,5.0,0.1,0.1,4.48,13.5,40.0,89.3,30.0,33.6,12.5,307.0,9.6,0.24,5.1,,,,,,,,,,,,,,,,,,,,,,,2,3,4.0,1.0,3.18,3.0,2.0,,47
68.0,122.0,75.0,21.92,85.1,6.4,6.6,11138.0,16.47,63.37,26.0,70.0,22.2,283.39,10.95,0.1,387.3,5.09,1.16,7.8,15.9,6.4,77.1,0.6,0.1,1.2,0.5,6.0,0.0,0.0,4.73,14.7,44.3,93.7,31.1,33.2,12.9,227.0,7.8,0.03,5.4,29.36,42.0,19.0,21.0,49.0,5.36,2.325,24.0,12.0,4.496,135.0,1.1,11.97,72.0,1.581,309.3,79.56,140.0,3.6,101.0,280.0,30.0,1,2,2.0,4.0,2.45,,2.0,,57
56.0,138.0,82.0,42.92,126.3,30.4,236.0,13437.0,6.27,62.65,10.0,103.0,17.0,229.52,11.6,0.18,559.5,5.53,1.92,5.5,28.4,10.2,60.3,0.9,0.2,1.6,0.6,3.3,0.0,0.0,4.79,13.2,41.8,87.3,27.7,31.7,17.4,168.0,9.7,3.6,5.7,1819.0,38.0,20.0,23.0,113.0,5.4,2.3,25.0,69.0,5.329,183.0,1.033,8.6,83.0,0.96,559.1,70.7,137.8,3.77,99.4,276.0,45.0,2,4,2.0,1.0,,,2.0,,64
70.0,138.0,58.0,25.65,99.2,10.2,18.8,8310.0,15.93,67.3,23.7,89.0,44.8,588.92,9.25,0.11,1531.1,5.72,0.96,6.1,30.1,7.3,56.8,4.4,1.4,1.8,0.4,3.5,0.3,0.1,5.01,14.5,43.6,87.1,29.0,33.3,12.5,281.0,7.6,0.36,12.9,82.3,43.0,20.0,17.0,106.0,7.5,2.475,26.0,27.0,17.486,116.0,1.23,13.68,77.0,1.513,220.1,88.4,135.0,5.3,98.0,285.0,34.0,1,1,1.0,1.0,2.26,3.0,2.0,,80
60.0,130.0,72.0,34.78,102.1,29.5,1.2,13702.0,,,,,,,,,,,,,,,,,,,,,,,,,,,,,,,,,,,,,,,,,,,,,,,,,,,,,,,,2,5,1.0,1.0,0.48,,1.0,,51
70.0,105.0,69.0,33.06,93.8,26.0,26.7,18122.0,17.36,66.41,26.1,53.0,78.8,927.67,5.32,0.11,788.2,5.09,1.63,6.6,38.5,5.6,53.0,2.4,0.6,2.5,0.4,3.5,0.2,0.0,4.97,14.1,41.6,83.6,28.3,33.8,16.1,265.0,8.8,0.56,5.2,12.56,43.0,34.0,34.0,93.0,6.07,2.425,20.0,25.0,4.441,130.0,1.26,11.97,78.0,0.587,303.3,70.72,139.0,3.9,103.0,278.0,35.0,2,2,4.0,1.0,1.21,,2.0,,25
,,,,,,,,,,,,,,,,,,,,,,,,,,,,,,,,,,,,,,,,,,,,,,,,,,,,,,,,,,,,,,,2,4,2.0,2.0,2.26,,2.0,,85
104.0,130.0,78.0,,,,17.1,20067.0,,,,,,,,,,,,,,,,,,,,,,,,,,,,,,,,,,,,,,,,,,,,,,,,,,,,,,,,1,4,3.0,5.0,3.95,,2.0,,38
84.0,124.0,87.0,35.72,118.3,27.2,76.4,21216.0,11.1,63.37,17.5,402.0,22.2,437.63,6.73,0.11,443.9,7.27,0.97,6.8,25.9,9.5,61.1,3.0,0.6,1.8,0.6,4.2,0.2,0.0,5.41,15.5,46.8,86.4,28.7,33.2,12.4,203.0,7.8,0.32,9.0,8.63,47.0,32.0,28.0,77.0,4.3,2.475,20.0,26.0,8.715,163.0,1.13,10.3,83.0,3.037,505.6,70.7,132.1,4.1,97.8,268.0,36.0,1,4,2.0,6.0,0.7,,3.0,1.0,28
102.0,115.0,75.0,39.27,122.4,,5.6,6453.0,13.78,49.4,27.9,239.0,15.4,607.37,6.51,0.08,430.4,4.6,0.82,7.1,33.6,8.4,54.5,3.1,0.5,2.4,0.6,3.9,0.2,0.0,4.73,15.4,45.5,96.1,32.6,33.9,11.5,297.0,6.6,0.84,10.5,,41.0,26.0,29.0,119.0,3.2,2.35,24.0,27.0,13.822,155.0,1.13,6.8,73.0,5.069,273.6,53.0,138.6,4.24,99.4,284.0,32.0,2,1,1.0,1.0,,,2.0,,62
,,,,,,,,,,,,,,,,,,,,,,,,,,,,,,,,,,,,,,,,,,,,,,,,,,,,,,,,,,,,,,,1,4,1.0,2.0,1.03,2.0,1.0,,74
78.0,101.0,67.0,21.05,70.7,12.5,10.5,9547.0,17.01,56.92,29.9,178.0,25.4,290.03,7.73,0.08,602.5,5.95,1.76,10.9,23.4,5.9,68.9,1.2,0.6,2.6,0.6,7.5,0.1,0.1,4.93,15.9,47.5,96.4,32.4,33.6,12.0,335.0,7.8,0.05,4.9,17.28,43.0,22.0,17.0,61.0,4.28,2.3,25.0,16.0,4.885,117.0,1.49,10.26,71.0,1.129,202.2,53.04,142.0,4.2,104.0,281.0,28.0,2,5,4.0,2.0,3.42,,3.0,1.0,39
88.0,111.0,80.0,29.36,89.5,38.2,2.9,17592.0,9.67,57.64,16.8,30.0,33.1,348.34,6.55,0.12,568.5,4.71,1.18,8.5,28.0,9.7,57.4,4.2,0.8,2.4,0.8,4.9,0.4,0.1,4.6,14.0,42.2,91.6,30.5,33.3,12.1,314.0,8.5,0.21,4.9,15.74,45.0,22.0,30.0,85.0,6.1,2.225,23.0,13.0,4.94,187.0,1.485,5.1,76.0,1.614,339.0,79.6,140.2,3.74,101.5,281.0,31.0,2,2,4.0,4.0,0.86,1.0,1.0,2.0,32
58.0,149.0,88.0,,82.8,10.2,3.6,3094.0,24.34,60.32,40.4,319.0,33.7,332.1,6.98,0.25,921.9,5.51,2.84,5.9,18.2,7.5,71.6,1.5,1.3,1.1,0.4,4.2,0.1,0.1,4.43,14.4,42.2,95.3,32.6,34.2,13.7,155.0,8.0,0.61,5.5,1193.0,42.0,15.0,27.0,45.0,3.93,2.25,27.0,15.0,4.94,117.0,1.29,13.68,77.0,1.05,267.7,61.88,128.0,3.6,89.0,256.0,35.0,2,3,4.0,2.0,2.68,,1.0,3.0,63
78.0,116.0,74.0,22.36,82.0,20.2,11.9,9017.0,22.2,82.88,26.8,670.0,23.3,591.14,7.55,0.23,457.5,5.74,1.34,4.9,33.6,8.0,56.7,1.3,0.4,1.6,0.4,2.8,0.1,0.0,3.91,12.9,38.3,98.1,32.9,33.7,12.2,230.0,8.3,0.02,5.5,114.8,44.0,29.0,32.0,68.0,3.57,2.275,24.0,57.0,5.273,228.0,1.52,10.26,73.0,3.342,291.5,70.72,136.0,4.2,99.0,270.0,29.0,2,2,5.0,1.0,1.29,,1.0,3.0,65
72.0,114.0,80.0,45.39,142.2,38.0,23.7,20509.0,9.49,88.61,10.7,6.0,23.6,310.7,8.47,0.07,566.3,4.97,1.09,8.9,24.4,4.4,65.6,5.1,0.6,2.2,0.4,5.8,0.5,0.1,5.4,13.6,39.8,73.7,25.1,34.0,15.9,279.0,7.9,0.69,5.2,56.85,41.0,36.0,25.0,66.0,4.28,2.175,21.0,30.0,4.385,104.0,1.39,10.26,69.0,1.795,160.6,61.88,135.0,4.0,102.0,270.0,28.0,2,5,3.0,5.0,0.41,1.0,2.0,,23
68.0,128.0,77.0,36.97,105.3,41.0,9.7,5834.0,9.67,75.18,12.9,35.0,43.5,333.58,4.32,0.11,539.1,7.5,1.32,11.1,28.6,6.4,63.4,1.1,0.5,3.2,0.7,7.0,0.1,0.1,4.85,14.8,42.5,87.7,30.5,34.8,12.0,452.0,8.5,0.52,5.1,52.08,43.0,35.0,21.0,74.0,2.86,2.425,21.0,30.0,4.33,121.0,1.39,6.84,73.0,2.766,243.9,53.04,135.0,3.9,105.0,267.0,30.0,2,3,3.0,1.0,1.9,,3.0,3.0,30
72.0,107.0,53.0,34.56,111.0,,6.3,5658.0,12.35,77.15,16.0,63.0,36.2,194.09,3.86,0.06,1062.3,3.9,1.68,8.3,26.5,4.1,64.3,4.3,0.8,2.2,0.3,5.3,0.4,0.1,4.02,12.4,36.3,90.3,30.9,34.2,13.1,288.0,7.4,1.8,5.0,30.37,37.0,18.0,14.0,63.0,2.5,2.225,19.0,10.0,5.773,128.0,1.03,10.26,67.0,1.614,237.9,44.2,131.0,3.7,102.0,261.0,30.0,2,3,5.0,1.0,3.21,,2.0,1.0,29
52.0,115.0,49.0,23.23,79.2,8.2,23.4,6542.0,16.47,51.02,32.3,147.0,75.4,937.26,6.48,0.14,1157.4,4.34,1.19,5.6,31.4,13.5,47.1,6.9,1.2,1.8,0.8,2.6,0.4,0.1,4.32,13.9,41.4,95.6,32.2,33.6,11.2,231.0,8.1,0.31,5.8,284.7,40.0,23.0,25.0,148.0,5.4,2.4,28.0,16.0,5.273,150.0,1.227,13.7,70.0,1.152,261.7,53.0,139.2,3.62,95.9,279.0,30.0,2,3,4.0,2.0,5.0,,1.0,1.0,85
58.0,154.0,55.0,39.66,118.5,26.4,230.0,10696.0,18.97,67.84,28.0,53.0,23.6,209.59,39.39,2.5,387.3,6.13,1.66,6.0,19.0,5.0,73.6,2.2,0.2,1.1,0.3,4.4,0.1,0.0,3.91,11.9,36.0,91.9,30.4,33.0,12.6,214.0,8.8,1.33,6.5,308.9,43.0,17.0,27.0,124.0,16.8,2.275,18.0,79.0,7.272,196.0,1.098,5.1,73.0,1.332,648.3,150.3,138.3,5.2,106.4,290.0,30.0,2,4,2.0,2.0,0.72,,1.0,,79
58.0,102.0,64.0,20.55,73.2,15.8,5.1,10696.0,16.29,58.0,28.1,12.0,15.6,144.65,10.87,0.17,396.4,4.68,1.9,6.4,25.9,8.6,63.6,1.6,0.3,1.7,0.6,4.1,0.1,0.0,4.72,15.0,44.4,93.9,31.9,34.0,12.1,403.0,8.4,0.04,5.0,43.87,43.0,47.0,34.0,77.0,3.9,2.4,24.0,32.0,5.329,116.0,1.001,18.8,71.0,0.576,267.7,61.9,137.6,3.94,100.9,274.0,28.0,2,3,5.0,5.0,5.0,,1.0,1.0,30
,,,,,,,,,,,,,,,,,,,,,,,,,,,,,,,,,,,,,,,,,,,,,,,,,,,,,,,,,,,,,,,2,3,2.0,,,,2.0,,85
68.0,136.0,64.0,43.34,132.4,17.6,3.5,11050.0,17.54,60.68,28.9,462.0,55.7,474.53,9.07,0.14,894.7,5.3,1.7,7.2,24.2,8.8,63.4,3.0,0.7,1.7,0.6,4.6,0.2,0.1,4.74,15.9,46.2,95.7,33.0,34.5,12.4,169.0,8.0,0.33,6.6,62.67,45.0,35.0,28.0,84.0,6.8,2.35,23.0,33.0,5.718,157.0,1.001,12.0,75.0,0.452,386.6,61.9,139.6,4.86,106.7,281.0,30.0,1,3,3.0,1.0,,3.0,2.0,,65
64.0,159.0,88.0,,,,11.7,3094.0,,,,,,,,,,,,,,,,,,,,,,,,,,,,,,,,,,,,,,,,,,,,,,,,,,,,,,,,1,5,1.0,1.0,0.7,1.0,2.0,3.0,47
70.0,106.0,67.0,35.94,131.4,31.0,11.5,6011.0,11.1,76.43,14.5,203.0,27.6,406.64,8.48,0.13,505.1,6.49,0.91,6.4,21.3,9.5,65.7,2.4,1.2,1.4,0.6,4.2,0.2,0.1,4.78,14.5,42.2,88.3,30.3,34.2,12.3,164.0,8.7,0.39,8.9,48.0,44.0,22.0,19.0,64.0,8.2,2.4,23.0,32.0,7.549,167.0,1.13,8.6,74.0,4.076,279.6,70.7,134.3,3.97,97.0,275.0,30.0,1,3,1.0,1.0,4.09,3.0,1.0,1.0,66
74.0,107.0,77.0,28.71,89.5,29.5,12.5,12199.0,8.41,75.0,11.2,27.0,8.8,329.89,9.62,0.09,432.6,5.33,1.17,7.1,26.0,8.6,63.0,1.3,1.0,1.8,0.6,4.5,0.1,0.1,4.44,12.7,36.7,82.7,28.6,34.6,13.4,177.0,11.1,0.29,5.1,,46.0,51.0,31.0,128.0,3.9,2.35,21.0,38.0,4.718,130.0,1.227,6.8,79.0,2.1,327.1,44.2,137.3,3.74,102.2,273.0,33.0,2,2,3.0,1.0,1.25,,3.0,,35
60.0,131.0,86.0,34.02,106.6,30.4,10.6,18829.0,23.81,56.56,42.1,581.0,17.4,450.18,5.79,0.07,448.5,4.71,0.83,5.4,33.6,8.8,56.6,0.8,0.3,1.8,0.5,3.1,0.0,0.0,4.06,14.1,39.9,98.4,34.7,35.3,12.9,158.0,9.6,0.67,4.6,87.33,47.0,24.0,23.0,58.0,3.9,2.275,26.0,29.0,5.44,142.0,0.969,15.4,68.0,1.321,398.5,70.7,138.3,3.94,100.5,276.0,21.0,1,4,2.0,,4.55,1.0,2.0,3.0,52
48.0,,,24.45,98.4,13.4,3.9,3978.0,25.06,58.35,42.9,237.0,91.5,349.07,6.15,0.09,976.2,,,5.8,20.8,9.8,63.9,4.7,0.8,1.2,0.6,3.7,0.3,0.0,4.18,13.5,40.4,96.6,32.2,33.3,12.5,328.0,8.8,0.55,5.4,,,,,,,,,,,,,,,,,,,,,,,2,3,3.0,1.0,1.81,,2.0,1.0,81
70.0,143.0,78.0,30.51,102.4,22.0,29.2,18122.0,27.57,82.52,33.4,281.0,20.6,239.11,13.98,0.17,647.8,4.19,1.03,7.6,44.3,10.8,42.8,1.8,0.4,3.4,0.8,3.3,0.1,0.0,4.97,16.5,47.6,95.6,33.2,34.8,12.3,240.0,7.9,0.09,6.0,9.75,47.0,68.0,41.0,49.0,5.71,2.425,21.0,65.0,6.106,128.0,1.03,11.97,80.0,1.502,386.6,88.4,137.0,4.2,102.0,276.0,33.0,1,3,3.0,1.0,5.0,1.0,2.0,4.0,47
72.0,133.0,93.0,39.65,123.6,33.0,16.5,30056.0,11.28,81.45,13.8,147.0,24.5,390.4,7.06,0.14,473.4,5.2,1.16,8.1,24.9,8.6,64.8,1.4,0.3,2.0,0.7,5.2,0.1,0.0,5.7,15.5,46.7,82.0,27.2,33.2,12.7,218.0,9.4,0.65,5.8,5.26,47.0,23.0,22.0,51.0,2.5,2.5,26.0,26.0,5.551,131.0,1.1,13.68,82.0,0.734,422.3,79.56,139.0,4.0,103.0,276.0,35.0,1,4,4.0,5.0,1.68,,2.0,6.0,27
90.0,111.0,69.0,36.27,102.5,43.6,11.9,14586.0,7.52,82.52,9.1,26.0,27.4,183.02,5.14,0.11,677.2,6.1,1.22,12.1,15.1,4.3,79.4,0.8,0.5,1.8,0.5,9.6,0.1,0.1,4.49,13.2,37.9,84.4,29.3,34.7,12.9,283.0,8.1,0.44,6.1,24.76,44.0,14.0,12.0,92.0,3.2,2.375,22.0,26.0,4.552,159.0,1.098,5.1,75.0,1.174,309.3,35.4,137.6,3.81,100.9,273.0,31.0,2,3,4.0,1.0,4.11,,1.0,1.0,35
52.0,121.0,82.0,23.93,87.0,12.8,2.5,2387.0,15.22,58.35,26.1,26.0,23.3,485.6,9.43,0.07,539.1,5.3,1.4,4.1,31.6,10.5,52.8,4.4,0.6,1.3,0.4,2.2,0.2,0.0,3.77,12.4,36.1,95.9,32.8,34.3,12.4,227.0,6.5,0.01,5.6,31.06,43.0,19.0,28.0,39.0,3.57,2.225,25.0,13.0,4.885,129.0,1.0,10.26,66.0,0.824,309.3,79.56,133.0,4.2,96.0,264.0,23.0,1,3,5.0,5.0,5.0,3.0,2.0,,54
62.0,101.0,57.0,23.72,87.1,14.4,11.0,12199.0,11.99,55.13,21.8,63.0,34.0,387.45,5.47,0.17,536.8,3.75,1.31,6.9,43.0,6.2,48.0,1.6,1.3,3.0,0.4,3.3,0.1,0.1,4.44,14.3,42.8,96.2,32.2,33.5,13.1,209.0,10.6,0.04,5.3,24.27,47.0,17.0,17.0,99.0,2.1,2.45,19.0,10.0,4.496,151.0,1.259,10.3,78.0,0.677,261.7,44.2,139.9,3.82,102.4,276.0,31.0,2,1,3.0,6.0,0.71,,2.0,,20
82.0,104.0,67.0,24.04,87.0,12.4,11.6,11138.0,19.69,65.87,29.9,81.0,16.1,300.37,8.77,0.14,482.4,4.68,0.83,6.9,24.2,10.0,59.4,5.4,0.9,1.7,0.7,4.1,0.4,0.1,5.02,15.6,45.8,91.2,31.0,33.9,12.0,218.0,7.4,0.34,5.0,19.36,42.0,38.0,26.0,63.0,6.07,2.275,23.0,54.0,5.051,107.0,1.13,10.26,75.0,1.897,243.9,61.88,139.0,4.1,104.0,279.0,33.0,1,1,1.0,1.0,0.46,,2.0,,32
76.0,104.0,44.0,21.11,79.2,11.8,5.6,13260.0,25.24,72.67,34.7,44.0,13.1,301.84,13.27,0.09,516.4,3.78,1.19,9.7,27.0,5.5,53.3,14.2,0.2,2.6,0.5,5.2,1.4,0.0,5.18,15.5,44.9,86.7,29.9,34.5,11.9,313.0,7.9,0.05,5.2,,47.0,16.0,20.0,107.0,3.93,2.325,24.0,18.0,4.996,147.0,1.07,17.1,77.0,0.914,345.0,70.72,135.0,3.6,98.0,269.0,30.0,1,1,1.0,5.0,0.55,,3.0,6.0,21
,,,,,,,,,,,,,,,,,,,,,,,,,,,,,,,,,,,,,,,,,,,,,,,,,,,,,,,,,,,,,,,1,3,5.0,1.0,5.0,3.0,7.0,,61
,,,,,,,,,,,,,,,,,,,,,,,,,,,,,,,,,,,,,,,,,,,,,,,,,,,,,,,,,,,,,,,1,3,5.0,1.0,5.0,,2.0,,35
70.0,137.0,83.0,49.59,134.8,,24.6,23072.0,11.46,49.23,23.3,76.0,46.7,504.79,7.35,0.12,980.7,4.89,0.93,5.4,28.7,11.4,56.6,2.3,1.1,1.5,0.6,3.1,0.1,0.1,4.94,15.0,44.1,89.2,30.4,34.1,13.1,226.0,7.4,0.63,6.4,32.86,39.0,38.0,21.0,21.0,6.07,2.225,24.0,15.0,7.272,12.18,1.03,11.97,68.0,1.242,458.0,61.88,137.0,3.2,98.0,277.0,29.0,2,3,5.0,3.0,1.55,,1.0,,59
98.0,118.0,92.0,27.53,100.2,25.0,1.6,1238.0,19.15,75.0,25.5,78.0,14.0,333.58,7.33,0.16,491.5,8.15,1.11,8.0,45.1,6.9,45.6,1.5,0.9,3.6,0.6,3.6,0.1,0.1,5.32,14.3,42.9,80.7,26.8,33.2,12.9,280.0,7.9,0.62,14.3,29.28,42.0,28.0,16.0,179.0,6.1,2.375,21.0,43.0,24.313,134.0,1.033,8.6,79.0,6.672,208.2,44.2,132.2,4.23,94.9,285.0,37.0,2,3,4.0,1.0,1.14,,2.0,2.0,39
,,,,,,,,,,,,,,,,,,,,,,,,,,,,,,,,,,,,,,,,,,,,,,,,,,,,,,,,,,,,,,,2,3,5.0,1.0,,,1.0,,85
48.0,181.0,64.0,35.1,113.6,16.2,27.6,8486.0,21.48,63.55,33.8,39.0,25.8,385.97,10.22,0.12,1082.7,4.86,1.54,7.7,27.1,6.4,63.1,2.9,0.4,2.1,0.5,4.9,0.2,0.0,4.22,14.2,41.4,98.2,33.7,34.3,13.2,191.0,8.0,0.23,5.2,888.6,42.0,15.0,21.0,61.0,4.6,2.375,24.0,14.0,5.051,164.0,1.033,18.8,76.0,0.994,368.8,88.4,136.8,4.46,98.5,273.0,34.0,1,3,2.0,1.0,2.49,,2.0,2.0,75
68.0,116.0,71.0,27.75,89.5,29.0,29.1,9017.0,12.71,65.51,19.4,96.0,31.3,549.81,6.1,0.14,541.3,4.76,1.27,7.8,31.5,9.1,57.0,2.3,0.1,2.5,0.7,4.4,0.2,0.0,4.49,14.4,41.8,93.0,31.9,34.3,12.9,287.0,9.3,0.19,4.8,60.33,43.0,15.0,19.0,54.0,2.5,2.275,23.0,11.0,5.051,127.0,1.0,18.81,72.0,1.547,208.2,44.2,141.0,3.6,104.0,279.0,29.0,2,2,1.0,1.0,1.01,,1.0,1.0,47
72.0,174.0,103.0,49.73,126.8,27.0,19.3,11846.0,10.56,63.9,16.5,81.0,15.4,557.19,8.09,0.04,376.0,4.84,1.53,6.8,36.2,9.1,51.4,2.0,1.3,2.5,0.6,3.5,0.1,0.1,4.61,13.3,41.4,89.9,29.2,32.4,11.9,368.0,9.4,1.26,5.6,43.03,36.0,11.0,15.0,71.0,4.28,2.3,22.0,15.0,5.329,166.0,1.07,8.55,74.0,1.276,297.4,61.88,139.0,4.1,106.0,277.0,38.0,2,4,5.0,1.0,2.26,,1.0,,45
60.0,134.0,60.0,23.79,93.0,20.8,2.6,5569.0,21.66,74.64,29.0,98.0,44.6,535.05,7.34,0.1,659.1,5.59,1.24,6.8,40.8,10.0,48.0,0.8,0.5,2.8,0.7,3.3,0.1,0.0,4.13,12.9,37.4,90.6,31.3,34.6,12.2,242.0,7.5,0.14,5.4,72.64,46.0,21.0,28.0,108.0,5.0,2.45,25.0,37.0,5.218,162.0,1.26,13.68,75.0,2.111,261.7,70.72,139.0,3.8,104.0,278.0,29.0,2,1,1.0,1.0,1.01,,2.0,1.0,66
70.0,119.0,82.0,22.32,80.6,7.0,2.9,13083.0,22.02,48.51,45.4,220.0,15.9,168.26,13.98,0.18,464.3,3.93,1.8,8.2,33.2,6.6,57.4,2.3,0.5,2.7,0.5,4.7,0.2,0.0,6.04,13.9,44.2,73.1,23.1,31.6,13.5,191.0,8.9,0.14,5.0,,45.0,21.0,21.0,40.0,7.5,2.225,28.0,31.0,5.273,120.0,0.969,8.6,73.0,0.542,410.4,79.6,139.6,4.55,103.3,281.0,28.0,1,4,3.0,,5.0,1.0,4.0,,35
56.0,106.0,53.0,30.87,106.4,17.8,11.6,28995.0,7.88,63.9,12.3,56.0,27.0,316.6,7.95,0.12,679.5,4.11,1.01,7.2,28.2,10.2,59.9,1.2,0.5,2.0,0.7,4.3,0.1,0.0,5.1,15.4,44.7,87.7,30.3,34.5,12.0,262.0,7.0,0.25,5.4,94.2,43.0,25.0,23.0,69.0,5.0,2.3,23.0,23.0,5.329,113.0,1.36,10.26,73.0,1.197,362.8,97.24,139.0,4.0,107.0,278.0,30.0,1,3,5.0,5.0,3.92,3.0,1.0,,33
102.0,125.0,86.0,29.74,96.5,16.0,6.5,13879.0,4.65,56.21,8.3,172.0,25.6,257.56,7.81,0.13,455.3,5.69,1.03,7.5,25.8,6.7,66.8,0.6,0.1,1.9,0.5,5.0,0.0,0.0,4.96,14.4,43.8,88.2,28.8,32.7,12.4,232.0,8.2,0.68,5.6,13.78,43.0,30.0,21.0,74.0,4.28,2.275,24.0,32.0,5.051,89.0,1.07,11.97,83.0,1.592,327.1,79.56,138.0,3.8,100.0,275.0,40.0,1,1,1.0,1.0,2.32,,2.0,,44
64.0,143.0,0.0,25.98,95.1,9.3,10.2,12288.0,17.72,50.12,35.4,148.0,44.6,276.01,11.09,0.16,935.4,5.72,1.06,8.5,40.1,10.2,46.8,2.1,0.8,3.4,0.9,4.0,0.2,0.1,4.56,14.9,44.8,98.2,32.7,33.3,13.1,320.0,7.9,0.42,5.4,239.4,43.0,20.0,27.0,105.0,7.1,2.225,22.0,27.0,5.162,179.0,1.066,12.0,71.0,1.795,422.3,79.6,138.6,4.54,103.6,279.0,28.0,1,1,5.0,2.0,0.84,1.0,2.0,2.0,80
86.0,196.0,85.0,27.28,,26.2,2.2,4155.0,10.56,84.49,12.5,91.0,61.4,349.07,8.58,0.13,466.6,4.71,1.5,11.4,32.1,7.0,59.3,1.3,0.2,3.7,0.8,6.8,0.1,0.0,4.4,13.9,40.3,91.6,31.5,34.3,12.9,375.0,6.9,1.65,5.1,190.3,41.0,46.0,27.0,27.0,5.36,2.6,25.0,115.0,4.774,10.75,1.39,17.1,70.0,1.66,410.4,79.56,137.0,5.1,102.0,274.0,29.0,2,3,3.0,1.0,5.0,3.0,2.0,2.0,62
54.0,166.0,71.0,26.31,91.2,8.4,24.0,7956.0,20.59,58.0,35.5,60.0,18.3,340.96,11.53,0.35,697.6,5.64,1.61,4.1,23.4,10.4,57.5,7.7,1.0,1.0,0.4,2.4,0.3,0.0,4.04,13.4,38.4,95.1,33.1,34.8,13.3,197.0,8.2,0.19,5.5,96.4,44.0,18.0,22.0,74.0,7.5,2.15,26.0,17.0,5.662,192.0,0.969,6.8,71.0,1.095,273.6,61.9,139.6,4.64,106.3,282.0,27.0,1,1,1.0,1.0,2.4,,2.0,2.0,62
72.0,157.0,69.0,24.01,98.6,7.8,338.5,10696.0,12.17,77.51,15.7,74.0,21.7,206.64,12.29,0.33,534.5,5.04,1.31,8.5,19.5,16.4,56.8,6.9,0.4,1.7,1.4,4.8,0.6,0.0,5.22,15.2,47.2,90.4,29.2,32.3,13.9,203.0,7.8,0.45,5.5,415.0,43.0,12.0,25.0,98.0,6.8,2.275,26.0,15.0,4.774,215.0,1.066,8.6,78.0,0.971,398.5,97.2,138.8,4.02,97.2,279.0,35.0,1,3,2.0,1.0,3.11,3.0,1.0,1.0,85
68.0,101.0,79.0,32.92,113.3,,0.4,1149.0,6.44,75.9,8.5,3.0,20.6,343.17,6.54,0.09,598.0,5.61,1.39,4.7,40.9,10.7,44.7,2.2,1.7,1.9,0.5,2.1,0.1,0.1,4.26,11.6,35.3,82.9,27.3,33.0,15.6,479.0,7.9,0.16,5.5,16.38,43.0,14.0,21.0,79.0,2.9,2.4,21.0,18.0,4.774,175.0,1.227,6.8,78.0,1.648,345.0,53.0,146.9,4.08,108.9,290.0,35.0,2,2,2.0,4.0,0.7,,1.0,,50
96.0,135.0,76.0,,,13.4,,,,,,,,,,,,,,,,,,,,,,,,,,,,,,,,,,,,,,,,,,,,,,,,,,,,,,,,,,2,1,5.0,1.0,0.04,,1.0,,61
,,,,,,,,,,,,,,,,,,,,,,,,,,,,,,,,,,,,,,,,,,,,,,,,,,,,,,,,,,,,,,,2,4,5.0,3.0,0.71,,2.0,,64
70.0,118.0,79.0,27.83,98.4,13.8,1.2,3978.0,20.05,65.69,30.5,227.0,25.8,332.1,6.85,0.22,779.2,6.98,0.98,4.1,36.9,10.1,49.3,3.4,0.4,1.5,0.4,2.0,0.1,0.0,4.63,14.6,43.5,93.9,31.5,33.5,11.7,321.0,6.2,0.07,5.1,,48.0,27.0,22.0,89.0,3.9,2.25,30.0,32.0,4.996,148.0,0.969,12.0,79.0,1.931,398.5,79.6,138.3,3.73,98.5,275.0,31.0,1,1,3.0,1.0,,2.0,1.0,3.0,44
84.0,105.0,49.0,33.45,111.9,32.2,78.7,15028.0,12.35,70.35,17.6,14.0,41.9,172.69,3.75,0.05,654.6,4.53,1.22,13.2,15.5,6.9,76.2,1.0,0.4,2.0,0.9,10.1,0.1,0.1,4.07,11.2,33.8,82.9,27.5,33.2,15.4,255.0,9.4,1.76,6.6,13.51,40.0,7.0,8.0,53.0,3.21,2.45,20.0,20.0,5.329,98.0,1.61,8.55,72.0,3.252,214.1,44.2,139.0,3.8,105.0,275.0,32.0,2,5,2.0,1.0,1.13,1.0,1.0,2.0,27
76.0,98.0,65.0,34.43,107.3,36.6,4.9,12730.0,13.25,51.19,25.9,190.0,29.9,271.58,13.59,0.13,636.5,5.53,1.06,6.4,16.5,11.4,68.0,3.2,0.9,1.1,0.7,4.4,0.2,0.1,4.01,14.2,41.0,102.4,35.5,34.7,13.4,229.0,8.4,1.03,5.4,46.46,45.0,18.0,19.0,65.0,5.7,2.475,20.0,13.0,4.274,196.0,0.872,12.0,78.0,2.066,404.5,70.7,136.1,3.92,100.8,272.0,33.0,2,3,2.0,3.0,0.72,1.0,2.0,,41
76.0,130.0,64.0,23.18,86.4,6.6,9910.0,21304.0,25.96,42.6,60.9,73.0,21.7,246.49,7.22,0.08,548.1,8.64,1.19,8.1,42.1,8.9,46.9,1.3,0.9,3.4,0.7,3.8,0.1,0.1,5.44,16.5,48.8,89.6,30.5,33.9,12.4,319.0,8.7,0.03,5.1,,29.0,17.0,18.0,63.0,3.93,2.175,26.0,14.0,4.274,178.0,1.16,11.97,54.0,1.863,440.2,70.72,142.0,3.5,105.0,280.0,25.0,1,1,2.0,1.0,3.69,2.0,2.0,8.0,23
82.0,108.0,83.0,26.61,85.4,10.5,16.9,18476.0,20.59,61.22,33.6,134.0,21.1,319.55,8.87,0.18,926.4,6.34,1.16,9.4,24.7,9.6,64.7,0.9,0.2,2.3,0.9,6.1,0.1,0.0,5.04,15.6,45.6,90.5,31.1,34.3,12.6,252.0,8.5,0.05,5.4,3.54,44.0,28.0,20.0,66.0,4.28,2.3,24.0,23.0,5.884,131.0,1.36,10.26,78.0,1.773,410.4,88.4,140.0,4.0,104.0,280.0,34.0,1,1,1.0,1.0,0.68,,1.0,5.0,35
78.0,126.0,73.0,30.19,100.9,10.0,5.1,12906.0,14.68,66.95,21.9,214.0,28.1,271.58,10.73,0.18,530.0,7.24,1.14,6.6,21.3,9.5,65.4,3.1,0.6,1.4,0.6,4.3,0.2,0.0,5.46,16.1,47.0,86.1,29.5,34.2,12.1,226.0,8.1,0.05,5.6,17.88,44.0,49.0,33.0,63.0,6.07,2.425,22.0,64.0,5.107,152.0,1.16,13.68,72.0,4.505,458.0,97.24,138.0,4.2,105.0,277.0,28.0,1,3,4.0,1.0,5.0,,2.0,3.0,37
80.0,141.0,90.0,33.53,117.9,24.2,4.2,10696.0,11.99,70.35,17.0,83.0,21.7,247.97,8.45,0.16,600.2,5.04,0.87,5.6,21.7,8.1,63.8,5.4,1.2,1.2,0.5,3.6,0.3,0.1,5.33,15.1,45.3,85.0,28.3,33.3,13.1,247.0,7.3,0.51,5.3,88.9,44.0,39.0,33.0,85.0,3.9,2.275,21.0,64.0,5.718,196.0,0.872,12.0,76.0,2.179,392.6,79.6,135.2,4.4,103.3,270.0,32.0,1,3,5.0,1.0,4.51,,2.0,1.0,45
90.0,106.0,60.0,39.6,112.1,32.8,12.3,20774.0,21.3,61.4,34.7,36.0,37.4,242.06,5.64,0.15,591.2,6.15,0.84,7.7,37.7,6.4,53.7,1.6,0.6,2.9,0.5,4.1,0.1,0.0,4.3,13.9,41.0,95.5,32.4,34.0,11.9,296.0,8.6,0.23,5.2,21.48,41.0,25.0,19.0,67.0,5.0,2.225,24.0,24.0,5.607,177.0,0.84,6.8,67.0,2.281,333.1,35.4,139.4,4.05,103.4,279.0,26.0,2,3,3.0,,,3.0,1.0,1.0,32
60.0,171.0,70.0,22.23,88.3,15.4,10.1,2564.0,12.35,64.62,19.1,32.0,37.1,321.77,15.86,0.39,801.8,3.75,1.23,7.9,26.5,7.8,62.0,3.1,0.7,2.1,0.6,4.9,0.2,0.1,4.42,13.3,40.1,90.6,30.0,33.1,11.8,217.0,8.2,0.04,5.0,1084.0,44.0,16.0,15.0,87.0,6.1,2.3,23.0,8.0,4.885,146.0,1.324,8.6,68.0,0.802,232.0,70.7,138.7,4.11,103.9,278.0,24.0,2,3,3.0,,,,1.0,,85
68.0,135.0,74.0,24.66,85.8,23.0,13.8,11404.0,19.69,65.34,30.1,69.0,88.6,938.0,5.74,0.07,856.2,4.27,1.16,7.7,16.0,3.1,78.8,2.0,0.1,1.2,0.2,6.1,0.2,0.0,4.84,14.1,41.1,84.9,29.1,34.3,12.5,295.0,6.6,0.07,5.5,22.03,50.0,30.0,33.0,73.0,3.2,2.45,24.0,39.0,6.106,139.0,1.195,8.6,87.0,2.879,291.5,35.4,140.1,3.87,104.1,279.0,37.0,2,2,2.0,3.0,1.9,,4.0,1.0,54
68.0,105.0,72.0,26.97,95.2,28.0,9.5,6100.0,18.44,62.11,29.7,38.0,35.8,319.55,6.06,0.19,727.1,5.07,1.32,6.3,27.0,6.3,63.5,2.8,0.4,1.7,0.4,4.0,0.2,0.0,4.58,13.6,40.2,90.3,30.4,33.7,12.2,357.0,7.9,0.43,5.1,34.75,44.0,19.0,19.0,48.0,4.64,2.325,21.0,23.0,4.996,135.0,1.32,15.39,74.0,1.332,273.6,61.88,138.0,4.2,104.0,276.0,30.0,2,3,4.0,1.0,3.87,3.0,3.0,2.0,39
76.0,122.0,76.0,33.19,107.4,14.2,56.2,11227.0,13.07,57.82,22.6,411.0,16.5,272.32,12.35,0.17,604.8,5.07,1.09,5.5,39.3,11.6,46.4,2.3,0.3,2.2,0.6,2.6,0.1,0.0,5.0,14.0,43.0,86.0,28.1,32.7,12.4,165.0,10.6,0.32,8.2,11.4,42.0,28.0,20.0,72.0,7.5,2.225,24.0,19.0,13.878,142.0,1.03,10.26,74.0,2.021,374.7,97.24,142.0,4.0,105.0,294.0,32.0,1,2,1.0,5.0,1.69,,2.0,,53
72.0,111.0,70.0,35.39,121.3,38.8,7.0,10608.0,20.94,54.24,38.6,40.0,26.5,188.93,9.7,0.15,659.1,7.45,1.22,5.7,31.1,9.4,54.4,4.6,0.6,1.8,0.5,3.1,0.3,0.0,4.8,15.1,45.5,94.8,31.5,33.3,12.5,220.0,7.9,0.28,8.3,34.43,40.0,20.0,18.0,52.0,7.14,2.35,25.0,20.0,11.491,171.0,1.23,8.55,69.0,4.55,356.9,114.92,141.0,4.6,101.0,289.0,29.0,1,3,2.0,1.0,3.73,3.0,2.0,1.0,64
68.0,103.0,66.0,26.19,94.5,26.0,2.7,6453.0,21.48,90.04,23.9,47.0,29.0,210.33,8.37,0.23,502.8,7.21,1.29,7.3,20.0,11.2,61.2,7.3,0.4,1.5,0.8,4.5,0.5,0.0,4.94,14.6,44.3,89.9,29.5,32.8,12.4,271.0,8.4,0.33,5.3,,33.0,23.0,21.0,21.0,4.64,2.325,24.0,18.0,5.051,20.78,1.36,10.26,77.0,1.253,309.3,70.72,137.0,4.1,102.0,274.0,44.0,2,3,5.0,1.0,3.31,3.0,3.0,,38
,,,44.07,123.6,,92.9,17150.0,11.99,65.69,18.3,84.0,42.1,416.23,6.08,0.09,1406.6,6.0,1.32,7.5,27.2,7.4,60.7,3.8,0.9,2.0,0.6,4.6,0.3,0.1,4.7,13.8,42.9,91.3,29.4,32.2,13.4,366.0,6.7,6.16,5.1,,36.0,41.0,49.0,110.0,2.86,2.375,21.0,14.0,4.718,164.0,1.45,10.26,71.0,1.818,523.4,61.88,140.0,4.0,103.0,277.0,35.0,2,3,3.0,1.0,1.26,3.0,2.0,,21
56.0,94.0,64.0,25.65,,,8.0,25371.0,5.55,52.27,10.6,91.0,46.2,371.95,8.11,0.18,1576.4,4.94,1.11,8.8,15.6,7.4,73.0,3.9,0.1,1.4,0.7,6.4,0.3,0.0,4.69,15.1,45.8,97.4,32.3,33.1,12.3,280.0,7.9,0.35,5.1,37.91,44.0,15.0,18.0,86.0,5.71,2.475,27.0,9.0,4.774,127.0,1.42,18.81,71.0,0.96,297.4,106.08,146.0,4.6,106.0,291.0,27.0,1,3,5.0,1.0,5.0,,2.0,,38
72.0,152.0,48.0,22.01,83.7,14.5,4.1,3801.0,10.38,62.83,16.5,252.0,66.6,441.32,8.18,0.18,892.4,5.28,0.89,8.7,33.6,10.2,52.4,3.4,0.6,2.9,0.9,4.6,0.3,0.1,4.47,13.5,39.6,88.7,30.0,33.9,12.3,244.0,8.4,3.73,8.9,374.9,43.0,26.0,21.0,139.0,9.6,2.55,25.0,287.0,11.879,151.0,1.421,5.1,74.0,4.651,422.3,88.4,141.7,4.95,100.2,294.0,31.0,2,3,3.0,1.0,2.26,,2.0,,76
80.0,119.0,96.0,34.51,117.7,28.1,32.9,17150.0,9.67,77.33,12.5,61.0,25.4,305.53,6.61,0.19,573.0,4.37,0.82,9.3,18.1,6.6,73.3,1.3,0.8,1.7,0.6,6.8,0.1,0.1,5.51,16.2,46.3,84.0,29.3,34.9,12.4,256.0,7.1,0.19,5.5,8.69,48.0,51.0,33.0,92.0,3.6,2.525,22.0,31.0,4.718,158.0,1.388,10.3,75.0,4.832,481.8,97.2,142.1,4.42,103.3,282.0,27.0,1,3,4.0,5.0,4.51,,2.0,1.0,20
80.0,117.0,77.0,27.67,98.2,16.1,10.1,12553.0,16.29,76.25,21.4,32.0,27.6,498.89,10.28,0.31,951.3,6.21,1.09,7.1,26.0,7.5,64.2,1.3,1.0,1.8,0.5,4.6,0.1,0.1,4.91,16.1,46.1,93.8,32.8,34.9,11.9,329.0,7.8,0.08,5.1,19.97,44.0,22.0,20.0,57.0,9.28,2.4,21.0,32.0,4.94,96.0,1.1,10.26,76.0,3.726,392.6,114.92,141.0,4.2,104.0,286.0,32.0,1,3,5.0,1.0,5.0,,1.0,,49
66.0,111.0,75.0,28.5,98.2,18.4,7.7,15647.0,14.5,67.13,21.6,183.0,28.1,521.03,9.0,0.11,471.1,5.53,1.14,6.6,37.6,6.4,54.7,0.8,0.7,2.5,0.4,3.6,0.1,0.0,5.17,15.0,44.3,86.1,28.9,33.7,12.6,183.0,9.0,0.1,5.3,3.54,45.0,29.0,27.0,82.0,6.43,2.35,22.0,20.0,4.496,184.0,1.45,20.52,74.0,0.598,362.8,88.4,137.0,3.8,101.0,274.0,29.0,1,1,5.0,1.0,4.24,,2.0,3.0,30
60.0,105.0,55.0,29.83,95.5,26.4,7.8,8752.0,2.51,98.09,2.6,3.0,11.3,216.97,10.95,0.27,498.3,3.98,1.32,5.6,30.0,7.0,59.5,2.6,0.9,1.7,0.4,3.3,0.1,0.1,4.77,10.0,31.5,65.9,20.9,31.7,16.9,308.0,8.0,0.14,5.5,28.47,45.0,32.0,31.0,94.0,3.93,2.275,22.0,19.0,4.552,152.0,1.39,17.1,86.0,1.084,232.0,53.04,134.0,3.9,100.0,267.0,41.0,2,1,1.0,1.0,0.9,,4.0,2.0,35
66.0,114.0,74.0,34.67,99.1,34.0,15.4,18476.0,16.29,55.85,29.2,73.0,33.3,556.45,5.28,0.07,654.6,4.06,0.86,7.6,37.4,7.8,50.1,4.1,0.6,2.8,0.6,3.8,0.3,0.0,4.78,14.1,42.0,87.9,29.5,33.5,11.8,326.0,9.3,0.56,5.2,31.54,46.0,61.0,29.0,81.0,3.2,2.35,24.0,19.0,4.607,170.0,0.872,10.3,77.0,0.994,350.9,35.4,139.7,4.08,105.9,277.0,31.0,2,1,1.0,,0.4,,2.0,,26
70.0,121.0,75.0,44.15,,,13.8,13790.0,13.96,65.87,21.2,20.0,23.1,966.78,4.74,0.1,620.6,3.93,1.34,7.2,25.9,8.1,62.9,2.2,0.9,1.9,0.6,4.5,0.2,0.1,4.05,12.7,37.9,93.8,31.5,33.6,12.1,305.0,8.7,0.85,5.3,,41.0,26.0,20.0,72.0,2.5,2.175,23.0,26.0,5.384,130.0,1.033,8.6,69.0,1.061,279.6,26.5,138.5,4.26,103.5,274.0,28.0,2,1,1.0,1.0,,,1.0,,41
,,,,,,,,,,,,,,,,,,,,,,,,,,,,,,,,,,,,,,,,,,,,,,,,,,,,,,,,,,,,,,,2,3,4.0,2.0,,3.0,1.0,,82
,,,,,,,,,,,,,,,,,,,,,,,,,,,,,,,,,,,,,,,,,,,,,,,,,,,,,,,,,,,,,,,2,4,4.0,1.0,3.04,,2.0,,30
68.0,172.0,87.0,36.42,113.0,,2.9,2564.0,16.83,73.39,22.9,169.0,71.8,603.68,9.09,0.18,2145.0,4.89,0.93,5.0,27.9,10.1,60.4,1.1,0.6,1.4,0.5,3.0,0.1,0.0,4.14,13.6,38.1,91.9,32.7,35.6,12.3,403.0,7.2,0.38,6.2,99.22,42.0,34.0,27.0,59.0,6.07,2.375,25.0,43.0,5.884,151.0,1.32,10.26,69.0,3.771,261.7,79.56,143.0,4.4,105.0,286.0,27.0,2,3,4.0,3.0,5.0,,2.0,2.0,63
64.0,120.0,82.0,21.52,80.1,6.4,0.8,1768.0,28.82,64.98,44.4,95.0,6.8,312.17,19.43,0.22,289.9,5.17,1.32,4.4,38.8,6.1,49.9,4.6,0.7,1.7,0.3,2.2,0.2,0.0,5.19,15.3,46.8,90.2,29.5,32.7,12.7,151.0,9.6,0.01,4.8,16.42,46.0,27.0,24.0,97.0,4.28,2.425,23.0,21.0,4.607,127.0,1.07,8.55,80.0,1.502,303.3,61.88,140.0,3.9,101.0,278.0,34.0,1,1,1.0,1.0,0.47,2.0,4.0,12.0,24
60.0,114.0,84.0,19.93,70.3,5.2,6.1,30233.0,12.35,52.45,23.5,27.0,24.5,484.13,6.23,0.13,423.6,4.32,0.88,4.1,33.6,7.8,48.0,9.8,0.9,1.4,0.3,2.0,0.4,0.0,5.27,15.8,46.4,88.1,29.9,34.0,12.4,242.0,9.1,0.02,5.7,,44.0,17.0,18.0,50.0,2.86,2.375,25.0,20.0,4.496,120.0,1.32,10.26,80.0,0.802,279.6,88.4,139.0,3.9,102.0,274.0,36.0,1,4,3.0,1.0,0.96,1.0,1.0,,23
64.0,121.0,84.0,31.9,110.0,20.8,5.0,7426.0,17.54,77.51,22.6,360.0,42.1,442.8,8.41,0.19,1128.0,4.65,0.87,6.4,28.1,10.2,56.8,3.9,0.9,1.8,0.7,3.6,0.2,0.1,5.15,15.9,48.4,93.9,30.7,32.7,12.5,267.0,7.6,0.07,5.5,14.4,48.0,46.0,34.0,58.0,5.4,2.5,22.0,29.0,4.829,144.0,0.969,18.8,74.0,1.84,339.0,88.4,139.4,4.66,104.2,278.0,26.0,1,3,2.0,1.0,0.98,3.0,2.0,3.0,63
66.0,132.0,72.0,,121.4,15.1,2.9,2829.0,21.12,72.32,29.2,106.0,97.6,444.28,11.22,0.12,847.1,4.14,1.24,6.9,19.3,8.9,66.9,3.9,1.0,1.3,0.6,4.6,0.3,0.1,5.4,16.5,48.8,90.5,30.6,33.8,12.9,192.0,8.6,0.2,5.5,255.5,44.0,21.0,25.0,64.0,5.71,2.475,26.0,33.0,4.94,157.0,1.19,15.39,69.0,1.716,398.5,88.4,138.0,4.3,98.0,277.0,25.0,1,3,4.0,1.0,5.0,3.0,2.0,1.0,81
76.0,95.0,49.0,30.56,107.4,27.8,14.7,15558.0,6.62,99.17,6.7,3.0,52.5,106.27,4.87,0.15,602.5,7.45,1.67,9.6,21.0,4.0,73.5,1.2,0.4,2.0,0.4,7.1,0.1,0.0,3.92,11.1,33.9,86.6,28.2,32.6,12.4,295.0,8.3,1.47,5.0,85.58,36.0,8.0,13.0,93.0,1.8,2.075,22.0,11.0,4.052,110.0,1.324,3.4,69.0,2.969,226.0,44.2,137.7,4.53,105.2,271.0,33.0,2,3,4.0,,,1.0,2.0,,24
70.0,129.0,77.0,29.96,114.1,,4.0,8310.0,14.14,57.46,24.6,146.0,40.8,270.85,8.11,0.05,699.9,4.91,0.78,6.3,27.3,8.9,58.4,4.6,1.0,1.7,0.6,3.7,0.3,0.1,5.89,17.5,52.0,88.4,29.7,33.6,12.4,191.0,8.1,0.08,5.2,13.77,40.0,23.0,21.0,65.0,3.57,2.275,27.0,26.0,4.496,125.0,1.29,10.26,68.0,2.834,303.3,88.4,138.0,4.3,101.0,274.0,28.0,1,3,5.0,1.0,5.0,,1.0,1.0,66
96.0,104.0,70.0,31.21,102.0,16.4,1.2,2475.0,15.39,91.83,16.8,13.0,74.5,203.69,3.4,0.13,1112.1,5.72,1.4,9.6,19.7,4.7,74.1,0.9,0.6,1.9,0.5,7.1,0.1,0.1,4.13,12.7,37.5,90.8,30.8,33.9,12.4,145.0,10.2,0.31,5.0,41.62,38.0,33.0,25.0,105.0,2.9,2.375,18.0,13.0,3.775,132.0,1.292,8.6,70.0,2.45,255.8,26.5,136.0,3.65,102.5,269.0,32.0,2,5,2.0,1.0,,,2.0,,25
52.0,104.0,66.0,27.84,107.7,11.4,75.0,20509.0,10.74,68.56,15.7,59.0,67.5,461.99,13.59,0.2,346.5,7.6,1.2,8.8,35.3,7.6,54.1,2.5,0.6,3.1,0.7,4.8,0.2,0.1,4.63,15.4,45.4,98.2,33.3,34.0,12.4,301.0,8.1,0.77,5.3,378.8,41.0,29.0,27.0,120.0,5.0,2.475,22.0,28.0,4.885,218.0,0.872,5.1,74.0,1.558,202.2,44.2,141.7,4.0,108.7,282.0,33.0,1,3,3.0,6.0,1.15,1.0,3.0,3.0,70
72.0,154.0,84.0,34.33,106.4,32.3,86.2,12730.0,12.53,51.02,24.6,136.0,32.6,475.27,7.98,0.15,500.6,6.54,0.95,4.7,35.4,8.1,51.4,4.6,0.4,1.7,0.4,2.4,0.2,0.0,4.34,13.3,38.8,89.5,30.5,34.0,13.1,192.0,9.3,0.18,11.0,,41.0,17.0,14.0,83.0,5.4,2.375,24.0,37.0,12.157,178.0,1.033,5.1,73.0,2.54,184.4,70.7,129.5,4.03,92.7,267.0,32.0,2,4,5.0,5.0,3.65,3.0,2.0,3.0,49
76.0,96.0,68.0,29.22,86.1,,9.2,15824.0,14.5,90.4,16.0,35.0,45.3,301.84,5.16,0.08,471.1,5.61,1.55,8.4,16.6,6.5,75.2,1.5,0.2,1.4,0.5,6.3,0.1,0.0,4.52,13.7,40.9,90.6,30.2,33.3,12.3,301.0,8.0,1.33,5.3,12.21,42.0,54.0,36.0,36.0,3.57,2.4,18.0,42.0,4.108,14.15,1.19,10.26,76.0,1.716,309.3,53.04,140.0,4.1,104.0,276.0,34.0,2,1,3.0,6.0,1.64,,2.0,1.0,20
86.0,103.0,66.0,26.74,102.5,24.0,7.1,14586.0,12.17,80.19,15.2,115.0,27.9,176.38,7.71,0.08,593.4,5.02,0.71,8.0,32.4,6.9,59.0,0.9,0.7,2.6,0.6,4.7,0.1,0.1,5.42,15.0,44.5,82.1,27.5,33.6,12.9,274.0,9.9,0.81,5.4,62.76,40.0,27.0,26.0,93.0,3.2,2.425,24.0,57.0,4.496,145.0,0.969,8.6,84.0,2.066,327.1,70.7,140.3,4.89,103.5,278.0,44.0,1,4,4.0,1.0,4.67,1.0,1.0,1.0,60
88.0,109.0,71.0,27.66,96.0,,32.2,30233.0,26.85,89.32,30.1,84.0,29.2,349.81,6.5,0.1,681.8,6.31,1.22,8.0,40.1,5.2,52.9,1.2,0.6,3.2,0.4,4.2,0.1,0.0,4.34,14.3,41.3,95.5,32.8,34.4,13.7,351.0,7.1,0.71,5.2,29.44,44.0,15.0,24.0,24.0,2.5,2.325,21.0,18.0,4.885,28.84,1.16,11.97,75.0,1.773,267.7,53.04,139.0,4.2,102.0,275.0,31.0,2,3,4.0,3.0,1.72,1.0,1.0,6.0,31
70.0,133.0,86.0,32.31,110.7,18.8,6.2,20686.0,10.56,74.29,14.2,41.0,14.9,253.87,8.53,0.14,362.4,4.91,0.91,5.1,33.8,6.8,57.7,1.7,0.1,1.7,0.3,2.9,0.1,0.0,4.77,14.5,43.0,90.6,30.6,33.8,11.8,319.0,8.1,0.43,5.4,31.54,45.0,32.0,30.0,55.0,6.43,2.375,23.0,31.0,5.718,170.0,1.74,10.26,73.0,1.524,422.3,106.08,140.0,4.1,104.0,282.0,28.0,1,3,3.0,1.0,5.0,,2.0,3.0,38
58.0,155.0,73.0,22.11,73.0,10.5,3.5,6276.0,22.38,64.62,34.6,243.0,67.3,430.25,8.93,0.12,790.5,5.04,1.81,3.4,48.8,6.1,38.5,6.6,0.1,1.7,0.2,1.3,0.2,0.0,4.25,13.9,40.3,94.8,32.6,34.3,11.4,225.0,8.9,0.01,4.8,124.4,46.0,17.0,23.0,75.0,5.0,2.75,23.0,12.0,4.663,135.0,0.94,11.97,74.0,0.587,190.3,53.04,144.0,4.2,107.0,286.0,28.0,2,3,5.0,1.0,3.88,,3.0,,54
102.0,90.0,80.0,23.41,87.9,10.6,688.0,26343.0,9.49,62.65,15.1,269.0,14.0,527.67,8.55,0.3,659.1,2.84,0.67,6.0,32.7,6.9,58.9,1.1,0.4,2.0,0.4,3.5,0.1,0.0,4.45,13.6,42.7,95.9,30.5,31.8,17.8,133.0,10.9,2.02,5.4,18780.0,32.0,40.0,36.0,99.0,5.0,2.175,21.0,66.0,4.885,185.0,1.19,30.78,84.0,0.734,577.0,123.76,133.0,4.3,96.0,266.0,52.0,1,4,2.0,5.0,1.77,3.0,1.0,2.0,22
66.0,147.0,74.0,21.19,77.0,5.8,6.9,13260.0,,,,,,,,,,,,,,,,,,,,,,,,,,,,,,,,,,,,,,,,,,,,,,,,,,,,,,,,1,4,1.0,,1.15,3.0,2.0,,72
64.0,110.0,71.0,37.63,111.9,31.4,2.6,7249.0,20.94,71.6,29.8,74.0,14.9,369.0,7.95,0.11,439.4,6.21,1.22,9.5,18.5,5.5,73.3,1.7,1.2,1.8,0.5,7.0,0.2,0.1,4.65,15.4,44.7,96.1,33.1,34.5,13.7,280.0,7.5,0.43,5.1,221.2,40.0,18.0,17.0,116.0,2.9,2.1,21.0,66.0,4.552,129.0,1.098,5.1,67.0,1.31,190.3,61.9,137.8,4.27,102.8,273.0,27.0,2,3,5.0,3.0,0.89,1.0,1.0,,52
64.0,107.0,72.0,35.42,107.3,,4.5,3448.0,16.11,74.29,21.7,53.0,41.4,304.79,6.16,0.05,663.6,5.09,1.22,10.8,34.8,5.4,57.4,1.8,0.6,3.8,0.6,6.2,0.2,0.1,4.62,14.6,42.2,91.4,31.5,34.4,12.4,316.0,7.6,0.09,5.5,59.78,42.0,16.0,24.0,96.0,2.5,2.4,22.0,27.0,4.663,209.0,1.098,8.6,77.0,0.948,190.3,61.9,141.2,4.31,102.8,279.0,35.0,2,4,2.0,3.0,2.05,1.0,2.0,2.0,42
,,,,,,,,,,,,,,,,,,,,,,,,,,,,,,,,,,,,,,,,,,,,,,,,,,,,,,,,,,,,,,,1,3,2.0,1.0,1.07,1.0,1.0,,71
70.0,114.0,80.0,28.78,107.8,20.2,4.0,14498.0,12.89,59.79,21.6,84.0,34.4,371.21,6.42,0.07,511.9,5.33,1.27,7.6,35.2,8.2,52.7,3.2,0.8,2.7,0.6,4.0,0.2,0.1,5.06,16.1,46.1,91.1,31.8,35.0,12.9,174.0,10.3,0.35,5.1,25.28,45.0,35.0,23.0,64.0,5.36,2.35,22.0,37.0,4.829,120.0,1.19,11.97,67.0,1.219,345.0,88.4,135.0,4.5,103.0,270.0,22.0,1,3,4.0,5.0,,1.0,3.0,5.0,34
66.0,151.0,88.0,28.26,106.7,17.2,8.2,6895.0,17.9,60.5,29.6,122.0,59.3,569.0,11.78,0.16,724.8,5.09,1.19,6.4,27.8,11.4,55.7,4.5,0.6,1.8,0.7,3.6,0.3,0.0,4.71,14.9,43.5,92.3,31.6,34.2,11.8,231.0,8.2,0.06,5.4,506.7,43.0,19.0,25.0,55.0,8.21,2.35,24.0,14.0,5.607,153.0,1.16,13.68,73.0,1.208,273.6,79.56,137.0,4.6,104.0,278.0,30.0,1,3,2.0,1.0,1.33,,2.0,1.0,81
74.0,116.0,52.0,24.49,87.2,19.0,3.5,4774.0,44.57,57.28,77.8,59.0,19.0,2464.18,5.88,,2090.6,5.38,1.01,4.6,38.9,8.4,45.8,6.1,0.9,1.8,0.4,2.1,0.3,0.0,4.17,14.1,41.4,99.4,33.7,33.8,14.4,250.0,8.1,1.9,4.6,28.94,27.0,60.0,140.0,317.0,3.21,2.05,23.0,172.0,4.385,206.0,0.84,61.56,78.0,0.937,154.6,44.2,137.0,3.8,104.0,271.0,51.0,2,1,1.0,4.0,,,1.0,,60
68.0,138.0,81.0,24.01,88.0,17.8,4.6,5569.0,18.08,73.57,24.6,157.0,23.8,678.22,6.26,0.09,706.7,8.9,0.98,8.4,45.3,9.2,41.4,3.0,1.0,3.8,0.8,3.5,0.3,0.1,4.28,13.5,39.6,92.6,31.5,34.0,13.5,400.0,8.0,0.46,5.8,54.17,45.0,19.0,20.0,71.0,7.5,2.425,22.0,19.0,5.273,151.0,1.259,5.1,76.0,3.014,249.8,70.7,136.6,4.96,102.7,276.0,31.0,2,3,2.0,1.0,1.2,1.0,3.0,,60
76.0,146.0,76.0,29.93,107.0,10.0,4.8,8575.0,25.78,61.76,41.7,170.0,57.5,445.75,7.03,0.12,1023.8,6.05,1.41,7.6,30.8,7.8,59.3,1.8,0.4,2.3,0.6,4.5,0.1,0.0,5.59,16.5,48.7,87.0,29.5,34.0,12.3,283.0,7.5,0.48,5.6,56.13,45.0,19.0,19.0,71.0,5.0,2.375,25.0,35.0,6.162,130.0,1.066,17.1,76.0,2.123,469.9,70.7,140.9,4.18,101.7,282.0,31.0,1,1,4.0,1.0,4.95,3.0,2.0,2.0,60
56.0,120.0,73.0,27.46,97.9,11.5,2.9,14056.0,22.73,55.67,40.8,108.0,25.1,411.8,8.75,0.09,455.3,5.56,1.19,8.9,28.7,7.6,62.1,1.3,0.4,2.6,0.7,5.5,0.1,0.0,4.84,14.5,42.7,88.1,30.0,34.0,12.5,258.0,8.8,0.15,5.6,62.65,43.0,24.0,26.0,62.0,4.64,2.325,22.0,44.0,4.774,158.0,0.94,11.97,72.0,1.106,339.0,88.4,140.0,4.0,107.0,279.0,29.0,1,4,1.0,6.0,1.44,1.0,2.0,8.0,37
58.0,150.0,59.0,29.29,114.6,21.1,14.4,21304.0,13.07,64.08,20.4,18.0,60.5,509.96,9.76,0.11,2036.2,6.57,1.45,7.6,27.9,11.4,58.1,2.1,0.6,2.1,0.9,4.4,0.2,0.0,4.74,14.3,42.1,88.8,30.2,34.0,13.1,187.0,10.9,0.28,5.8,245.8,40.0,13.0,20.0,71.0,5.36,2.175,23.0,14.0,4.94,134.0,1.03,15.39,71.0,2.314,463.9,97.24,143.0,4.5,105.0,285.0,31.0,1,3,5.0,3.0,2.56,3.0,2.0,2.0,75
54.0,103.0,66.0,,,,6.0,13348.0,,,,,,,,,,,,,,,,,,,,,,,,,,,,,,,,,,,,,,,,,,,,,,,,,,,,,,,,2,3,5.0,1.0,,,3.0,,33
60.0,123.0,74.0,37.21,113.3,,4.9,16708.0,20.76,51.55,40.3,145.0,21.3,378.59,9.29,0.13,534.5,5.17,1.09,4.8,43.9,6.9,47.2,1.9,0.2,2.1,0.3,2.3,0.1,0.0,4.59,13.5,40.5,88.2,29.4,33.3,12.2,172.0,7.8,0.3,5.5,13.47,42.0,22.0,22.0,63.0,6.43,2.25,27.0,24.0,4.774,140.0,0.94,13.68,69.0,1.953,368.8,106.08,138.0,3.9,100.0,277.0,27.0,1,4,4.0,1.0,5.0,,2.0,6.0,54
62.0,130.0,80.0,27.8,99.3,11.0,6.4,8575.0,6.44,49.76,12.9,207.0,19.5,470.11,8.78,0.08,1019.3,5.95,1.27,12.5,23.4,8.5,65.1,2.7,0.3,2.9,1.1,8.1,0.3,0.0,5.13,14.8,42.9,83.7,28.8,34.3,12.4,396.0,7.4,0.35,5.2,24.86,41.0,23.0,23.0,89.0,4.64,2.35,22.0,105.0,4.607,123.0,1.1,15.39,77.0,1.648,279.6,70.72,141.0,4.1,105.0,280.0,36.0,1,1,4.0,1.0,1.71,3.0,2.0,,52
86.0,114.0,80.0,44.03,115.6,,6.3,3890.0,6.62,80.55,8.2,6.0,14.9,254.61,7.34,0.17,806.3,6.15,1.14,9.3,24.4,8.6,62.1,3.9,1.0,2.3,0.8,5.8,0.4,0.1,4.4,13.7,40.3,91.6,31.0,33.8,13.4,356.0,9.3,0.38,5.3,115.9,40.0,22.0,22.0,98.0,2.5,2.3,22.0,17.0,4.663,129.0,1.0,6.84,72.0,2.292,374.7,70.72,136.0,3.7,109.0,269.0,32.0,2,3,4.0,1.0,4.25,1.0,2.0,5.0,41
78.0,138.0,15.0,27.4,95.0,24.6,5.3,6276.0,15.04,72.32,20.8,161.0,42.8,450.92,6.83,0.11,958.1,,,9.1,30.9,7.0,60.8,0.8,0.6,2.8,0.6,5.5,0.1,0.1,3.88,12.9,36.7,94.7,33.3,35.2,11.9,436.0,7.9,0.57,5.3,,,,,,,,,,,,,,,,,,,,,,,2,3,2.0,3.0,2.4,,2.0,3.0,62
104.0,86.0,57.0,24.94,92.3,21.3,12.8,4332.0,,,,,,,,,,,,,,,,,,,,,,,,,,,,,,,,,,,,,,,,,,,,,,,,,,,,,,,,2,2,5.0,1.0,5.0,,2.0,,32
98.0,130.0,62.0,37.32,121.5,15.3,167.5,16796.0,19.87,69.99,28.4,218.0,18.3,246.49,9.39,0.12,462.1,,,8.4,32.4,3.7,62.4,1.5,0.2,2.7,0.3,5.2,0.1,0.0,6.03,17.3,49.7,82.4,28.8,35.0,11.5,343.0,7.7,0.31,5.1,,49.0,41.0,21.0,55.0,5.71,2.475,24.0,40.0,4.496,124.0,1.42,13.68,82.0,3.082,529.4,79.56,139.0,4.0,98.0,278.0,33.0,1,1,3.0,5.0,1.33,,3.0,2.0,22
66.0,115.0,68.0,23.01,86.6,26.0,9.0,9636.0,5.91,73.57,8.0,3.0,14.9,298.15,6.41,0.13,602.5,4.53,1.68,8.0,26.3,8.6,59.1,4.8,1.2,2.1,0.7,4.7,0.4,0.1,4.26,12.5,37.3,87.8,29.4,33.6,12.4,339.0,8.5,0.38,5.0,67.52,42.0,12.0,17.0,80.0,6.78,2.275,24.0,14.0,4.163,138.0,1.07,20.52,70.0,0.835,249.8,61.88,138.0,3.7,104.0,277.0,28.0,2,3,4.0,1.0,3.42,3.0,1.0,2.0,45
80.0,164.0,64.0,18.47,68.5,15.4,22.6,7072.0,13.78,78.58,17.5,11.0,72.9,3791.84,6.29,0.11,1023.8,6.15,2.41,7.1,18.4,9.4,70.8,1.0,0.5,1.3,0.7,5.0,0.1,0.0,4.29,13.5,40.2,93.5,31.3,33.5,12.6,231.0,7.9,0.23,5.2,67.39,44.0,22.0,29.0,91.0,6.4,2.35,28.0,15.0,4.885,160.0,1.13,8.6,81.0,0.994,196.3,44.2,140.3,4.06,103.2,281.0,37.0,2,3,1.0,,,3.0,3.0,1.0,82
52.0,134.0,73.0,25.89,95.3,13.5,2.8,3094.0,11.99,46.0,26.1,59.0,19.3,602.95,10.4,0.19,362.4,4.11,0.62,7.2,38.3,9.3,51.6,0.8,0.1,2.8,0.7,3.7,0.1,0.0,4.24,12.7,38.0,89.6,30.1,33.6,12.5,223.0,8.3,0.45,5.5,135.2,40.0,11.0,19.0,63.0,6.07,2.325,23.0,11.0,5.44,121.0,1.03,10.26,70.0,2.281,232.0,88.4,140.0,4.4,106.0,280.0,30.0,1,3,3.0,1.0,1.72,,4.0,,84
74.0,135.0,67.0,27.3,99.4,18.8,1.5,6542.0,11.28,57.1,19.7,66.0,25.6,295.94,8.44,0.14,450.7,3.98,0.98,8.0,26.3,6.6,64.5,2.4,0.2,2.1,0.5,5.2,0.2,0.0,5.13,14.3,43.1,83.9,27.9,33.2,12.9,242.0,8.2,0.07,6.5,227.4,41.0,22.0,22.0,90.0,7.14,2.25,24.0,20.0,5.273,159.0,1.42,10.26,71.0,1.66,291.5,79.56,141.0,4.1,104.0,283.0,30.0,2,3,4.0,2.0,3.14,3.0,2.0,,80
,,,32.29,103.5,22.1,127.0,3624.0,6.09,77.51,7.9,37.0,20.8,332.84,11.24,0.37,459.8,5.61,1.22,9.8,31.5,7.1,56.8,3.8,0.8,3.1,0.7,5.6,0.4,0.1,4.93,14.1,43.0,87.2,28.7,32.9,14.0,247.0,8.8,1.33,7.0,135.0,41.0,13.0,22.0,101.0,7.14,2.325,26.0,21.0,3.775,122.0,1.1,8.55,77.0,2.179,356.9,88.4,142.0,3.7,106.0,284.0,36.0,2,3,1.0,2.0,0.5,,1.0,,85
78.0,120.0,70.0,23.9,93.0,11.2,12.2,11669.0,22.91,61.04,37.5,439.0,15.6,451.66,8.75,0.23,740.7,6.1,1.32,6.9,26.2,8.2,63.2,2.2,0.4,1.8,0.6,4.4,0.2,0.0,4.81,15.7,44.6,92.8,32.7,35.3,12.4,254.0,7.6,0.12,5.2,51.21,42.0,47.0,35.0,75.0,5.0,2.375,24.0,98.0,5.107,124.0,1.07,18.81,71.0,1.648,487.7,106.08,139.0,4.7,103.0,278.0,29.0,1,3,4.0,5.0,4.66,,2.0,6.0,29
,,,,,,,,,,,,,,,,,,,,,,,,,,,,,,,,,,,,,,,,,,,,,,,,,,,,,,,,,,,,,,,1,4,1.0,2.0,2.26,1.0,2.0,,69
72.0,120.0,81.0,37.21,119.0,28.4,8.1,21570.0,20.23,67.13,30.1,431.0,34.7,411.8,7.69,0.1,582.1,7.11,1.39,4.1,42.6,8.0,47.1,1.5,0.9,1.7,0.3,1.9,0.1,0.0,5.1,15.4,46.4,91.1,30.4,33.3,12.3,277.0,8.1,0.56,5.3,46.09,46.0,50.0,38.0,100.0,4.3,2.275,25.0,28.0,4.774,161.0,1.13,10.3,75.0,1.614,356.9,88.4,137.3,4.23,100.1,273.0,29.0,1,4,4.0,1.0,2.02,3.0,3.0,,43
76.0,96.0,62.0,27.86,89.1,22.0,0.5,2033.0,13.25,65.69,20.2,18.0,24.2,205.16,5.69,0.2,480.2,4.76,1.5,5.9,22.6,9.4,64.7,2.5,0.8,1.3,0.6,3.8,0.1,0.0,4.36,13.4,38.4,88.1,30.6,34.7,12.3,241.0,8.1,0.13,5.2,133.8,40.0,18.0,21.0,59.0,4.28,2.25,25.0,51.0,5.107,129.0,0.87,10.26,68.0,1.118,261.7,70.72,138.0,4.0,104.0,275.0,28.0,2,3,4.0,1.0,5.0,,1.0,,50
82.0,107.0,66.0,30.11,109.1,23.6,2.0,2210.0,19.69,71.42,27.6,86.0,55.5,307.01,7.1,0.12,930.9,7.68,1.51,9.8,24.0,8.1,63.7,3.4,1.0,2.4,0.8,6.2,0.3,0.1,4.88,14.1,42.0,86.2,28.9,33.6,12.9,289.0,8.8,0.2,5.8,37.17,44.0,18.0,20.0,89.0,6.1,2.425,24.0,12.0,4.885,163.0,0.969,8.6,71.0,1.185,220.1,44.2,137.8,4.11,100.1,276.0,27.0,2,3,3.0,1.0,2.67,,3.0,,71
62.0,100.0,63.0,18.31,76.5,13.0,6.0,16354.0,15.93,74.29,21.4,34.0,12.9,149.08,12.0,0.19,224.2,4.03,2.09,6.9,42.4,6.6,48.2,2.4,0.4,2.9,0.5,3.3,0.2,0.0,4.61,15.0,43.3,93.8,32.5,34.7,12.0,322.0,7.0,0.03,4.7,121.5,42.0,14.0,18.0,46.0,3.21,2.375,24.0,19.0,4.385,100.0,1.61,8.55,70.0,0.79,279.6,88.4,139.0,4.1,106.0,275.0,28.0,2,3,2.0,5.0,2.51,1.0,2.0,3.0,21
72.0,150.0,93.0,23.59,83.0,16.0,3.8,8486.0,19.15,72.67,26.4,48.0,43.9,687.82,6.54,0.11,928.7,5.33,1.23,4.9,33.4,8.3,55.0,2.7,0.6,1.6,0.4,2.7,0.1,0.0,4.89,15.1,45.2,92.4,31.1,33.6,12.2,208.0,8.2,0.21,4.9,152.2,44.0,21.0,23.0,70.0,5.0,2.5,23.0,28.0,4.996,118.0,1.162,8.6,72.0,2.856,309.3,44.2,140.8,4.29,103.8,281.0,28.0,2,1,1.0,1.0,,,2.0,,61
54.0,149.0,0.0,26.45,92.5,17.8,13.0,8840.0,17.54,61.4,28.6,44.0,79.7,281.92,7.14,0.21,1048.7,6.65,1.52,9.2,29.5,5.3,62.2,2.5,0.4,2.7,0.5,5.7,0.2,0.0,4.52,13.9,42.2,93.5,30.7,32.8,12.9,231.0,8.2,0.06,5.5,204.0,42.0,14.0,19.0,78.0,5.7,2.3,25.0,12.0,5.551,197.0,1.292,15.4,72.0,1.784,261.7,44.2,141.1,4.36,99.7,283.0,30.0,2,3,2.0,2.0,1.82,3.0,1.0,,85
66.0,119.0,76.0,30.14,113.0,26.0,9.5,10608.0,8.41,55.67,15.1,136.0,45.1,287.82,11.24,0.12,591.2,5.3,1.04,5.8,26.4,9.6,60.6,2.4,1.0,1.5,0.6,3.5,0.1,0.1,4.74,14.7,42.8,90.3,30.9,34.2,11.6,272.0,7.9,0.26,5.2,45.84,42.0,36.0,27.0,75.0,4.6,2.35,24.0,40.0,5.218,161.0,1.13,8.6,71.0,1.129,487.7,70.7,140.0,4.95,103.5,279.0,29.0,1,3,3.0,1.0,5.0,3.0,2.0,4.0,58
80.0,112.0,73.0,25.6,88.7,32.2,3.8,5216.0,7.88,71.78,11.0,3.0,22.4,152.77,8.55,0.26,400.9,6.57,0.91,6.6,31.1,7.4,55.2,5.2,1.1,2.1,0.5,3.6,0.3,0.1,4.36,11.3,34.8,79.9,25.8,32.2,15.1,251.0,9.7,0.07,5.3,41.1,44.0,17.0,25.0,79.0,2.9,2.35,21.0,8.0,4.663,185.0,1.162,10.3,73.0,3.398,208.2,44.2,133.4,3.83,95.2,265.0,29.0,2,3,4.0,6.0,4.19,3.0,1.0,,30
72.0,98.0,68.0,31.44,94.2,16.9,16.6,13790.0,14.86,70.71,21.0,92.0,14.7,430.99,5.76,0.12,333.0,5.43,1.42,4.8,39.3,10.5,47.0,1.5,1.6,1.9,0.5,2.3,0.1,0.1,4.49,13.5,40.8,90.9,30.2,33.2,13.2,322.0,10.4,0.24,5.1,3.54,42.0,19.0,16.0,70.0,5.0,2.4,25.0,23.0,4.385,113.0,1.42,10.26,80.0,1.174,279.6,53.04,138.0,4.5,99.0,275.0,38.0,2,4,4.0,1.0,5.0,1.0,2.0,3.0,35
80.0,96.0,62.0,31.51,86.2,26.4,11.6,26432.0,5.91,106.68,5.5,3.0,28.1,215.5,6.91,0.12,521.0,5.33,1.62,5.7,26.4,4.6,66.6,1.3,1.1,1.5,0.3,3.8,0.1,0.1,4.93,12.9,38.7,78.3,26.3,33.6,13.8,319.0,7.1,2.77,5.3,18.05,41.0,11.0,17.0,96.0,2.9,2.225,24.0,10.0,4.496,119.0,1.033,5.1,70.0,1.569,208.2,44.2,141.7,4.07,106.2,280.0,29.0,2,1,4.0,5.0,0.63,,2.0,2.0,24
74.0,102.0,72.0,22.14,79.2,18.6,5.3,8133.0,23.09,64.08,36.0,45.0,81.3,388.93,6.01,0.13,946.8,6.31,1.39,5.7,21.5,7.4,68.6,1.7,0.9,1.2,0.4,3.9,0.1,0.1,4.58,14.0,40.7,89.9,31.1,34.6,11.6,346.0,7.6,0.04,5.0,29.51,47.0,10.0,20.0,87.0,4.6,2.35,28.0,7.0,4.718,120.0,1.13,18.8,76.0,1.468,237.9,44.2,139.7,4.3,101.4,278.0,29.0,2,3,4.0,1.0,5.0,,2.0,1.0,54
80.0,157.0,67.0,29.8,90.4,26.4,206.5,4862.0,17.01,63.19,26.9,262.0,36.0,468.63,11.81,0.11,851.6,6.18,0.98,8.6,33.9,5.7,58.8,1.3,0.3,2.9,0.5,5.1,0.1,0.0,4.66,14.5,41.4,88.9,31.0,34.9,12.1,216.0,9.1,0.5,12.9,73.81,44.0,18.0,13.0,109.0,8.9,2.35,25.0,19.0,18.041,153.0,0.936,8.6,72.0,2.439,285.5,44.2,136.3,4.43,101.7,290.0,28.0,2,1,1.0,2.0,2.43,,1.0,,65
84.0,131.0,94.0,32.58,111.5,23.2,4.5,6188.0,22.91,64.98,35.3,235.0,19.9,283.39,12.53,0.15,579.8,6.1,1.22,8.4,24.4,7.3,64.0,3.4,1.0,2.0,0.6,5.4,0.3,0.1,4.57,16.3,47.1,103.0,35.7,34.7,11.6,227.0,9.3,0.08,5.0,173.4,44.0,21.0,21.0,67.0,4.3,2.325,22.0,34.0,5.107,153.0,1.195,8.6,75.0,2.732,309.3,61.9,141.0,4.19,104.5,281.0,31.0,2,3,4.0,3.0,2.16,1.0,1.0,7.0,59
66.0,94.0,56.0,32.19,101.0,34.6,22.8,11227.0,4.3,75.72,5.7,7.0,21.1,419.18,6.48,0.09,1001.1,5.51,0.93,6.9,18.8,6.2,65.4,9.3,0.3,1.3,0.4,4.5,0.6,0.0,4.89,12.5,39.0,79.7,25.7,32.3,15.1,239.0,8.5,0.76,4.8,68.33,39.0,48.0,31.0,80.0,5.0,2.225,22.0,14.0,4.496,138.0,1.23,10.26,70.0,1.502,285.5,70.72,139.0,4.3,104.0,276.0,31.0,2,3,3.0,1.0,5.0,3.0,2.0,,29
74.0,109.0,56.0,22.32,89.0,13.2,9.6,12730.0,,,,,,,,,672.7,,,5.7,34.4,9.1,53.2,1.4,1.9,2.0,0.5,3.0,0.1,0.1,4.95,14.9,45.2,91.1,30.0,32.8,11.9,235.0,9.0,,5.2,,,,,,,,,,,,,,,,,,,,,,,1,3,4.0,1.0,2.03,3.0,2.0,3.0,34
,,,,,,,,,,,,,,,,,,,,,,,,,,,,,,,,,,,,,,,,,,,,,,,,,,,,,,,,,,,,,,,2,4,3.0,,1.09,,2.0,,22
,,,28.0,95.0,18.0,5.4,8221.0,,,,,,,,,,,,,,,,,,,,,,,,,,,,,,,,,,,,,,,,,,,,,,,,,,,,,,,,1,1,1.0,1.0,0.06,2.0,3.0,5.0,35
,,,,,,,,,,,,,,,,,,,,,,,,,,,,,,,,,,,,,,,,,,,,,,,,,,,,,,,,,,,,,,,2,3,1.0,2.0,,,1.0,,85
70.0,107.0,73.0,19.37,68.0,19.2,10.5,3359.0,11.64,68.74,16.9,11.0,23.3,185.24,7.5,0.1,690.8,3.67,1.53,6.5,22.8,7.5,66.2,3.2,0.4,1.5,0.5,4.3,0.2,0.0,4.14,12.3,36.8,88.9,29.6,33.3,12.6,294.0,8.6,0.09,4.9,69.45,40.0,11.0,15.0,43.0,3.57,2.325,22.0,8.0,4.33,100.0,1.29,10.26,67.0,0.723,237.9,70.72,140.0,5.0,108.0,277.0,27.0,2,3,4.0,1.0,5.0,,1.0,2.0,46
60.0,165.0,85.0,30.19,103.6,11.8,2.4,3094.0,10.74,80.55,13.3,68.0,34.4,328.41,,,829.0,4.76,1.09,6.8,30.2,9.5,53.4,6.0,1.0,2.1,0.6,3.6,0.4,0.1,4.74,14.5,42.1,88.7,30.6,34.5,12.0,214.0,9.4,0.18,5.9,85.52,45.0,43.0,31.0,53.0,5.7,2.3,22.0,30.0,4.996,211.0,1.421,15.4,73.0,5.103,309.3,70.7,142.3,4.41,104.6,284.0,28.0,1,3,4.0,1.0,3.11,3.0,4.0,,64
84.0,102.0,69.0,20.7,79.2,12.7,6.9,13083.0,19.51,68.02,28.7,22.0,23.1,384.5,5.38,0.09,532.3,5.15,1.53,4.8,40.8,7.5,48.3,2.8,0.6,2.0,0.4,2.3,0.1,0.0,4.19,13.7,40.5,96.6,32.5,33.7,12.6,339.0,7.7,0.02,5.1,51.98,40.0,14.0,23.0,23.0,4.64,2.25,24.0,17.0,4.385,19.88,1.23,11.97,72.0,1.163,303.3,79.56,138.0,4.2,107.0,275.0,32.0,2,3,5.0,1.0,5.0,,1.0,1.0,36
64.0,110.0,65.0,20.15,79.0,10.2,9.2,28200.0,32.04,66.41,48.2,77.0,24.9,301.1,8.92,0.16,543.6,6.28,1.22,7.8,34.3,9.2,51.7,3.8,0.9,2.7,0.7,4.0,0.3,0.1,5.09,16.7,49.9,97.9,32.8,33.4,12.5,265.0,9.2,0.1,4.7,17.31,46.0,29.0,28.0,68.0,3.9,2.275,26.0,30.0,4.441,120.0,1.033,8.6,74.0,1.874,380.7,70.7,139.6,4.06,100.5,277.0,28.0,1,3,2.0,6.0,3.24,1.0,3.0,3.0,30
68.0,138.0,83.0,33.62,110.8,,3.4,3271.0,12.89,66.05,19.5,242.0,33.5,357.19,7.42,0.12,627.4,6.0,1.02,8.0,44.1,8.1,41.2,5.9,0.8,3.5,0.6,3.3,0.5,0.1,4.57,14.0,42.2,92.3,30.6,33.2,13.2,202.0,8.6,0.45,8.2,36.79,45.0,37.0,34.0,67.0,5.4,2.425,22.0,50.0,5.829,153.0,1.259,8.6,80.0,3.319,309.3,70.7,136.9,3.9,98.0,275.0,35.0,1,3,3.0,1.0,4.09,3.0,3.0,3.0,60
86.0,103.0,72.0,25.58,89.5,26.0,7.3,17592.0,12.89,59.07,21.8,53.0,19.5,124.72,9.22,0.17,366.9,4.78,1.11,7.1,30.0,4.4,62.7,2.3,0.7,2.1,0.3,4.5,0.2,0.0,4.84,13.4,40.2,83.0,27.7,33.3,12.5,327.0,8.4,0.84,5.4,28.17,47.0,12.0,16.0,72.0,3.21,2.5,24.0,11.0,4.219,92.0,1.03,10.26,79.0,0.892,291.5,70.72,140.0,4.3,105.0,277.0,32.0,2,3,3.0,3.0,2.66,,2.0,2.0,32
74.0,138.0,78.0,,,,3.1,9724.0,,,,,,,,,,,,,,,,,,,,,,,,,,,,,,,,,,,,,,,,,,,,,,,,,,,,,,,,1,3,3.0,3.0,2.18,1.0,3.0,,51
66.0,133.0,84.0,23.37,96.2,12.6,0.8,2387.0,11.99,64.26,18.7,356.0,25.6,225.09,10.45,0.36,491.5,5.22,1.37,8.8,28.5,7.1,60.3,3.7,0.4,2.5,0.6,5.3,0.3,0.0,5.2,16.0,47.0,90.3,30.8,34.1,12.9,227.0,8.4,0.28,5.7,100.2,43.0,35.0,33.0,51.0,1.79,2.425,28.0,49.0,4.552,160.0,1.19,11.97,69.0,1.445,404.5,79.56,142.0,4.6,104.0,279.0,26.0,1,3,4.0,5.0,2.48,1.0,1.0,6.0,46
96.0,107.0,56.0,22.56,91.2,25.5,5.1,7779.0,9.13,80.01,11.4,18.0,48.9,256.82,2.88,0.07,926.4,5.92,1.15,9.2,15.5,7.3,75.0,1.3,0.9,1.4,0.7,6.9,0.1,0.1,3.8,12.4,35.9,94.5,32.6,34.5,11.8,233.0,7.9,0.65,4.1,225.3,38.0,19.0,22.0,50.0,2.5,2.15,22.0,11.0,3.941,114.0,1.259,3.4,65.0,2.405,184.4,26.5,140.2,3.89,103.3,276.0,27.0,2,3,5.0,1.0,5.0,,2.0,1.0,32
92.0,97.0,60.0,25.44,99.2,11.7,31.5,22365.0,10.38,89.86,11.6,24.0,55.7,305.53,3.79,0.07,749.7,5.61,1.63,7.8,20.1,7.6,70.4,1.6,0.4,1.6,0.6,5.5,0.1,0.0,4.23,13.9,40.1,94.5,32.7,34.7,12.5,172.0,7.6,1.9,4.5,43.62,36.0,13.0,17.0,123.0,2.1,2.25,21.0,6.0,3.719,65.0,1.195,8.6,68.0,2.281,226.0,35.4,139.9,4.01,103.5,275.0,32.0,2,2,4.0,4.0,1.82,,2.0,,27
54.0,123.0,76.0,29.81,94.2,17.2,41.5,29260.0,19.51,57.28,34.1,207.0,25.4,482.65,6.76,0.12,815.4,5.25,1.34,5.8,27.7,6.8,64.1,0.8,0.7,1.6,0.4,3.7,0.0,0.0,5.31,12.5,37.8,71.4,23.7,33.2,14.4,256.0,7.5,0.05,5.4,31.94,39.0,22.0,19.0,75.0,4.28,2.4,22.0,18.0,5.607,149.0,0.81,13.68,72.0,0.869,422.3,106.08,140.0,4.5,106.0,279.0,33.0,1,4,4.0,1.0,1.65,,3.0,,46
82.0,124.0,83.0,25.93,99.1,22.7,0.9,2917.0,18.26,70.17,26.0,63.0,73.4,442.06,6.69,0.09,1223.1,5.97,2.33,6.1,31.1,8.7,58.4,1.3,0.6,1.9,0.5,3.6,0.1,0.0,4.31,14.6,41.7,96.8,33.8,35.0,12.8,234.0,8.2,0.47,5.4,106.5,39.0,22.0,22.0,56.0,4.64,2.475,23.0,16.0,4.829,143.0,1.19,11.97,70.0,0.835,267.7,70.72,137.0,3.8,103.0,273.0,31.0,2,3,4.0,1.0,5.0,,3.0,1.0,66
70.0,132.0,48.0,24.77,91.6,10.8,12.3,15824.0,18.62,60.86,30.6,197.0,29.4,573.43,8.1,0.15,1030.6,3.59,1.11,6.8,26.3,7.2,63.4,2.7,0.6,1.8,0.5,4.3,0.2,0.0,4.94,15.9,46.3,93.8,32.0,34.2,12.3,190.0,8.6,0.08,6.4,42.01,49.0,22.0,17.0,62.0,5.4,2.525,21.0,18.0,8.493,138.0,1.162,8.6,78.0,2.01,303.3,70.7,138.0,3.69,101.2,280.0,29.0,1,1,5.0,1.0,5.0,,3.0,3.0,61
74.0,117.0,60.0,30.03,85.5,33.8,3.5,10608.0,12.17,78.22,15.6,58.0,39.4,509.22,4.54,0.1,536.8,4.73,1.47,7.1,22.3,6.9,66.7,4.2,0.0,1.6,0.5,4.7,0.3,0.0,4.11,12.8,37.1,90.2,31.2,34.5,11.9,328.0,9.8,6.71,5.2,120.9,40.0,36.0,29.0,65.0,3.93,2.325,23.0,69.0,5.162,187.0,1.07,8.55,80.0,1.727,237.9,70.72,139.0,4.2,102.0,276.0,40.0,2,4,2.0,1.0,0.17,1.0,1.0,,22
76.0,105.0,67.0,22.92,81.5,26.8,5.1,6984.0,16.29,69.27,23.5,47.0,25.4,281.92,6.57,0.09,536.8,3.88,1.19,8.1,30.1,5.5,60.7,3.2,0.5,2.4,0.4,4.9,0.3,0.0,4.76,15.3,43.7,91.8,32.2,35.0,11.9,231.0,8.6,0.07,4.2,32.98,44.0,13.0,13.0,39.0,4.28,2.4,21.0,14.0,4.441,107.0,1.29,13.68,75.0,0.497,232.0,70.72,138.0,3.9,104.0,275.0,31.0,2,3,1.0,1.0,1.21,1.0,2.0,,30
74.0,179.0,80.0,21.11,81.0,11.0,5.3,2652.0,5.91,100.42,5.9,3.0,56.2,225.83,6.98,0.09,1309.2,6.52,1.58,8.2,38.3,7.6,50.8,2.3,1.0,3.1,0.6,4.2,0.2,0.1,4.41,13.2,37.7,85.4,30.0,35.1,12.3,293.0,7.9,0.65,6.1,165.1,37.0,18.0,21.0,71.0,4.64,2.6,23.0,12.0,5.495,97.0,1.49,1.71,65.0,4.143,285.5,70.72,134.0,3.6,99.0,268.0,28.0,2,3,2.0,2.0,3.39,,3.0,,71
62.0,98.0,58.0,28.23,88.6,23.0,4.9,9105.0,13.43,63.72,21.1,167.0,12.9,304.06,6.02,0.21,346.5,7.09,1.76,6.6,26.6,7.8,63.2,1.8,0.6,1.8,0.5,4.2,0.1,0.0,4.55,14.4,42.4,93.2,31.7,33.9,12.5,179.0,9.8,0.13,5.4,76.53,41.0,19.0,18.0,71.0,6.43,2.375,25.0,15.0,4.885,124.0,1.29,11.97,72.0,0.892,249.8,53.04,141.0,4.1,107.0,283.0,31.0,2,3,3.0,1.0,5.0,1.0,2.0,2.0,50
70.0,140.0,82.0,33.98,99.5,32.0,2.2,5127.0,15.93,47.97,33.2,45.0,60.2,49.45,123.19,7.59,702.2,4.03,1.14,5.3,26.3,7.2,63.2,2.7,0.7,1.4,0.4,3.3,0.1,0.0,4.08,13.6,40.3,98.6,33.3,33.7,14.4,234.0,7.5,0.22,5.1,60.59,40.0,25.0,21.0,75.0,5.0,2.225,25.0,8.0,4.996,146.0,1.29,11.97,66.0,0.948,249.8,61.88,140.0,3.9,103.0,280.0,26.0,2,3,4.0,1.0,2.02,,2.0,1.0,73
56.0,112.0,64.0,24.14,88.1,12.8,5.7,10785.0,20.94,69.27,30.2,36.0,21.1,380.07,7.33,0.13,351.1,4.09,1.15,7.1,19.1,8.4,70.6,1.6,0.3,1.4,0.6,5.0,0.1,0.0,5.09,15.6,47.9,94.2,30.8,32.7,13.7,379.0,8.6,0.12,5.2,39.21,48.0,18.0,20.0,57.0,5.0,2.325,28.0,11.0,4.996,157.0,1.098,10.3,75.0,0.61,267.7,44.2,138.8,4.63,100.4,277.0,27.0,1,1,2.0,,1.0,1.0,1.0,1.0,43
70.0,120.0,81.0,21.73,76.9,16.0,2.4,5834.0,24.52,79.12,31.0,37.0,34.0,185.24,4.79,0.06,641.0,5.82,1.34,4.6,34.3,6.6,57.9,1.0,0.3,1.6,0.3,2.7,0.0,0.0,4.19,13.9,40.3,96.0,33.2,34.6,11.5,246.0,7.7,0.03,5.5,60.77,43.0,13.0,24.0,72.0,2.9,2.35,23.0,6.0,4.718,132.0,1.195,12.0,76.0,1.423,255.8,44.2,137.8,4.07,103.1,273.0,33.0,2,5,5.0,1.0,5.0,,2.0,1.0,47
58.0,154.0,72.0,25.41,104.2,14.2,5.5,5923.0,22.55,69.63,32.4,140.0,56.6,340.96,8.31,0.25,579.8,5.35,1.39,7.6,23.4,7.1,67.7,1.1,0.8,1.8,0.5,5.1,0.1,0.1,4.81,16.6,47.2,98.1,34.5,35.3,12.1,307.0,8.2,0.09,5.4,174.0,47.0,26.0,24.0,74.0,2.5,2.325,24.0,32.0,4.996,125.0,1.098,6.8,75.0,1.355,255.8,61.9,142.3,4.82,102.6,281.0,28.0,1,1,1.0,,2.18,1.0,1.0,3.0,63
70.0,116.0,56.0,29.77,87.4,18.1,24.1,10608.0,15.22,59.43,25.6,68.0,61.6,335.79,5.36,0.1,896.9,5.59,1.24,7.1,29.6,9.4,57.5,2.5,0.9,2.1,0.7,4.1,0.2,0.1,4.15,13.0,38.0,91.4,31.3,34.2,13.3,242.0,8.9,0.2,4.9,27.9,41.0,39.0,32.0,98.0,3.93,2.45,22.0,19.0,4.607,164.0,1.49,10.26,77.0,1.456,267.7,53.04,141.0,3.9,106.0,280.0,36.0,2,1,1.0,6.0,0.93,,2.0,,23
74.0,128.0,76.0,24.7,91.8,6.6,6.6,7868.0,14.86,81.62,18.2,147.0,30.8,412.54,8.42,0.22,586.6,5.92,1.02,4.9,27.8,8.9,60.4,2.4,0.5,1.4,0.4,3.0,0.1,0.0,5.02,16.3,47.4,94.4,32.5,34.4,12.3,201.0,8.7,0.5,5.3,,45.0,17.0,23.0,105.0,4.6,2.275,28.0,19.0,5.107,196.0,1.033,15.4,86.0,2.032,356.9,53.0,140.4,4.36,99.8,280.0,41.0,1,1,1.0,1.0,1.82,,3.0,,70
74.0,116.0,70.0,27.04,94.3,11.8,6.7,10696.0,15.22,66.77,22.8,121.0,19.0,405.16,7.66,0.13,591.2,6.21,1.47,9.9,27.0,7.9,62.8,1.6,0.9,2.7,0.8,6.2,0.2,0.1,5.61,15.4,46.3,82.5,27.6,33.5,12.4,214.0,9.4,0.16,5.4,14.42,51.0,23.0,27.0,88.0,5.7,2.425,27.0,16.0,4.829,150.0,1.195,8.6,84.0,0.881,255.8,61.9,140.2,4.04,103.3,280.0,33.0,1,1,4.0,1.0,1.72,,2.0,,24
70.0,110.0,63.0,25.77,89.9,22.0,1.3,9901.0,23.45,60.32,38.9,60.0,52.8,619.18,6.59,0.14,699.9,4.91,1.5,8.9,27.0,5.8,62.5,4.6,0.2,2.4,0.5,5.6,0.4,0.0,4.44,13.5,38.8,87.5,30.3,34.6,11.6,304.0,7.8,0.33,5.5,44.05,45.0,20.0,27.0,120.0,6.43,2.425,24.0,14.0,4.607,143.0,1.61,13.68,79.0,1.106,261.7,79.56,139.0,3.9,104.0,279.0,34.0,2,3,5.0,1.0,4.26,,3.0,1.0,29
74.0,114.0,70.0,22.88,80.7,5.5,3.8,11227.0,11.64,63.72,18.3,65.0,20.2,387.45,6.78,0.11,607.0,5.25,1.22,6.9,30.3,11.4,47.8,9.8,0.6,2.1,0.8,3.3,0.7,0.0,4.85,15.6,44.9,92.7,32.0,34.7,11.7,282.0,7.1,0.01,5.3,3.54,45.0,24.0,26.0,63.0,5.36,2.375,22.0,25.0,5.051,132.0,1.26,11.97,77.0,2.935,339.0,97.24,136.0,3.5,102.0,272.0,32.0,1,1,1.0,1.0,1.01,,4.0,20.0,34
98.0,128.0,68.0,,,,23.2,21835.0,20.05,53.34,37.6,240.0,14.9,229.52,12.18,0.11,251.4,4.45,1.34,6.8,30.8,6.1,61.2,1.7,0.3,2.1,0.4,4.2,0.1,0.0,4.64,14.9,44.3,95.5,32.0,33.6,11.6,396.0,8.3,0.02,4.8,5.2,45.0,24.0,19.0,106.0,2.86,2.35,24.0,24.0,6.273,135.0,0.84,11.97,78.0,1.377,428.3,79.56,139.0,4.1,103.0,277.0,33.0,1,4,4.0,3.0,4.07,1.0,2.0,2.0,55
54.0,114.0,68.0,27.25,88.1,20.6,5.7,13260.0,14.86,47.26,31.4,92.0,15.9,284.13,5.42,0.09,391.8,3.44,0.91,4.6,43.1,6.6,48.2,1.6,0.6,2.0,0.3,2.2,0.1,0.0,5.32,15.0,44.7,84.1,28.1,33.4,12.7,188.0,8.2,0.09,5.0,33.21,43.0,16.0,17.0,77.0,5.7,2.175,22.0,15.0,5.329,132.0,0.969,12.0,68.0,1.231,297.4,61.9,140.3,4.18,106.4,281.0,25.0,1,4,2.0,,0.0,1.0,3.0,99.0,29
82.0,95.0,76.0,31.17,111.9,21.9,106.7,26166.0,30.97,57.46,53.9,141.0,15.6,354.98,10.02,0.17,668.2,5.17,0.93,8.6,27.6,8.8,60.5,2.3,0.9,2.4,0.8,5.2,0.2,0.1,5.51,17.5,51.0,92.5,31.9,34.4,11.5,263.0,8.6,0.32,5.2,16.9,42.0,16.0,20.0,70.0,4.28,2.375,24.0,20.0,4.33,106.0,1.03,15.39,69.0,1.637,362.8,97.24,137.0,4.5,102.0,272.0,27.0,1,3,3.0,1.0,3.59,,1.0,1.0,35
,,,,,,,,,,,,,,,,,,,,,,,,,,,,,,,,,,,,,,,,,,,,,,,,,,,,,,,,,,,,,,,2,2,2.0,3.0,2.13,,2.0,,46
80.0,146.0,89.0,29.03,99.8,25.4,8.3,25194.0,6.44,60.68,10.6,11.0,15.9,198.52,8.84,0.18,489.2,3.88,0.83,10.6,35.8,7.8,54.7,1.3,0.4,3.8,0.8,5.8,0.1,0.0,5.11,14.7,45.1,88.3,28.8,32.7,17.2,290.0,8.6,0.77,5.4,67.98,40.0,13.0,12.0,97.0,4.64,2.325,25.0,12.0,4.94,116.0,1.19,8.55,72.0,1.535,416.4,97.24,140.0,3.6,102.0,279.0,32.0,1,3,4.0,4.0,2.58,1.0,3.0,3.0,30
92.0,147.0,76.0,26.34,93.1,27.0,2.2,3624.0,19.51,74.11,26.3,123.0,28.3,200.74,11.76,0.24,500.6,8.66,1.24,8.9,50.2,9.2,37.7,1.7,1.3,4.5,0.8,3.4,0.2,0.1,4.66,14.5,41.5,89.1,31.1,34.9,12.0,526.0,7.9,0.55,5.9,39.32,44.0,23.0,25.0,95.0,3.57,2.5,22.0,31.0,5.495,101.0,1.29,10.26,73.0,2.687,267.7,70.72,126.0,3.8,91.0,252.0,29.0,2,5,3.0,3.0,5.0,1.0,3.0,,67
88.0,191.0,120.0,30.4,102.6,12.0,354.5,13083.0,10.56,61.93,17.1,63.0,44.4,476.75,11.64,0.19,1041.9,6.93,0.91,6.4,22.0,5.7,69.6,2.2,0.6,1.4,0.4,4.5,0.1,0.0,5.11,14.1,42.0,82.2,27.6,33.6,12.9,174.0,9.9,0.41,5.4,41.71,41.0,22.0,22.0,76.0,7.14,2.325,23.0,25.0,4.663,133.0,1.19,11.97,75.0,9.122,541.3,114.92,139.0,3.8,102.0,279.0,34.0,1,3,4.0,1.0,4.25,,2.0,,41
,,,,,,,,,,,,,,,,,,,,,,,,,,,,,,,,,,,,,,,,,,,,,,,,,,,,,,,,,,,,,,,2,4,4.0,2.0,1.8,,2.0,,48
86.0,112.0,75.0,33.6,100.6,,18.9,11404.0,,,,,,,,,,,,,,,,,,,,,,,,,,,,,,,,,,,,,,,,,,,,,,,,,,,,,,,,2,4,3.0,4.0,1.39,,2.0,,26
82.0,172.0,78.0,24.65,97.4,21.4,6.2,2740.0,22.02,61.04,36.1,84.0,111.0,462.73,12.0,0.21,967.2,6.21,1.36,6.6,40.2,12.3,44.2,2.8,0.6,2.7,0.8,2.9,0.2,0.0,4.77,14.8,44.6,93.6,31.0,33.1,10.9,219.0,9.4,0.65,7.8,83.38,42.0,52.0,59.0,133.0,4.3,2.5,25.0,55.0,7.161,197.0,1.098,8.6,77.0,1.727,297.4,61.9,138.0,4.1,97.7,277.0,35.0,2,3,2.0,2.0,1.08,,1.0,,85
78.0,118.0,66.0,23.65,90.0,15.0,8.5,9459.0,10.38,61.22,17.0,193.0,51.9,419.92,8.73,0.11,1028.3,4.94,1.32,5.6,29.9,9.0,53.7,6.5,0.9,1.7,0.5,3.0,0.4,0.1,4.43,13.8,40.1,90.6,31.2,34.5,13.5,283.0,7.3,0.58,7.5,71.71,40.0,18.0,25.0,61.0,2.5,2.35,24.0,23.0,8.493,135.0,1.13,8.55,72.0,1.027,315.2,79.56,137.0,4.0,104.0,275.0,32.0,1,4,3.0,1.0,2.51,1.0,2.0,,61
80.0,149.0,72.0,31.2,117.1,16.2,2.3,7514.0,22.2,73.21,30.3,336.0,25.4,263.47,11.4,0.14,815.4,6.52,1.58,7.3,34.0,7.9,54.8,2.9,0.4,2.5,0.6,4.0,0.2,0.0,4.63,15.2,44.1,95.3,33.1,34.7,13.6,207.0,7.7,0.22,5.5,77.49,45.0,37.0,43.0,56.0,8.6,2.25,25.0,15.0,4.94,228.0,0.936,8.6,72.0,0.903,321.2,88.4,142.4,4.43,110.4,287.0,27.0,1,3,5.0,1.0,5.0,1.0,3.0,2.0,76
60.0,118.0,30.0,30.15,104.0,27.2,78.0,25459.0,14.5,62.47,23.2,224.0,14.5,278.23,10.0,0.15,525.5,5.79,1.01,8.1,29.8,10.6,57.2,1.6,0.8,2.4,0.9,4.6,0.1,0.1,5.07,15.2,44.0,86.9,30.0,34.5,11.9,280.0,7.1,2.79,5.4,8.25,43.0,49.0,35.0,84.0,3.93,2.425,24.0,89.0,4.663,136.0,1.1,10.26,78.0,2.111,386.6,79.56,137.0,4.1,100.0,273.0,35.0,1,4,2.0,5.0,0.82,1.0,2.0,4.0,21
82.0,112.0,69.0,17.71,65.2,10.5,3.9,3801.0,25.24,91.47,27.6,22.0,38.3,250.92,12.28,0.23,629.7,5.77,2.46,4.0,31.7,8.0,57.9,1.4,1.0,1.3,0.3,2.3,0.1,0.0,4.7,13.8,40.7,86.6,29.4,33.9,12.6,365.0,6.9,0.02,5.4,73.25,42.0,22.0,34.0,34.0,4.64,2.425,23.0,14.0,5.051,25.25,1.36,10.26,70.0,1.208,237.9,61.88,142.0,4.5,103.0,283.0,28.0,2,3,3.0,5.0,0.97,3.0,2.0,2.0,74
98.0,111.0,58.0,28.5,98.4,33.8,23.7,7249.0,12.53,87.53,14.3,12.0,41.2,215.5,3.0,0.13,853.9,6.1,1.86,11.6,13.9,5.1,79.3,0.9,0.8,1.6,0.6,9.2,0.1,0.1,3.81,12.1,34.8,91.3,31.6,34.6,12.2,296.0,6.9,1.47,4.8,46.54,37.0,28.0,21.0,88.0,1.79,2.075,20.0,9.0,3.941,103.0,1.29,8.55,69.0,2.224,232.0,44.2,138.0,3.4,103.0,272.0,32.0,2,1,4.0,5.0,1.46,,2.0,3.0,21
64.0,102.0,69.0,23.59,84.2,8.8,11.3,16442.0,17.18,66.23,25.9,130.0,28.3,425.09,7.42,0.15,736.1,6.0,1.11,7.1,28.0,6.7,58.6,6.5,0.4,2.0,0.5,4.2,0.5,0.0,5.36,16.5,49.5,92.3,30.9,33.5,12.0,130.0,9.4,0.07,5.1,43.86,50.0,22.0,21.0,66.0,5.0,2.475,27.0,24.0,4.94,159.0,1.32,17.1,78.0,1.75,339.0,88.4,138.0,4.0,100.0,276.0,28.0,1,1,4.0,1.0,4.61,3.0,2.0,2.0,29
,,,,,,,,,,,,,,,,,,,,,,,,,,,,,,,,,,,,,,,,,,,,,,,,,,,,,,,,,,,,,,,1,3,5.0,3.0,5.0,3.0,2.0,,54
66.0,118.0,70.0,33.75,107.7,27.4,16.0,30763.0,7.34,85.03,8.6,6.0,14.9,223.61,7.93,0.22,559.5,5.07,1.16,5.2,33.3,9.3,56.8,0.4,0.3,1.7,0.5,3.0,0.0,0.0,4.76,12.6,38.5,81.0,26.4,32.7,14.7,234.0,8.0,0.32,5.5,,41.0,20.0,19.0,73.0,5.71,2.025,21.0,19.0,4.33,163.0,1.0,10.26,70.0,1.569,327.1,70.72,137.0,3.3,104.0,275.0,29.0,2,1,2.0,1.0,2.15,1.0,2.0,,45
,,,31.1,89.5,28.0,4.5,15647.0,36.87,59.79,61.7,37.0,33.3,251.66,25.89,0.21,668.2,3.93,0.98,4.7,33.6,11.8,50.5,3.3,0.8,1.6,0.6,2.4,0.2,0.0,4.46,14.5,41.8,93.6,32.7,34.9,11.6,202.0,8.8,0.11,5.0,31.97,43.0,20.0,20.0,40.0,3.93,2.35,24.0,13.0,4.607,127.0,1.23,17.1,65.0,0.903,309.3,79.56,140.0,4.3,108.0,278.0,22.0,2,3,4.0,1.0,3.33,,2.0,,36
96.0,139.0,70.0,26.43,99.7,16.8,2.2,3271.0,17.54,73.21,24.0,144.0,38.1,360.88,8.82,0.14,654.6,4.73,1.17,5.6,24.9,11.4,57.8,5.1,0.9,1.4,0.6,3.2,0.3,0.1,5.11,14.6,43.9,86.0,28.5,33.2,13.5,236.0,8.5,0.16,5.4,102.2,41.0,13.0,18.0,90.0,7.1,2.6,24.0,19.0,5.273,140.0,1.098,10.3,71.0,1.942,356.9,53.0,139.5,4.55,101.2,281.0,30.0,2,3,4.0,2.0,1.44,,1.0,1.0,85
86.0,101.0,63.0,21.34,81.2,9.4,10.7,7779.0,21.3,55.67,38.3,191.0,41.4,533.57,10.51,0.19,1483.6,3.96,1.58,8.6,46.6,10.1,40.1,2.8,0.5,4.0,0.9,3.4,0.2,0.0,3.9,13.3,39.3,100.9,34.1,33.8,12.0,209.0,9.9,0.01,5.4,137.4,41.0,29.0,29.0,62.0,7.14,2.275,26.0,51.0,4.052,149.0,1.1,11.97,74.0,0.508,273.6,61.88,140.0,4.5,104.0,281.0,33.0,1,3,2.0,1.0,2.58,1.0,3.0,2.0,49
66.0,95.0,56.0,21.13,79.8,15.1,21.4,28200.0,4.3,57.64,7.5,42.0,17.9,252.4,7.81,0.09,468.9,2.51,1.01,6.8,30.1,5.2,63.1,1.2,0.5,2.0,0.4,4.3,0.1,0.0,4.35,13.3,39.2,90.2,30.6,33.8,12.6,348.0,7.7,0.36,5.3,25.82,44.0,37.0,22.0,22.0,2.5,2.275,21.0,11.0,5.051,5.19,1.29,11.97,76.0,0.598,226.0,70.72,138.0,3.7,106.0,274.0,32.0,2,4,4.0,5.0,0.78,,2.0,1.0,20
74.0,144.0,77.0,26.2,93.7,17.4,11.9,13702.0,5.37,65.16,8.2,145.0,55.7,323.24,10.06,0.22,584.4,6.7,1.78,8.7,19.2,9.0,69.4,1.7,0.8,1.7,0.8,6.0,0.1,0.1,4.39,14.0,43.1,98.1,32.0,32.5,12.4,406.0,7.0,0.7,5.3,344.6,44.0,14.0,20.0,81.0,6.07,2.45,25.0,18.0,5.329,131.0,1.49,6.84,72.0,0.926,261.7,70.72,139.0,5.1,102.0,279.0,28.0,2,3,5.0,2.0,2.82,3.0,2.0,2.0,82
54.0,135.0,72.0,27.25,,12.0,55.0,12641.0,18.26,65.69,27.8,33.0,40.5,346.12,16.0,0.17,1343.1,4.97,1.16,8.2,15.4,5.7,74.4,3.6,0.8,1.3,0.5,6.1,0.3,0.1,4.78,15.9,45.5,95.1,33.3,35.0,13.7,267.0,8.0,0.16,5.7,114.2,39.0,24.0,22.0,78.0,5.36,2.125,20.0,35.0,4.441,148.0,0.94,18.81,65.0,2.529,606.7,106.08,142.0,4.1,106.0,284.0,26.0,1,3,5.0,1.0,5.0,,2.0,,66
96.0,114.0,54.0,27.46,94.7,26.0,7.0,11138.0,20.94,77.15,27.1,39.0,40.8,278.23,3.24,0.08,641.0,6.93,2.22,9.4,21.5,4.7,72.8,1.0,0.1,2.0,0.4,6.8,0.1,0.0,4.64,13.6,38.8,83.6,29.2,34.9,11.4,296.0,8.4,1.22,4.9,3.54,35.0,13.0,15.0,65.0,1.07,2.425,22.0,10.0,4.274,112.0,1.32,10.26,71.0,1.208,214.1,35.36,137.0,3.8,103.0,269.0,36.0,2,3,2.0,1.0,1.66,,2.0,2.0,21
82.0,132.0,81.0,28.31,77.0,29.3,2.0,9105.0,16.29,65.87,24.7,79.0,54.8,410.33,7.43,0.12,1130.2,5.38,1.2,4.6,31.6,10.6,56.1,1.7,0.1,1.5,0.5,2.6,0.1,0.0,4.81,15.2,43.6,90.5,31.6,34.9,11.4,248.0,7.6,0.24,5.2,113.2,43.0,21.0,26.0,68.0,5.4,2.4,22.0,15.0,4.385,182.0,0.969,17.1,70.0,0.835,315.2,79.6,138.7,4.02,105.6,277.0,27.0,2,3,3.0,1.0,4.8,,2.0,1.0,61
,,,,,,,,,,,,,,,,,,,,,,,,,,,,,,,,,,,,,,,,,,,,,,,,,,,,,,,,,,,,,,,1,1,3.0,1.0,1.55,3.0,1.0,,75
78.0,147.0,72.0,32.93,107.8,20.0,3.3,10785.0,24.34,70.71,34.4,148.0,19.3,417.71,10.66,0.14,645.5,4.16,1.08,5.7,42.3,7.0,46.8,3.1,0.8,2.4,0.4,2.7,0.2,0.0,5.14,15.6,45.5,88.6,30.3,34.2,11.9,278.0,7.6,0.07,4.9,7.04,49.0,36.0,25.0,59.0,6.8,2.275,23.0,30.0,4.885,170.0,1.033,13.7,75.0,1.626,493.7,70.7,141.9,4.61,106.4,285.0,26.0,1,3,3.0,1.0,5.0,1.0,4.0,5.0,32
100.0,97.0,60.0,17.72,68.1,11.8,9.9,16973.0,32.76,91.47,35.8,11.0,33.3,325.46,4.56,0.08,577.6,3.08,1.29,9.1,26.9,6.9,63.2,2.8,0.3,2.4,0.6,5.8,0.3,0.0,4.18,13.3,38.7,92.5,31.7,34.2,12.3,335.0,7.7,0.59,5.2,16.83,44.0,37.0,23.0,58.0,5.0,2.45,22.0,13.0,4.108,118.0,1.36,25.65,76.0,1.468,291.5,70.72,140.0,4.7,104.0,279.0,32.0,2,3,4.0,5.0,5.0,1.0,2.0,9.0,20
82.0,155.0,96.0,41.94,120.8,,18.8,7160.0,10.92,63.72,17.1,33.0,13.6,312.91,7.19,0.13,271.8,5.22,1.67,4.6,37.7,6.4,53.2,2.1,0.6,1.7,0.3,2.4,0.1,0.0,5.24,11.8,37.3,71.2,22.5,31.5,15.2,272.0,7.6,1.04,6.4,,41.0,21.0,16.0,93.0,3.9,2.375,26.0,20.0,6.273,206.0,1.001,5.1,77.0,0.689,410.4,61.9,138.0,3.16,99.2,276.0,36.0,2,4,2.0,3.0,5.0,,1.0,,49
56.0,129.0,61.0,25.9,97.3,13.8,23.8,6453.0,19.69,82.52,23.9,15.0,63.2,355.72,9.03,0.15,1220.8,5.46,1.58,6.1,26.1,10.4,61.1,2.3,0.1,1.6,0.6,3.7,0.1,0.0,4.05,13.5,39.7,98.0,33.3,34.0,13.6,217.0,7.4,0.06,5.5,141.1,46.0,26.0,31.0,49.0,3.21,2.4,25.0,25.0,5.995,154.0,1.13,13.68,75.0,1.445,440.2,79.56,141.0,4.1,104.0,280.0,29.0,1,3,3.0,1.0,3.33,,2.0,3.0,69
86.0,140.0,68.0,50.22,136.6,,1.9,3890.0,14.68,48.51,30.3,123.0,20.6,236.9,7.86,0.22,423.6,6.49,1.45,14.5,16.2,5.3,76.7,1.2,0.6,2.3,0.8,11.1,0.2,0.1,5.43,15.0,45.5,83.9,27.8,33.1,12.6,569.0,7.9,2.67,5.5,180.7,45.0,21.0,15.0,110.0,3.9,2.725,23.0,33.0,5.995,149.0,0.936,8.6,80.0,1.366,273.6,44.2,139.2,3.65,100.5,278.0,35.0,2,3,3.0,5.0,,3.0,2.0,2.0,35
76.0,120.0,84.0,28.63,105.7,15.8,13.0,10520.0,17.72,81.98,21.6,83.0,65.9,231.73,7.06,0.22,878.8,6.21,2.38,9.1,21.5,6.6,69.4,1.3,1.2,2.0,0.6,6.3,0.1,0.1,4.13,13.7,39.7,96.1,33.1,34.4,13.2,225.0,9.4,0.28,5.0,49.94,47.0,15.0,25.0,95.0,4.3,2.425,23.0,36.0,4.33,184.0,0.936,12.0,82.0,0.711,386.6,44.2,142.7,4.38,103.9,283.0,35.0,2,3,3.0,1.0,4.44,3.0,2.0,2.0,47
,,,32.32,108.3,17.8,1.2,3890.0,17.9,79.66,22.5,131.0,15.2,245.75,10.47,0.27,446.2,3.9,0.79,5.9,38.3,11.2,46.0,3.5,1.0,2.3,0.7,2.7,0.2,0.1,5.03,15.9,45.0,89.4,31.6,35.3,12.7,213.0,8.4,0.57,4.9,15.72,48.0,64.0,59.0,114.0,5.4,2.35,25.0,58.0,4.829,173.0,1.162,17.1,78.0,2.823,535.3,79.6,138.8,3.94,97.5,277.0,30.0,1,1,3.0,1.0,,,2.0,,35
80.0,122.0,92.0,45.87,121.4,32.1,7.3,7868.0,5.01,71.06,7.1,6.0,41.4,390.4,4.06,0.09,763.3,5.43,0.96,7.1,35.8,8.8,52.5,2.3,0.6,2.5,0.6,3.7,0.2,0.0,5.21,14.1,42.6,81.8,27.1,33.2,14.5,410.0,7.6,0.3,5.4,15.19,40.0,29.0,26.0,123.0,3.6,2.25,21.0,21.0,5.384,193.0,0.872,5.1,73.0,2.766,291.5,53.0,135.5,4.45,101.6,270.0,33.0,2,3,3.0,1.0,5.0,,1.0,,39
74.0,148.0,61.0,25.9,97.8,,3.0,4066.0,15.57,90.75,17.2,28.0,55.7,600.73,5.79,0.12,1007.9,6.57,1.5,8.2,34.0,7.0,57.5,0.7,0.8,2.8,0.6,4.7,0.1,0.1,4.41,14.1,40.7,92.2,32.0,34.8,12.2,307.0,7.6,1.84,5.6,86.09,42.0,31.0,35.0,112.0,3.9,2.475,24.0,48.0,5.162,151.0,1.001,5.1,76.0,2.777,261.7,53.0,142.9,4.42,101.5,284.0,34.0,2,3,3.0,1.0,2.22,,2.0,,65
88.0,107.0,63.0,22.53,78.5,18.8,4.9,13083.0,9.85,51.37,19.2,59.0,17.4,207.38,7.34,0.2,593.4,7.34,0.93,8.6,44.8,9.0,42.4,2.8,1.0,3.9,0.8,3.6,0.2,0.1,3.89,12.9,37.7,96.9,33.3,34.3,12.0,260.0,7.5,0.1,5.4,28.06,42.0,12.0,17.0,17.0,4.28,2.25,26.0,19.0,5.495,10.75,1.58,10.26,73.0,3.037,232.0,61.88,136.0,3.8,98.0,271.0,31.0,2,3,2.0,3.0,0.93,1.0,3.0,1.0,32
66.0,131.0,91.0,28.99,98.0,12.2,8.4,25017.0,18.08,61.4,29.4,158.0,20.4,324.72,5.21,0.11,376.0,4.09,0.85,5.7,36.0,7.2,52.7,3.6,0.6,2.1,0.4,3.0,0.2,0.0,5.59,16.3,49.0,87.6,29.2,33.3,12.0,395.0,8.7,0.25,5.8,34.11,42.0,42.0,22.0,119.0,4.3,2.35,21.0,33.0,4.94,143.0,1.356,12.0,72.0,1.276,392.6,53.0,137.7,4.17,102.4,274.0,30.0,1,2,4.0,1.0,1.27,,3.0,4.0,36
72.0,177.0,103.0,30.42,104.4,16.5,1.1,9282.0,10.02,84.49,11.9,338.0,17.9,337.27,11.54,0.44,403.2,5.04,1.22,8.9,50.9,10.0,36.3,1.3,1.6,4.5,0.9,3.2,0.1,0.1,4.55,15.1,44.6,98.1,33.2,33.8,12.1,216.0,9.2,0.38,5.6,41.74,41.0,64.0,67.0,116.0,3.93,2.4,20.0,554.0,4.274,213.0,1.36,11.97,76.0,2.156,463.9,79.56,138.0,4.2,102.0,275.0,35.0,1,4,3.0,3.0,0.95,2.0,2.0,4.0,49
56.0,119.0,65.0,35.84,102.3,33.0,1.6,12818.0,6.98,53.16,13.1,22.0,24.2,467.15,5.59,0.07,496.0,4.84,1.47,5.2,46.0,10.4,40.3,2.5,0.8,2.4,0.5,2.1,0.1,0.0,4.59,11.8,36.1,78.6,25.7,32.8,13.9,289.0,8.2,1.25,5.8,,38.0,14.0,14.0,91.0,4.64,2.225,26.0,18.0,4.607,106.0,1.23,10.26,72.0,0.745,255.8,61.88,139.0,4.0,103.0,277.0,34.0,2,4,5.0,1.0,5.0,,2.0,,36
58.0,110.0,62.0,26.16,,25.6,6.5,14586.0,15.75,82.88,19.0,12.0,17.4,261.99,8.05,0.12,414.5,4.37,0.73,5.3,27.3,9.4,62.2,0.8,0.3,1.4,0.5,3.3,0.0,0.0,4.42,13.7,39.5,89.3,31.0,34.7,12.4,215.0,9.4,0.06,4.8,,48.0,13.0,16.0,72.0,4.3,2.325,24.0,13.0,5.384,141.0,0.969,10.3,76.0,1.558,297.4,44.2,142.6,3.69,104.3,284.0,28.0,2,1,1.0,1.0,,,2.0,,34
58.0,129.0,56.0,24.0,87.2,12.3,11.2,7956.0,20.41,89.32,22.8,52.0,44.2,447.23,12.38,0.17,752.0,4.71,1.14,5.1,20.8,9.7,63.5,6.0,0.1,1.1,0.5,3.2,0.3,0.0,4.5,14.6,44.5,98.2,32.4,32.8,14.1,204.0,8.6,0.06,6.3,370.4,45.0,28.0,37.0,60.0,9.28,2.4,24.0,35.0,5.829,214.0,1.07,11.97,70.0,1.039,243.9,97.24,141.0,4.2,,286.0,25.0,1,1,4.0,1.0,4.77,3.0,2.0,1.0,75
70.0,143.0,66.0,22.59,91.0,12.0,17.6,12995.0,29.36,59.07,49.7,182.0,22.4,163.84,14.48,0.33,650.1,4.65,2.59,5.1,16.5,8.1,66.9,7.8,0.8,0.8,0.4,3.4,0.4,0.0,5.23,16.8,49.7,94.9,32.1,33.8,13.1,184.0,8.7,0.2,5.3,39.51,44.0,47.0,31.0,80.0,6.07,2.425,26.0,53.0,6.939,98.0,1.0,29.07,73.0,0.598,422.3,114.92,136.0,4.4,101.0,275.0,29.0,1,3,2.0,1.0,2.18,,2.0,2.0,77
60.0,152.0,75.0,21.89,86.7,8.8,70.3,10608.0,10.2,52.63,19.4,76.0,14.3,319.55,16.73,0.12,616.1,5.69,2.0,6.6,15.9,8.9,72.7,2.4,0.2,1.0,0.6,4.8,0.2,0.0,4.48,13.9,39.8,89.1,31.0,34.8,14.9,107.0,9.0,0.2,5.3,222.9,46.0,11.0,17.0,46.0,6.1,2.5,23.0,15.0,5.273,129.0,0.936,8.6,79.0,0.779,285.5,70.7,143.1,4.65,101.7,287.0,33.0,1,3,1.0,1.0,1.07,3.0,1.0,,85
86.0,178.0,107.0,41.0,130.1,39.0,27.4,20420.0,21.48,61.22,35.1,272.0,10.6,246.49,17.82,0.29,378.3,4.19,1.01,7.6,38.6,13.0,43.8,3.9,0.6,2.9,1.0,3.3,0.3,0.0,4.77,15.5,45.9,96.2,32.4,33.7,14.5,254.0,8.6,0.57,6.4,123.8,42.0,32.0,25.0,101.0,5.0,2.225,21.0,42.0,5.384,178.0,1.68,10.26,69.0,1.66,505.6,88.4,143.0,4.4,105.0,286.0,27.0,1,4,3.0,3.0,3.14,2.0,2.0,1.0,51
74.0,171.0,73.0,25.7,85.0,33.6,5.5,5392.0,8.95,47.08,19.0,56.0,74.1,867.15,6.93,0.13,1173.3,5.33,1.39,6.5,25.8,8.8,63.0,1.8,0.6,1.7,0.6,4.1,0.1,0.0,4.86,13.8,41.8,85.7,28.3,33.1,13.9,254.0,8.9,4.95,5.3,,43.0,30.0,32.0,85.0,3.6,2.325,27.0,29.0,4.274,138.0,1.033,10.3,72.0,1.332,297.4,61.9,143.9,4.01,107.6,285.0,29.0,2,1,1.0,2.0,,,2.0,,75
78.0,108.0,74.0,17.48,64.4,6.2,1.0,2122.0,14.86,68.02,21.8,17.0,33.5,595.57,4.98,0.1,627.4,4.27,1.36,8.7,30.5,5.6,61.5,2.2,0.2,2.7,0.5,5.4,0.2,0.0,4.11,13.0,38.0,92.3,31.7,34.3,12.1,221.0,7.7,0.01,5.2,39.0,43.0,11.0,17.0,68.0,2.1,2.325,24.0,18.0,3.941,145.0,1.162,8.6,73.0,0.565,237.9,44.2,141.6,4.06,109.6,278.0,30.0,2,3,3.0,4.0,0.82,1.0,2.0,,31
82.0,112.0,26.0,28.01,105.8,32.2,7380.0,12995.0,22.2,61.4,36.2,151.0,498.3,1008.85,7.15,0.93,5327.3,4.37,1.0,10.0,19.8,7.1,71.3,1.7,0.1,2.0,0.7,7.1,0.2,0.0,4.32,15.6,45.3,105.1,36.1,34.3,17.5,175.0,8.8,0.45,6.6,4146.0,46.0,24.0,19.0,146.0,11.4,2.45,24.0,33.0,13.544,163.0,2.163,10.3,78.0,2.834,261.7,689.5,132.8,6.63,89.6,281.0,32.0,2,3,4.0,1.0,2.46,,3.0,1.0,51
,,,21.26,83.0,6.0,58.9,10343.0,28.82,72.32,39.9,138.0,10.9,202.21,10.75,0.06,527.7,4.63,1.73,7.4,30.6,7.1,61.0,1.3,0.1,2.3,0.5,4.5,0.1,0.0,5.3,17.1,50.0,94.4,32.3,34.2,12.7,219.0,7.6,0.04,5.5,23.45,44.0,28.0,25.0,93.0,3.21,2.275,23.0,42.0,5.218,94.0,1.29,10.26,77.0,1.389,327.1,70.72,142.0,4.1,107.0,282.0,33.0,1,1,1.0,4.0,0.79,1.0,4.0,4.0,37
,,,24.06,75.3,,5.7,7868.0,9.49,63.01,15.1,36.0,39.0,447.97,7.45,0.14,926.4,5.02,2.1,5.5,28.3,7.8,57.0,5.9,1.0,1.6,0.4,3.1,0.3,0.1,4.64,14.4,42.2,90.9,31.0,34.1,12.2,199.0,8.9,0.05,4.8,52.83,45.0,13.0,19.0,75.0,6.1,2.4,27.0,11.0,5.051,137.0,1.227,17.1,71.0,0.598,237.9,53.0,140.9,4.21,104.6,282.0,26.0,2,3,5.0,1.0,5.0,,2.0,1.0,43
58.0,102.0,69.0,24.64,80.5,23.0,11.7,25194.0,8.06,72.85,11.1,24.0,22.9,708.48,5.92,0.05,505.1,4.37,1.32,5.1,44.2,6.1,47.0,0.7,2.0,2.3,0.3,2.4,0.0,0.1,3.76,11.9,34.5,91.8,31.5,34.3,11.8,254.0,9.1,0.01,4.7,22.4,41.0,13.0,16.0,66.0,3.21,2.225,25.0,10.0,4.663,96.0,1.1,10.26,73.0,0.474,166.5,61.88,139.0,4.0,105.0,276.0,32.0,2,4,4.0,1.0,4.35,,1.0,1.0,37
,,,,,,,,,,,,,,,,,,,,,,,,,,,,,,,,,,,,,,,,,,,,,,,,,,,,,,,,,,,,,,,2,3,5.0,1.0,,,1.0,,85
76.0,97.0,64.0,23.75,76.9,20.1,29.4,9724.0,13.6,58.71,23.2,75.0,103.3,805.16,10.88,0.21,1261.6,4.71,1.28,4.7,25.6,10.7,57.3,5.8,0.6,1.2,0.5,2.7,0.3,0.0,4.4,13.8,39.7,90.1,31.2,34.6,14.7,214.0,8.2,0.08,5.3,639.0,48.0,11.0,20.0,53.0,8.2,2.55,22.0,10.0,5.384,115.0,1.259,8.6,77.0,2.258,434.2,114.9,140.2,4.87,102.8,283.0,29.0,2,3,5.0,3.0,3.15,,2.0,,66
58.0,115.0,63.0,27.18,104.4,21.4,5.2,4066.0,,,,,,,,,,,,,,,,,,,,,,,,,,,,,,,,,,,,,,,,,,,,,,,,,,,,,,,,1,3,1.0,1.0,1.78,,1.0,,79
54.0,130.0,75.0,20.45,67.7,16.0,1.9,2652.0,27.92,81.45,34.3,115.0,45.1,459.77,7.12,0.12,1030.6,6.13,2.38,5.6,41.9,8.7,48.3,0.9,0.3,2.3,0.5,2.7,0.1,0.0,4.42,13.8,41.4,93.6,31.2,33.3,12.8,255.0,9.1,0.39,5.4,224.5,45.0,20.0,31.0,94.0,5.36,2.4,23.0,16.0,4.108,151.0,1.23,18.81,73.0,0.711,267.7,61.88,137.0,3.8,102.0,273.0,28.0,2,3,3.0,2.0,2.93,,3.0,1.0,69
66.0,128.0,85.0,31.77,117.8,15.7,4.4,8928.0,,,,,,,,,,,,,,,,,,,,,,,,,,,,,,,,,,,,,,,,,,,,,,,,,,,,,,,,1,3,3.0,1.0,0.51,3.0,1.0,,43
,,,,,,,,,,,,,,,,,,,,,,,,,,,,,,,,,,,,,,,,,,,,,,,,,,,,,,,,,,,,,,,1,3,3.0,1.0,1.07,,1.0,,85
88.0,174.0,80.0,29.73,96.8,34.1,20.9,19802.0,13.6,47.26,28.8,87.0,22.7,560.14,8.2,0.22,804.1,6.39,1.29,5.8,50.7,5.6,41.7,1.8,0.2,2.9,0.3,2.4,0.1,0.0,4.9,11.2,35.4,72.2,22.8,31.6,13.9,350.0,9.3,0.18,6.5,114.2,42.0,27.0,22.0,77.0,4.28,2.675,22.0,17.0,6.939,155.0,0.94,10.26,76.0,1.558,237.9,79.56,140.0,3.3,103.0,280.0,34.0,2,4,2.0,1.0,1.22,,1.0,,67
,,,23.32,,,0.7,972.0,21.66,55.67,38.9,106.0,32.6,120.29,9.56,0.43,421.3,4.84,2.04,6.5,38.9,5.9,52.9,1.2,1.2,2.5,0.4,3.4,0.1,0.1,4.68,15.1,44.3,94.7,32.3,34.1,13.3,276.0,8.0,0.25,5.2,9.64,44.0,18.0,32.0,64.0,3.21,2.3,25.0,20.0,3.941,143.0,1.49,10.26,76.0,0.847,368.8,79.56,141.0,4.1,106.0,278.0,32.0,1,1,1.0,1.0,0.23,1.0,4.0,,31
80.0,118.0,59.0,,,,,,,,,,,,,,,,,,,,,,,,,,,,,,,,,,,,,,,,,,,,,,,,,,,,,,,,,,,,,1,4,3.0,5.0,0.93,,2.0,,30
64.0,170.0,70.0,26.28,86.0,20.1,5.3,6276.0,14.14,77.69,18.2,34.0,44.6,525.46,5.21,0.15,779.2,5.17,1.86,5.5,39.1,6.5,51.2,2.4,0.9,2.2,0.4,2.8,0.1,0.0,4.0,11.6,35.3,88.1,29.0,32.9,12.6,293.0,8.4,0.24,5.7,212.0,40.0,16.0,20.0,30.0,5.0,2.325,22.0,27.0,5.607,101.0,0.97,8.55,70.0,1.219,291.5,53.04,139.0,3.9,107.0,278.0,30.0,2,5,2.0,1.0,5.0,3.0,1.0,,57
64.0,172.0,98.0,22.62,81.9,7.5,54.5,17503.0,7.16,52.27,13.7,351.0,33.3,331.36,9.14,0.09,500.6,5.53,1.86,6.4,21.5,10.0,65.4,2.2,0.9,1.4,0.6,4.2,0.1,0.1,4.8,15.0,42.9,89.4,31.4,35.1,11.2,277.0,7.5,0.43,5.1,62.38,42.0,25.0,37.0,85.0,6.07,2.35,24.0,103.0,5.718,184.0,0.81,18.81,78.0,2.032,529.4,70.72,143.0,3.7,104.0,286.0,36.0,1,2,1.0,1.0,0.87,3.0,4.0,3.0,46
86.0,105.0,68.0,27.2,102.2,12.2,85.9,30144.0,34.19,72.14,47.4,99.0,63.4,315.86,8.45,0.1,853.9,5.04,1.36,6.6,24.6,7.2,65.9,1.6,0.7,1.6,0.5,4.3,0.1,0.0,4.86,15.9,44.9,92.4,32.6,35.3,13.2,252.0,7.9,0.08,5.2,117.6,48.0,36.0,41.0,75.0,2.9,2.4,22.0,44.0,5.44,121.0,1.033,13.7,77.0,1.863,481.8,53.0,142.7,3.83,105.7,283.0,29.0,1,1,4.0,,0.81,1.0,3.0,6.0,40
70.0,167.0,76.0,22.06,79.5,15.2,6.1,3271.0,21.48,83.59,25.7,28.0,102.2,373.43,9.11,0.13,1207.2,5.92,2.89,5.6,19.5,6.7,70.8,2.3,0.7,1.1,0.4,4.0,0.1,0.0,4.24,13.9,40.8,96.2,32.5,33.8,12.1,242.0,8.3,0.38,5.4,,44.0,16.0,24.0,52.0,4.6,2.35,23.0,10.0,5.107,156.0,1.066,8.6,77.0,1.829,220.1,53.0,138.4,4.07,102.0,276.0,33.0,2,3,3.0,3.0,1.27,,2.0,,80
70.0,116.0,62.0,31.89,94.8,,7.0,24133.0,,,,,,,8.3,0.11,883.4,,,5.8,,,,,,,,,,,4.09,11.8,35.3,86.6,28.8,33.3,13.0,268.0,7.4,,5.0,,,,,,,,,,,,,,,,,,,,,,,2,4,4.0,4.0,2.91,,1.0,,50
60.0,102.0,64.0,31.3,86.3,27.4,12.0,19006.0,4.12,77.33,5.3,3.0,24.5,519.55,5.43,0.05,491.5,4.37,1.08,5.0,33.0,10.7,53.6,2.2,0.6,1.7,0.5,2.7,0.1,0.0,4.11,10.8,33.1,80.5,26.3,32.7,13.1,394.0,8.5,0.02,5.4,,43.0,27.0,26.0,55.0,5.0,2.2,26.0,12.0,5.107,207.0,1.098,5.1,72.0,0.7,190.3,44.2,139.6,4.22,105.3,279.0,29.0,2,1,2.0,1.0,5.0,,2.0,,42
90.0,118.0,88.0,31.79,101.0,34.4,3.7,3713.0,19.51,46.9,41.6,43.0,54.4,374.9,4.4,0.05,844.8,6.05,1.78,7.8,27.8,4.1,66.3,1.6,0.3,2.2,0.3,5.2,0.1,0.0,4.51,13.3,39.1,86.9,29.5,33.9,13.1,300.0,7.5,0.42,5.1,21.07,40.0,13.0,16.0,52.0,2.5,2.45,21.0,11.0,4.607,176.0,1.45,10.26,78.0,1.163,160.6,53.04,136.0,3.6,100.0,269.0,38.0,2,4,4.0,1.0,5.0,,1.0,,32
70.0,144.0,80.0,30.61,97.0,8.8,8.7,7160.0,25.24,61.58,41.0,1129.0,28.1,502.58,8.39,0.09,385.1,6.41,1.19,3.8,56.1,7.4,35.1,1.0,0.5,2.1,0.3,1.3,0.0,0.0,4.95,16.0,45.3,91.6,32.3,35.2,11.6,294.0,7.3,0.09,5.2,22.67,45.0,37.0,34.0,57.0,6.43,2.45,25.0,76.0,6.106,133.0,1.19,13.68,79.0,3.714,374.7,70.72,136.0,4.7,97.0,274.0,34.0,1,1,2.0,1.0,3.14,,4.0,6.0,38
68.0,108.0,75.0,24.84,90.4,9.3,7.5,11757.0,15.39,55.67,27.7,120.0,20.2,292.99,9.25,0.13,398.6,4.37,0.78,6.6,26.7,5.4,59.3,8.5,0.2,1.8,0.4,3.9,0.6,0.0,5.61,16.2,47.4,84.5,28.8,34.2,12.3,169.0,9.6,0.1,5.2,11.04,48.0,15.0,22.0,87.0,5.0,2.425,24.0,18.0,5.329,140.0,1.07,13.68,80.0,1.366,315.2,70.72,140.0,4.0,102.0,280.0,32.0,1,1,1.0,6.0,1.21,3.0,1.0,18.0,23
84.0,108.0,69.0,26.56,88.4,13.3,16.4,18299.0,15.75,34.01,46.3,87.0,18.3,426.56,5.7,0.11,468.9,5.46,1.63,4.9,34.5,8.5,53.7,2.8,0.6,1.7,0.4,2.6,0.1,0.0,4.99,15.3,44.5,89.1,30.6,34.3,12.1,201.0,9.3,0.21,5.2,5.77,42.0,22.0,20.0,48.0,4.64,2.4,26.0,18.0,4.829,124.0,1.03,10.26,67.0,0.632,279.6,88.4,138.0,4.0,104.0,275.0,25.0,1,1,4.0,1.0,2.36,,2.0,2.0,30
70.0,140.0,74.0,30.13,116.8,19.2,11.7,9547.0,21.48,61.4,35.0,74.0,76.3,214.02,12.14,0.24,2135.9,4.24,2.22,5.7,20.8,10.9,60.5,7.2,0.6,1.2,0.6,3.4,0.4,0.0,4.39,14.6,41.8,94.9,33.1,34.8,12.6,271.0,8.6,0.36,5.6,268.3,40.0,34.0,32.0,55.0,5.36,2.3,22.0,17.0,5.44,143.0,0.9,11.97,71.0,1.716,446.1,114.92,140.0,3.5,103.0,280.0,31.0,1,3,5.0,1.0,2.15,3.0,2.0,,79
88.0,124.0,74.0,29.93,102.7,8.6,28.8,27139.0,12.71,47.44,26.8,98.0,11.6,453.13,7.69,0.13,323.9,5.69,1.5,6.6,23.1,7.6,63.5,5.6,0.3,1.5,0.5,4.2,0.4,0.0,5.3,15.1,45.9,86.9,28.7,33.0,12.4,251.0,8.8,0.39,5.4,31.8,44.0,45.0,33.0,61.0,3.9,2.325,26.0,21.0,4.829,201.0,0.775,10.3,79.0,0.565,321.2,70.7,145.4,4.48,105.5,288.0,35.0,1,4,1.0,4.0,1.41,,3.0,,43
68.0,127.0,64.0,35.85,125.8,,9.8,6276.0,10.02,68.74,14.6,771.0,17.2,509.96,15.03,0.14,437.1,6.05,1.45,5.3,39.8,9.1,35.7,15.0,0.5,2.1,0.5,1.9,0.8,0.0,4.45,12.8,39.8,89.6,28.7,32.0,12.8,310.0,8.6,0.51,10.2,17.62,39.0,17.0,15.0,67.0,7.14,2.55,27.0,20.0,12.434,146.0,1.42,5.13,68.0,1.908,345.0,106.08,137.0,4.6,99.0,283.0,29.0,1,4,1.0,1.0,1.83,,1.0,,62
86.0,108.0,77.0,21.83,76.0,19.8,25.4,25106.0,31.86,73.21,43.5,60.0,59.3,184.5,3.95,0.1,654.6,4.91,1.82,6.7,49.9,6.8,42.2,1.0,0.3,3.3,0.5,2.8,0.1,0.0,4.33,13.9,42.0,96.8,32.3,33.3,11.8,315.0,7.4,0.02,4.7,10.6,47.0,27.0,20.0,63.0,4.3,2.4,21.0,48.0,4.718,124.0,1.259,6.8,83.0,1.366,243.9,44.2,137.8,4.02,101.3,274.0,36.0,2,2,4.0,5.0,3.03,,3.0,3.0,22
68.0,106.0,42.0,,103.6,20.6,8.8,10431.0,17.01,79.12,21.5,14.0,30.8,263.47,11.42,0.54,822.2,6.05,1.4,9.4,17.2,5.3,76.1,1.1,0.4,1.6,0.5,7.2,0.1,0.0,4.77,15.0,43.3,90.7,31.5,34.8,12.8,192.0,8.4,0.56,5.2,407.4,38.0,12.0,20.0,66.0,5.36,2.45,25.0,8.0,4.829,127.0,1.29,10.26,77.0,1.784,368.8,70.72,141.0,3.8,101.0,281.0,39.0,2,3,3.0,3.0,0.79,1.0,1.0,1.0,72
60.0,121.0,56.0,27.15,94.8,13.0,,,42.6,59.97,71.0,497.0,27.6,343.91,8.42,0.14,675.0,5.09,1.31,6.9,24.8,8.4,59.9,6.0,0.9,1.7,0.6,4.1,0.4,0.1,5.39,17.3,49.6,92.1,32.0,34.7,11.1,235.0,8.9,0.14,4.9,47.17,49.0,33.0,27.0,93.0,3.6,2.525,22.0,69.0,5.384,169.0,1.066,20.5,79.0,1.897,463.9,70.7,140.1,4.51,101.2,279.0,30.0,1,3,4.0,5.0,1.32,1.0,3.0,6.0,25
80.0,104.0,56.0,22.57,76.0,12.6,15.5,17150.0,26.85,63.55,42.3,62.0,14.7,366.05,6.94,0.06,328.4,4.86,2.06,6.3,31.9,7.4,59.1,1.0,0.6,2.0,0.5,3.7,0.1,0.0,4.27,13.1,38.1,89.2,30.5,34.2,11.7,229.0,7.5,0.15,4.8,73.5,47.0,14.0,18.0,49.0,4.3,2.325,24.0,12.0,4.219,113.0,1.195,15.4,76.0,0.565,196.3,53.0,139.5,4.0,101.1,277.0,29.0,2,2,5.0,5.0,,,2.0,,22
82.0,115.0,78.0,33.16,113.9,24.6,4.0,11315.0,13.96,55.85,25.0,63.0,14.7,262.73,9.8,0.36,613.8,5.66,0.65,7.8,30.3,9.1,57.2,2.9,0.5,2.4,0.7,4.5,0.2,0.0,5.08,15.0,44.1,86.7,29.5,34.1,12.5,310.0,8.2,0.64,5.3,16.66,42.0,29.0,19.0,67.0,5.0,2.3,24.0,25.0,4.441,138.0,1.16,10.26,71.0,3.918,362.8,88.4,140.0,3.8,101.0,279.0,29.0,1,3,3.0,6.0,3.61,,1.0,3.0,43
70.0,,,34.5,116.4,25.4,9.1,13614.0,19.51,75.36,25.9,67.0,27.9,264.2,10.74,0.22,473.4,5.02,1.5,7.5,33.3,9.5,55.3,1.4,0.4,2.5,0.7,4.1,0.1,0.0,4.48,13.4,40.7,90.7,29.8,32.8,13.4,236.0,8.0,0.48,5.8,17.46,42.0,50.0,60.0,103.0,5.0,2.275,24.0,24.0,5.773,167.0,0.969,10.3,72.0,1.005,350.9,44.2,143.2,4.0,103.9,286.0,30.0,2,1,1.0,1.0,2.39,,2.0,4.0,70
72.0,143.0,94.0,35.99,120.4,20.5,5.0,10431.0,9.49,64.62,14.7,76.0,39.9,434.68,9.79,0.13,1118.9,5.74,1.27,6.8,34.7,6.5,47.0,3.3,8.5,2.4,0.4,3.2,0.2,0.6,4.91,16.5,49.9,101.6,33.5,32.9,13.0,268.0,7.9,0.41,5.0,52.92,41.0,18.0,19.0,66.0,6.43,2.325,22.0,39.0,4.663,126.0,1.07,15.39,75.0,0.982,362.8,79.56,141.0,4.1,103.0,282.0,34.0,1,4,4.0,1.0,5.0,1.0,3.0,3.0,69
82.0,135.0,84.0,16.88,75.7,6.4,14.8,5746.0,20.41,57.1,35.7,60.0,10.6,206.64,13.41,0.1,339.8,5.46,1.93,6.5,31.7,8.2,50.5,8.8,0.8,2.1,0.5,3.3,0.6,0.1,5.36,12.9,39.2,73.1,24.2,33.1,14.4,279.0,8.8,0.03,5.2,253.3,42.0,13.0,23.0,144.0,1.4,2.275,20.0,35.0,5.051,135.0,1.421,6.8,80.0,1.106,315.2,70.7,126.6,4.13,90.0,251.0,38.0,1,4,5.0,1.0,5.0,3.0,2.0,3.0,62
56.0,128.0,81.0,28.51,106.8,19.2,9.1,6365.0,13.25,68.92,19.2,391.0,28.3,475.27,9.37,0.13,548.1,6.44,1.14,9.7,18.1,7.6,72.5,0.9,0.9,1.8,0.7,7.0,0.1,0.1,5.6,16.6,49.2,87.8,29.8,33.8,12.9,203.0,8.5,0.14,5.6,28.36,47.0,34.0,29.0,88.0,7.14,2.6,26.0,19.0,4.718,162.0,1.23,11.97,73.0,1.694,392.6,70.72,140.0,4.4,99.0,281.0,26.0,1,3,4.0,1.0,2.9,3.0,2.0,,54
54.0,112.0,50.0,29.99,114.0,18.2,6.1,11580.0,16.47,55.67,29.6,239.0,26.5,307.75,12.12,0.17,631.9,6.78,1.01,8.6,32.7,11.0,54.2,1.6,0.6,2.8,0.9,4.7,0.1,0.1,4.87,15.0,44.2,90.7,30.9,34.0,12.9,236.0,7.5,0.31,5.8,96.39,41.0,21.0,28.0,76.0,4.64,2.375,24.0,18.0,4.885,120.0,1.36,15.39,78.0,4.471,434.2,106.08,138.0,4.3,104.0,275.0,37.0,1,3,3.0,1.0,2.51,3.0,2.0,,64
60.0,114.0,66.0,24.77,79.0,6.4,8.0,18564.0,21.12,72.32,29.2,60.0,18.6,338.74,7.18,0.1,344.3,4.91,1.58,6.4,25.2,13.1,59.2,2.1,0.4,1.6,0.8,3.8,0.1,0.0,5.31,15.9,47.8,90.1,29.9,33.2,13.6,303.0,8.5,0.04,5.3,3.54,47.0,27.0,28.0,74.0,3.21,2.5,26.0,25.0,5.273,158.0,1.1,13.68,73.0,1.118,410.4,79.56,139.0,4.3,104.0,276.0,26.0,1,2,1.0,1.0,2.26,2.0,2.0,20.0,23
50.0,108.0,60.0,28.12,92.0,,3.3,6453.0,18.97,48.87,38.8,49.0,43.3,549.81,6.23,0.09,1062.3,5.25,1.98,7.8,21.2,6.6,70.4,1.3,0.5,1.7,0.5,5.5,0.1,0.0,4.47,13.9,41.2,92.1,31.1,33.8,12.4,301.0,8.5,0.07,5.6,60.91,42.0,17.0,24.0,52.0,5.7,2.35,24.0,11.0,4.552,176.0,0.936,8.6,74.0,0.553,202.2,61.9,143.0,4.41,105.2,285.0,32.0,2,3,4.0,1.0,3.52,,2.0,1.0,52
90.0,107.0,59.0,22.03,68.9,17.2,8.4,8928.0,12.53,64.62,19.4,44.0,18.3,484.87,6.44,0.09,416.8,3.54,1.98,8.3,34.2,10.0,51.9,3.3,0.5,2.8,0.8,4.3,0.3,0.0,4.35,13.4,39.1,89.7,30.8,34.3,12.7,308.0,8.5,0.05,4.9,27.8,50.0,15.0,19.0,77.0,5.7,2.275,26.0,12.0,4.441,142.0,1.324,5.1,79.0,0.497,142.8,35.4,139.7,4.15,99.7,279.0,29.0,2,1,3.0,1.0,3.59,,1.0,4.0,26
92.0,110.0,70.0,32.96,115.2,18.0,9.7,5304.0,28.82,78.94,36.5,22.0,104.6,167.53,6.52,0.21,1417.9,5.22,1.23,8.4,13.4,6.5,78.7,0.9,0.6,1.1,0.5,6.6,0.1,0.1,4.22,12.7,37.2,88.0,30.0,34.1,13.1,195.0,7.8,0.29,5.3,26.58,34.0,12.0,15.0,119.0,2.5,2.35,21.0,14.0,4.385,105.0,0.969,5.1,61.0,3.545,291.5,26.5,138.5,4.16,107.9,273.0,27.0,2,3,5.0,1.0,5.0,,3.0,2.0,34
86.0,109.0,63.0,29.79,113.6,30.2,5.8,12464.0,12.89,56.56,22.8,141.0,22.4,358.67,11.51,0.11,518.7,5.38,1.14,7.9,19.0,4.3,70.6,6.0,0.2,1.5,0.3,5.6,0.5,0.0,4.74,14.5,43.7,92.3,30.7,33.2,13.9,483.0,8.6,0.6,5.4,45.44,41.0,21.0,22.0,69.0,3.93,2.45,28.0,57.0,5.107,116.0,1.19,8.55,71.0,1.095,350.9,79.56,139.0,4.7,105.0,277.0,30.0,1,3,5.0,3.0,1.36,2.0,2.0,6.0,59
,,,,,,,,,,,,,,,,,,,,,,,,,,,,,,,,,,,,,,,,,,,,,,,,,,,,,,,,,,,,,,,1,1,1.0,3.0,1.21,3.0,2.0,,67
84.0,132.0,72.0,35.86,109.5,38.8,14.9,12464.0,13.78,68.74,20.1,32.0,56.2,73.8,26.35,0.97,679.5,6.47,1.24,5.8,27.5,7.7,62.8,1.3,0.8,1.6,0.4,3.6,0.1,0.0,3.91,12.3,34.9,89.3,31.3,35.1,12.2,280.0,6.8,0.24,5.5,224.2,44.0,19.0,23.0,115.0,4.64,2.35,25.0,33.0,4.996,144.0,1.36,11.97,70.0,2.281,362.8,88.4,142.0,3.8,107.0,283.0,26.0,2,3,5.0,1.0,2.01,,3.0,,69
78.0,115.0,68.0,20.63,76.6,14.4,10.6,9901.0,10.74,79.83,13.5,34.0,37.4,461.99,4.18,0.07,711.2,3.65,1.06,6.6,26.8,10.0,59.9,2.6,0.8,1.8,0.7,4.0,0.2,0.1,4.47,13.9,40.3,90.1,31.1,34.5,11.9,346.0,8.2,0.06,4.9,53.37,51.0,16.0,17.0,64.0,5.0,2.475,22.0,16.0,4.718,142.0,1.292,6.8,83.0,1.502,243.9,53.0,139.8,4.42,101.8,279.0,32.0,2,2,4.0,5.0,1.96,,1.0,4.0,23
64.0,222.0,92.0,34.82,112.6,,142.0,4066.0,9.13,60.86,15.0,77.0,43.0,347.6,5.74,0.1,720.3,5.22,0.78,9.5,26.3,7.8,63.5,1.9,0.5,2.5,0.7,6.0,0.2,0.0,4.95,14.0,42.2,85.1,28.2,33.2,12.9,289.0,7.7,0.39,6.0,228.9,43.0,19.0,21.0,133.0,5.4,2.375,23.0,20.0,5.384,128.0,1.13,5.1,76.0,2.1,273.6,44.2,144.9,3.98,104.6,289.0,33.0,2,3,2.0,5.0,,,2.0,1.0,61
64.0,120.0,71.0,27.06,95.7,5.2,7.5,21481.0,15.57,78.04,20.0,209.0,12.7,333.58,9.99,0.18,344.3,6.54,0.85,13.6,19.6,7.1,71.8,1.5,0.1,2.7,1.0,9.8,0.2,0.0,5.34,16.2,47.3,88.7,30.4,34.2,12.5,173.0,9.3,0.34,5.7,,44.0,26.0,25.0,81.0,4.64,2.4,23.0,21.0,4.996,142.0,1.19,11.97,68.0,3.048,410.4,88.4,141.0,4.0,107.0,281.0,24.0,1,3,2.0,1.0,1.93,1.0,3.0,3.0,33
62.0,152.0,101.0,28.11,111.4,17.2,6.2,3978.0,10.74,56.03,19.2,43.0,23.1,988.18,6.47,0.08,765.6,3.57,1.03,4.9,47.1,6.9,43.9,1.9,0.2,2.3,0.3,2.2,0.1,0.0,4.27,13.7,39.9,93.7,32.2,34.3,12.0,227.0,7.5,0.08,13.2,,39.0,18.0,15.0,84.0,5.4,2.325,26.0,20.0,21.482,130.0,1.259,12.0,76.0,0.926,214.1,97.2,132.4,3.87,94.6,282.0,37.0,1,4,4.0,1.0,0.38,3.0,3.0,1.0,56
,,,,,,,,,,,,,,,,,,,,,,,,,,,,,,,,,,,,,,,,,,,,,,,,,,,,,,,,,,,,,,,2,3,1.0,1.0,3.45,1.0,1.0,,84
88.0,165.0,90.0,36.35,110.3,31.5,1.0,2033.0,9.31,74.82,12.4,29.0,27.6,249.44,9.06,0.16,598.0,5.82,1.4,9.1,43.0,6.9,46.4,2.9,0.7,3.9,0.6,4.2,0.3,0.1,4.78,13.9,41.4,86.5,29.0,33.5,13.0,396.0,8.1,0.42,6.1,67.99,44.0,23.0,24.0,73.0,4.64,2.4,23.0,31.0,5.273,139.0,1.19,10.26,82.0,2.202,327.1,70.72,139.0,4.0,99.0,277.0,38.0,2,3,3.0,1.0,5.0,,2.0,,63
68.0,112.0,72.0,24.81,85.7,12.8,9.9,23249.0,18.08,60.32,30.0,125.0,33.1,360.14,5.04,0.11,441.7,4.37,0.88,5.4,29.5,8.2,53.3,7.6,1.5,1.6,0.4,2.9,0.4,0.1,5.22,15.4,44.4,85.1,29.5,34.7,11.9,196.0,8.6,0.02,5.3,,46.0,29.0,25.0,66.0,4.64,2.35,25.0,22.0,4.552,119.0,1.39,13.68,73.0,0.892,374.7,97.24,139.0,3.7,102.0,277.0,27.0,1,3,4.0,1.0,1.77,,2.0,,23
78.0,96.0,70.0,20.72,84.2,6.2,17.5,16266.0,16.29,50.84,32.0,271.0,3.4,247.97,21.77,0.1,63.4,1.86,0.51,3.2,11.0,6.8,73.9,8.1,0.2,0.4,0.2,2.4,0.3,0.0,3.43,11.3,35.5,103.4,32.8,31.7,13.1,359.0,8.4,0.01,5.7,28.35,45.0,57.0,52.0,107.0,3.6,2.125,25.0,29.0,5.051,275.0,1.421,5.1,85.0,1.152,481.8,61.9,140.9,4.36,103.6,280.0,40.0,1,4,2.0,5.0,,,1.0,,31
,,,,,,,,,,,,,,,,,,,,,,,,,,,,,,,,,,,,,,,,,,,,,,,,,,,,,,,,,,,,,,,2,3,2.0,2.0,5.0,,1.0,,85
58.0,93.0,60.0,25.12,88.5,9.4,7.3,13525.0,32.22,62.29,51.7,212.0,27.4,303.32,5.21,0.08,575.3,4.63,1.06,5.7,36.8,9.3,46.8,6.0,1.2,2.1,0.5,2.7,0.3,0.1,4.91,16.3,47.8,97.3,33.1,33.9,11.6,167.0,10.8,0.11,5.1,3.54,41.0,31.0,25.0,109.0,4.64,2.25,23.0,35.0,5.107,137.0,1.1,15.39,69.0,1.039,273.6,61.88,137.0,4.0,106.0,274.0,28.0,1,1,3.0,1.0,0.88,3.0,4.0,8.0,41
84.0,102.0,68.0,24.57,87.0,26.8,2.3,7160.0,22.73,69.27,32.8,26.0,15.9,224.35,5.91,0.26,274.1,3.13,1.06,10.0,24.4,5.2,69.1,0.9,0.4,2.4,0.5,6.9,0.1,0.0,4.51,14.7,44.1,97.9,32.5,33.2,12.5,263.0,7.4,0.03,5.4,47.63,46.0,13.0,15.0,58.0,5.4,2.3,18.0,17.0,5.218,153.0,1.162,10.3,68.0,0.565,237.9,44.2,137.8,4.28,106.1,276.0,22.0,2,3,3.0,1.0,3.53,1.0,3.0,1.0,37
62.0,110.0,64.0,24.54,82.2,8.0,2.8,10696.0,21.48,69.81,30.8,51.0,12.9,202.21,14.82,0.08,235.6,4.32,1.09,5.3,27.1,7.2,57.9,7.2,0.7,1.4,0.4,3.1,0.4,0.0,5.43,16.5,49.0,90.2,30.5,33.8,12.3,244.0,9.1,0.07,5.3,3.54,48.0,30.0,25.0,84.0,5.0,2.45,28.0,18.0,5.218,117.0,1.29,13.68,75.0,0.553,202.2,70.72,141.0,5.1,101.0,281.0,27.0,1,1,2.0,1.0,0.18,2.0,4.0,5.0,28
80.0,134.0,90.0,65.41,138.9,,19.0,26520.0,6.44,62.11,10.4,54.0,7.9,380.81,13.26,0.14,385.1,4.01,1.55,4.3,41.6,8.1,46.3,3.7,0.3,1.8,0.3,2.0,0.2,0.0,4.28,12.5,36.3,84.7,29.0,34.2,13.6,374.0,8.9,1.1,5.1,50.26,38.0,17.0,22.0,107.0,4.28,2.325,21.0,107.0,4.996,250.0,1.23,8.55,78.0,0.711,345.0,61.88,139.0,3.6,102.0,276.0,40.0,2,4,2.0,4.0,0.48,,1.0,,41
64.0,142.0,77.0,24.22,103.9,11.4,79.0,8928.0,18.8,49.05,38.3,392.0,13.8,353.5,22.16,0.29,323.9,4.29,0.93,7.9,16.0,7.7,70.2,5.4,0.7,1.3,0.6,5.5,0.4,0.1,3.16,10.1,29.3,92.7,32.1,34.6,14.6,191.0,7.1,0.92,4.9,804.3,44.0,17.0,19.0,88.0,25.3,2.25,12.0,13.0,5.162,147.0,2.325,8.6,70.0,1.603,481.8,468.5,140.9,4.98,111.5,302.0,26.0,1,3,4.0,5.0,4.85,1.0,3.0,6.0,28
62.0,128.0,73.0,25.58,86.3,6.9,18.0,15824.0,9.31,57.64,16.1,81.0,25.4,304.06,10.22,0.14,629.7,5.97,0.83,8.9,20.9,5.7,70.2,2.6,0.6,1.9,0.5,6.2,0.2,0.1,5.3,16.5,45.2,85.3,31.0,36.3,12.4,280.0,6.1,0.05,4.7,66.84,47.0,23.0,25.0,79.0,5.36,2.425,23.0,45.0,4.441,103.0,1.13,17.1,78.0,2.269,309.3,79.56,141.0,4.0,102.0,282.0,31.0,1,1,2.0,1.0,1.4,,4.0,,42
58.0,147.0,69.0,30.3,102.3,27.8,2.6,4597.0,13.78,,,120.0,9.1,148.34,12.83,0.19,303.5,7.55,1.01,5.7,44.7,9.0,42.0,3.8,0.6,2.5,0.5,2.4,0.2,0.0,4.44,13.0,37.4,84.1,29.3,34.8,13.4,373.0,8.0,0.21,5.3,115.2,41.0,20.0,19.0,71.0,4.64,2.275,26.0,20.0,4.552,178.0,1.16,10.26,73.0,2.303,345.0,79.56,141.0,3.5,102.0,280.0,32.0,2,4,4.0,1.0,5.0,1.0,1.0,1.0,67
80.0,102.0,61.0,23.35,85.0,22.3,4.9,12111.0,14.68,69.81,21.0,37.0,27.6,426.56,4.44,0.13,595.7,4.97,1.14,5.6,31.7,8.1,58.4,1.4,0.4,1.8,0.5,3.3,0.1,0.0,4.86,14.2,41.6,85.6,29.2,34.2,12.2,229.0,8.5,0.1,6.2,28.5,43.0,18.0,16.0,73.0,5.7,2.425,22.0,13.0,6.384,116.0,1.13,8.6,71.0,3.658,279.6,53.0,135.9,4.04,100.1,274.0,28.0,2,2,2.0,1.0,,,1.0,,54
64.0,188.0,94.0,29.78,,22.3,8.6,10696.0,11.28,51.37,22.0,82.0,21.5,652.39,6.41,0.11,491.5,4.84,1.41,6.0,50.3,8.9,39.1,1.6,0.2,3.0,0.5,2.3,0.1,0.0,4.8,13.9,41.0,85.4,28.8,33.8,14.4,189.0,10.0,0.09,5.8,143.1,40.0,17.0,26.0,103.0,6.4,2.65,23.0,14.0,4.718,161.0,0.969,5.1,73.0,1.445,350.9,53.0,140.6,4.09,107.5,282.0,33.0,2,4,2.0,1.0,2.09,,2.0,1.0,56
,,,,,,,,,,,,,,,,,,,,,,,,,,,,,,,,,,,,,,,,,,,,,,,,,,,,,,,,,,,,,,,2,3,4.0,6.0,,1.0,4.0,,28
68.0,114.0,58.0,30.94,101.4,24.0,10.6,9547.0,14.32,69.45,20.6,18.0,17.7,407.38,5.68,0.13,421.3,4.34,1.22,6.9,29.7,7.5,61.8,0.9,0.2,2.0,0.5,4.3,0.1,0.0,4.43,13.1,38.8,87.8,29.6,33.8,12.4,262.0,8.6,0.15,5.2,22.74,44.0,17.0,17.0,55.0,4.28,2.275,19.0,10.0,4.996,109.0,1.16,10.26,78.0,1.682,196.3,61.88,134.0,3.8,101.0,268.0,34.0,2,1,2.0,1.0,1.07,,2.0,1.0,26
78.0,110.0,65.0,19.13,67.1,17.0,7.1,9194.0,13.96,49.94,28.0,46.0,17.2,645.75,6.99,0.09,516.4,4.14,1.16,6.9,30.2,7.1,59.9,1.5,1.5,2.1,0.5,4.1,0.1,0.1,4.27,13.1,39.5,92.4,30.6,33.1,12.6,373.0,8.6,0.09,5.4,104.8,43.0,9.0,18.0,89.0,4.6,2.3,21.0,49.0,4.496,118.0,1.098,5.1,72.0,0.621,237.9,61.9,138.7,4.28,104.0,276.0,29.0,2,1,2.0,4.0,0.98,,2.0,,28
64.0,133.0,76.0,25.18,101.3,22.2,7.4,6365.0,13.25,62.11,21.3,50.0,29.9,471.58,8.46,0.09,672.7,5.48,1.94,7.1,32.5,8.3,56.3,2.2,0.8,2.3,0.6,4.0,0.2,0.1,5.01,14.9,44.2,88.2,29.7,33.7,12.3,237.0,7.4,0.04,5.4,26.49,48.0,20.0,19.0,19.0,5.71,2.7,26.0,15.0,5.273,12.72,1.07,11.97,74.0,0.948,243.9,61.88,138.0,4.0,98.0,277.0,26.0,2,3,5.0,1.0,4.31,,2.0,,68
74.0,95.0,54.0,21.97,77.8,6.4,7.7,17945.0,29.89,47.08,63.5,163.0,20.6,391.88,7.86,0.1,1017.0,4.47,1.01,6.0,26.0,8.0,64.6,0.9,0.6,1.6,0.5,3.9,0.1,0.0,5.21,16.3,44.9,86.3,31.3,36.3,12.1,225.0,8.0,0.02,5.0,16.65,48.0,33.0,28.0,90.0,5.71,2.5,24.0,20.0,4.385,92.0,1.49,18.81,76.0,1.321,410.4,97.24,137.0,4.0,99.0,274.0,28.0,1,3,2.0,5.0,1.03,,4.0,,20
76.0,99.0,68.0,35.3,105.4,31.2,6.2,16884.0,15.57,62.29,25.0,15.0,17.9,459.77,4.33,0.09,489.2,4.34,0.93,9.3,26.1,5.2,67.2,1.0,0.6,2.4,0.5,6.2,0.1,0.1,5.29,13.0,39.6,74.9,24.6,32.8,12.9,378.0,7.3,0.05,5.4,30.27,40.0,12.0,21.0,61.0,2.14,2.375,24.0,21.0,4.663,96.0,1.16,8.55,72.0,1.219,279.6,70.72,136.0,3.9,106.0,269.0,32.0,2,4,3.0,5.0,2.01,,2.0,,22
,,,,,,,,,,,,,,,,,,,,,,,,,,,,,,,,,,,,,,,,,,,,,,,,,,,,,,,,,,,,,,,1,3,7.0,5.0,,,7.0,,50
96.0,134.0,75.0,30.04,103.0,14.2,9.1,21304.0,20.94,66.59,31.5,124.0,12.2,194.09,8.66,0.17,661.4,4.5,1.01,10.4,25.3,8.6,63.4,1.7,1.0,2.6,0.9,6.6,0.2,0.1,5.45,17.9,51.9,95.1,32.8,34.5,12.6,238.0,9.0,0.09,5.1,15.27,42.0,37.0,28.0,28.0,3.57,2.4,22.0,44.0,4.052,20.78,1.23,10.26,74.0,1.445,392.6,88.4,140.0,4.2,109.0,277.0,32.0,1,3,4.0,5.0,5.0,1.0,2.0,4.0,26
88.0,149.0,83.0,30.53,97.2,23.8,65.9,5658.0,8.06,59.07,13.6,152.0,40.3,352.76,10.1,0.13,600.2,5.9,1.42,7.9,29.4,8.1,54.4,7.2,1.0,2.3,0.6,4.3,0.6,0.1,4.77,13.9,41.8,87.6,29.2,33.4,11.9,345.0,7.6,0.82,9.3,101.5,44.0,20.0,17.0,88.0,5.4,2.425,27.0,17.0,7.605,143.0,1.001,10.3,76.0,2.055,273.6,35.4,136.3,3.56,95.4,275.0,32.0,2,2,2.0,3.0,1.46,,2.0,,59
,,,18.98,,,20.5,26962.0,7.34,82.16,8.9,3.0,20.6,236.9,7.77,0.1,362.4,4.76,1.14,4.5,47.5,6.7,39.8,5.1,0.9,2.1,0.3,1.8,0.2,0.0,4.45,12.5,37.8,84.9,28.2,33.2,12.4,298.0,8.2,0.01,5.2,21.4,44.0,14.0,21.0,80.0,4.3,2.45,21.0,8.0,3.497,176.0,1.162,5.1,79.0,0.835,202.2,70.7,142.9,3.79,106.1,283.0,35.0,2,4,4.0,5.0,5.0,,2.0,1.0,23
76.0,126.0,91.0,24.46,86.4,11.4,8.3,12288.0,25.78,69.45,37.1,89.0,21.7,234.68,8.45,0.22,530.0,5.43,2.07,8.4,24.0,8.3,65.6,1.9,0.3,2.0,0.7,5.5,0.2,0.0,5.07,15.8,45.7,90.0,31.1,34.7,12.0,239.0,7.4,0.04,4.9,11.93,44.0,27.0,29.0,60.0,4.64,2.3,24.0,35.0,4.885,142.0,1.13,13.68,78.0,0.542,309.3,70.72,136.0,3.8,97.0,271.0,34.0,1,1,3.0,1.0,2.95,3.0,2.0,2.0,43
72.0,116.0,46.0,23.41,91.4,14.0,6.9,2564.0,,,,,,,,,,,,,,,,,,,,,,,,,,,,,,,,,,,,,,,,,,,,,,,,,,,,,,,,1,3,2.0,1.0,,3.0,1.0,,82
70.0,115.0,58.0,22.09,78.7,7.8,5.4,20420.0,,,,,,,,,,,,,,,,,,,,,,,,,,,,,,,,,,,,,,,,,,,,,,,,,,,,,,,,1,1,4.0,5.0,0.6,1.0,3.0,12.0,20
74.0,111.0,84.0,19.81,75.4,4.2,4.8,13260.0,20.59,57.28,35.9,100.0,26.7,333.58,5.83,0.16,443.9,3.88,0.96,7.3,24.0,9.8,64.0,1.7,0.5,1.8,0.7,4.7,0.1,0.0,4.88,15.9,47.4,97.1,32.7,33.6,12.2,200.0,8.4,0.08,5.1,39.05,44.0,24.0,23.0,122.0,5.0,2.3,25.0,17.0,4.552,178.0,1.13,12.0,75.0,0.632,321.2,70.7,140.0,4.37,102.4,279.0,31.0,1,3,3.0,1.0,,1.0,3.0,10.0,40
84.0,120.0,61.0,27.53,103.2,14.2,20.6,13348.0,20.59,69.63,29.6,126.0,22.2,392.62,11.7,0.12,484.7,4.97,1.22,8.6,30.4,8.1,57.0,3.8,0.8,2.6,0.7,4.9,0.3,0.1,4.76,14.5,42.7,89.6,30.5,34.0,12.5,244.0,8.6,0.4,8.5,,46.0,32.0,29.0,91.0,5.36,2.4,24.0,25.0,5.773,130.0,1.36,13.68,79.0,2.19,345.0,88.4,141.0,4.2,105.0,282.0,33.0,1,1,5.0,1.0,1.34,3.0,2.0,,64
80.0,124.0,74.0,25.9,89.7,11.8,7.3,10343.0,11.46,76.97,14.9,124.0,24.0,456.08,7.51,0.13,629.7,10.96,1.4,8.0,25.8,8.6,62.7,1.7,1.2,2.1,0.7,5.0,0.1,0.1,4.93,15.2,44.5,90.3,31.0,34.2,11.7,357.0,8.0,0.14,5.6,14.87,46.0,28.0,23.0,93.0,4.64,2.5,24.0,28.0,5.384,123.0,1.26,10.26,77.0,0.982,362.8,70.72,140.0,4.1,99.0,279.0,31.0,1,3,3.0,5.0,3.97,2.0,4.0,5.0,23
68.0,117.0,66.0,33.8,103.9,19.5,40.6,21216.0,11.99,54.95,21.8,276.0,14.9,214.02,7.43,0.09,561.7,3.67,0.8,3.8,39.6,12.4,44.5,2.8,0.8,1.5,0.5,1.7,0.1,0.0,4.73,14.2,42.8,90.5,30.1,33.3,12.5,196.0,8.2,0.09,5.4,12.37,43.0,40.0,38.0,64.0,7.1,2.175,20.0,15.0,4.996,160.0,1.033,6.8,84.0,2.179,374.7,70.7,141.1,4.09,106.0,284.0,41.0,1,4,2.0,1.0,1.14,,2.0,,31
86.0,101.0,53.0,24.15,91.4,20.2,10.8,18387.0,,,,,,,,,,,,,,,,,,,,,,,,,,,,,,,,,,,,,,,,,,,,,,,,,,,,,,,,2,3,5.0,1.0,5.0,,2.0,1.0,37
70.0,109.0,40.0,22.56,82.5,22.8,12.4,13083.0,33.83,68.02,49.7,22.0,45.3,436.9,3.9,0.06,915.1,3.62,1.32,5.9,27.9,9.4,61.6,0.9,0.4,1.6,0.6,3.6,0.1,0.0,4.1,13.0,38.3,93.6,31.7,33.9,11.8,266.0,8.3,0.18,4.9,147.6,46.0,16.0,22.0,46.0,3.57,2.375,22.0,10.0,4.441,119.0,1.16,13.68,77.0,0.835,291.5,61.88,138.0,3.9,103.0,274.0,31.0,2,1,1.0,1.0,1.94,,1.0,,21
72.0,108.0,62.0,26.97,92.0,26.2,2.2,4508.0,14.68,73.93,19.9,5.0,33.7,432.47,8.0,0.09,1368.1,4.89,1.73,7.6,23.3,7.7,65.6,1.9,1.5,1.8,0.6,5.0,0.1,0.1,4.68,11.6,34.8,74.1,25.0,33.7,15.5,369.0,9.4,0.09,5.0,66.88,41.0,13.0,21.0,47.0,4.64,2.2,22.0,8.0,4.274,106.0,1.1,10.26,72.0,0.644,279.6,70.72,140.0,3.9,103.0,279.0,31.0,2,3,4.0,1.0,5.0,,2.0,1.0,51
62.0,132.0,80.0,27.42,101.4,11.6,26.8,23161.0,18.8,52.81,35.6,391.0,17.7,269.37,8.14,0.12,477.9,4.45,0.78,5.1,35.9,5.6,54.6,3.4,0.4,1.8,0.3,2.8,0.2,0.0,4.53,14.3,41.6,91.9,31.6,34.4,12.5,215.0,7.5,0.05,6.0,50.58,43.0,33.0,27.0,73.0,5.71,2.3,22.0,29.0,4.108,140.0,1.29,15.39,68.0,1.479,463.9,79.56,139.0,3.6,107.0,277.0,25.0,1,1,1.0,1.0,1.36,3.0,2.0,,53
72.0,160.0,58.0,40.74,132.0,36.9,2.6,2917.0,14.32,64.62,22.2,160.0,24.9,298.15,12.52,0.24,593.4,7.65,1.22,8.1,36.5,6.8,53.3,2.4,1.1,3.0,0.6,4.3,0.2,0.1,4.82,14.9,43.0,89.3,30.9,34.6,13.1,267.0,9.3,0.21,5.6,146.9,43.0,18.0,20.0,20.0,2.86,2.425,21.0,41.0,4.663,14.33,1.13,10.26,74.0,2.427,267.7,70.72,136.0,3.9,105.0,269.0,31.0,2,3,3.0,3.0,0.0,1.0,1.0,,61
76.0,112.0,76.0,26.93,89.3,9.6,14.1,18741.0,17.18,60.14,28.6,77.0,20.6,370.48,7.25,0.11,629.7,4.32,0.91,5.1,31.5,4.4,63.0,0.8,0.5,1.6,0.2,3.2,0.0,0.0,4.98,15.1,44.1,88.4,30.4,34.3,11.5,208.0,8.1,0.02,5.2,7.01,45.0,25.0,17.0,17.0,6.07,2.225,23.0,19.0,4.829,17.01,1.07,13.68,71.0,1.152,273.6,88.4,139.0,4.0,103.0,279.0,26.0,1,1,5.0,1.0,5.0,,2.0,1.0,32
70.0,126.0,67.0,37.07,121.1,20.0,2.2,5658.0,17.54,66.23,26.5,268.0,35.8,350.55,10.8,0.17,684.0,4.94,1.11,9.3,30.8,8.2,58.8,1.7,0.5,2.9,0.8,5.5,0.2,0.0,4.57,14.6,42.9,94.1,31.9,33.8,12.7,263.0,8.6,0.05,8.5,121.8,45.0,57.0,37.0,159.0,3.9,2.375,24.0,26.0,4.274,141.0,1.195,8.6,70.0,1.355,291.5,70.7,141.7,3.86,103.9,281.0,25.0,1,1,4.0,1.0,2.93,3.0,2.0,6.0,48
98.0,134.0,63.0,28.58,,,2.4,2652.0,11.81,45.65,25.9,292.0,33.3,1216.96,15.15,0.38,1263.9,4.89,2.25,3.3,45.8,8.6,42.3,2.3,1.1,1.5,0.3,1.4,0.1,0.0,3.24,12.3,37.8,116.6,37.9,32.5,18.5,168.0,9.3,0.4,5.0,489.3,45.0,17.0,18.0,59.0,7.5,2.4,28.0,18.0,5.551,171.0,1.07,17.1,74.0,0.61,416.4,114.92,142.0,3.8,101.0,286.0,29.0,1,3,2.0,2.0,2.71,3.0,1.0,,85
72.0,124.0,70.0,,105.9,8.0,7570.0,8486.0,13.96,49.23,28.4,143.0,67.5,354.24,14.13,0.51,876.6,5.43,0.98,3.6,25.3,10.8,56.8,6.1,1.2,0.9,0.4,2.0,0.2,0.0,3.59,12.0,34.2,95.2,33.3,35.1,12.5,210.0,7.8,0.01,8.0,2591.0,34.0,47.0,34.0,75.0,19.99,2.175,18.0,71.0,5.829,177.0,1.39,8.55,63.0,3.184,350.9,265.2,142.0,4.2,109.0,298.0,29.0,1,1,1.0,5.0,0.06,3.0,1.0,,74
82.0,121.0,87.0,31.56,101.7,10.6,15.7,27404.0,20.05,63.01,31.8,357.0,25.1,374.17,8.63,0.13,656.9,6.39,1.39,10.9,23.1,6.2,69.8,0.6,0.4,2.5,0.7,7.6,0.1,0.0,5.27,15.7,45.7,86.8,29.8,34.4,12.2,275.0,7.6,0.35,5.1,20.9,49.0,31.0,22.0,44.0,4.6,2.325,27.0,50.0,4.829,158.0,1.324,13.7,76.0,1.513,511.5,70.7,142.0,4.2,101.7,283.0,27.0,1,3,4.0,1.0,1.2,1.0,2.0,4.0,35
,,,,,,,,,,,,,,,,,,,,,,,,,,,,,,,,,,,,,,,,,,,,,,,,,,,,,,,,,,,,,,,2,3,2.0,3.0,,,2.0,,76
68.0,118.0,76.0,21.64,67.8,8.8,,,11.99,60.86,19.7,23.0,32.4,393.35,6.22,0.05,423.6,4.27,1.73,6.1,28.3,6.3,63.9,0.6,0.9,1.7,0.4,3.9,0.0,0.1,4.24,13.2,38.8,91.5,31.1,33.9,12.3,275.0,7.9,0.02,4.8,25.43,44.0,18.0,17.0,58.0,3.2,2.275,24.0,18.0,4.885,112.0,0.872,18.8,76.0,0.531,154.6,53.0,141.8,4.02,104.7,281.0,32.0,2,4,3.0,6.0,0.29,,1.0,1.0,33
68.0,175.0,41.0,44.55,,39.2,,,5.73,48.69,11.8,120.0,16.3,306.27,10.13,0.14,453.0,4.78,1.58,4.8,37.8,6.6,53.9,1.3,0.4,1.8,0.3,2.6,0.1,0.0,4.07,11.5,35.0,86.3,28.3,32.8,14.8,190.0,8.3,0.49,5.9,,38.0,14.0,16.0,58.0,4.3,2.225,28.0,29.0,6.106,199.0,1.066,5.1,72.0,1.795,392.6,53.0,141.6,3.87,101.9,283.0,34.0,2,4,1.0,2.0,3.89,3.0,1.0,,78
64.0,130.0,66.0,35.79,98.1,35.8,7.6,20067.0,18.8,83.95,22.4,83.0,22.0,323.24,9.09,0.14,319.4,4.19,1.14,11.3,24.8,4.5,69.3,0.6,0.9,2.8,0.5,7.8,0.1,0.1,5.31,15.6,46.3,87.3,29.4,33.7,11.9,251.0,10.1,0.19,5.1,3.54,43.0,15.0,19.0,81.0,1.79,2.5,24.0,21.0,4.663,127.0,1.45,13.68,75.0,2.721,309.3,79.56,138.0,4.0,100.0,272.0,32.0,2,4,4.0,1.0,5.0,,2.0,1.0,40
136.0,96.0,60.0,21.71,85.7,8.4,36.0,12553.0,,,,,,,,,,,,,,,,,,,,,,,,,,,,,,,,,,,,,,,,,,,,,,,,,,,,,,,,1,4,2.0,4.0,0.23,2.0,2.0,,60
74.0,87.0,50.0,,,,,,14.68,120.47,12.2,9.0,35.3,206.64,4.76,0.06,910.5,9.83,1.73,8.1,21.1,4.4,72.1,1.6,0.8,1.7,0.4,5.8,0.1,0.1,3.85,12.2,35.8,93.0,31.5,33.9,13.3,233.0,8.5,1.15,4.7,,37.0,8.0,16.0,121.0,2.14,2.275,22.0,6.0,3.941,106.0,1.16,5.13,68.0,3.861,214.1,26.52,135.0,4.1,100.0,265.0,31.0,2,1,1.0,1.0,,,1.0,,35
68.0,100.0,69.0,22.3,83.6,7.3,2.0,4243.0,19.33,70.71,27.3,184.0,42.8,546.12,8.3,0.13,756.5,5.2,1.34,8.7,42.8,8.2,43.5,4.7,0.8,3.7,0.7,3.8,0.4,0.1,5.34,16.0,48.4,90.7,30.0,33.1,12.5,295.0,7.3,0.05,5.2,24.39,47.0,19.0,26.0,90.0,5.0,2.4,26.0,22.0,4.94,166.0,1.23,10.26,76.0,1.852,434.2,79.56,137.0,4.1,99.0,274.0,29.0,1,1,2.0,4.0,2.56,1.0,3.0,,41
,,,,,,,,,,,,,,,,,,,,,,,,,,,,,,,,,,,,,,,,,,,,,,,,,,,,,,,,,,,,,,,1,3,2.0,1.0,0.62,,4.0,,30
64.0,135.0,84.0,28.84,105.8,9.4,11.5,24664.0,22.73,67.3,33.8,221.0,28.1,216.97,5.72,0.11,527.7,7.27,1.03,9.1,41.9,7.6,47.5,2.6,0.4,3.8,0.7,4.3,0.2,0.0,5.59,17.3,51.3,91.7,31.1,33.8,11.9,249.0,9.1,0.11,5.5,,45.0,25.0,21.0,60.0,6.1,2.375,27.0,32.0,5.551,132.0,0.84,10.3,78.0,3.252,368.8,88.4,138.8,4.14,101.2,279.0,33.0,1,1,5.0,1.0,,3.0,1.0,1.0,61
84.0,108.0,84.0,44.64,107.7,39.0,9.6,18564.0,5.91,81.27,7.3,52.0,16.1,351.29,8.12,0.1,373.7,3.72,0.97,8.9,25.7,5.5,67.2,1.2,0.4,2.3,0.5,6.0,0.1,0.0,4.49,12.9,38.7,86.3,29.0,33.6,13.1,349.0,8.2,2.9,5.8,,43.0,31.0,23.0,114.0,3.9,2.425,25.0,29.0,4.607,175.0,1.259,3.4,82.0,0.711,368.8,53.0,139.8,4.33,99.8,278.0,39.0,2,4,4.0,5.0,5.0,,2.0,,20
,,,,,,,,,,,,,,,,,,,,,,,,,,,,,,,,,,,,,,,,,,,,,,,,,,,,,,,,,,,,,,,1,1,1.0,1.0,0.67,2.0,2.0,,49
68.0,138.0,96.0,25.96,100.5,14.2,1.3,3359.0,17.36,56.56,30.7,290.0,29.9,549.81,10.1,0.12,514.2,5.72,1.0,8.3,29.9,8.2,53.7,7.0,1.3,2.5,0.7,4.5,0.6,0.1,5.22,16.3,46.3,89.0,31.3,35.1,12.1,296.0,8.2,0.19,5.8,19.32,47.0,31.0,25.0,86.0,4.3,2.4,25.0,36.0,4.996,105.0,1.098,10.3,77.0,3.771,422.3,61.9,136.8,3.83,97.9,273.0,30.0,1,2,4.0,1.0,2.69,3.0,2.0,4.0,49
60.0,105.0,71.0,32.37,104.5,32.0,5.1,7249.0,9.67,64.98,14.9,10.0,23.6,376.38,12.41,0.1,378.3,5.72,1.65,5.7,32.0,12.6,52.8,1.4,1.3,1.8,0.7,3.0,0.1,0.1,4.75,12.5,36.9,77.8,26.3,33.9,15.6,204.0,10.4,0.2,6.0,11.93,41.0,17.0,23.0,95.0,4.6,2.35,27.0,18.0,5.718,227.0,1.162,6.8,77.0,0.531,350.9,70.7,139.3,4.2,99.0,278.0,36.0,2,4,3.0,2.0,2.63,,2.0,1.0,55
,,,,,,,,,,,,,,,,,,,,,,,,,,,,,,,,,,,,,,,,,,,,,,,,,,,,,,,,,,,,,,,2,3,3.0,2.0,1.35,,1.0,,85
74.0,111.0,55.0,24.25,82.8,29.6,0.5,5304.0,12.89,68.2,18.9,20.0,17.9,509.22,5.9,0.09,919.6,4.76,1.11,10.0,30.5,5.3,62.7,1.2,0.4,3.1,0.5,6.3,0.1,0.0,4.16,13.4,37.8,91.0,32.2,35.4,11.9,204.0,8.9,0.23,4.8,,45.0,15.0,14.0,65.0,5.7,2.35,23.0,14.0,5.107,139.0,1.033,5.1,71.0,1.276,196.3,26.5,134.7,4.26,104.1,270.0,26.0,2,1,4.0,1.0,1.2,2.0,2.0,1.0,37
72.0,108.0,77.0,29.83,93.4,22.9,17.6,23603.0,6.8,90.4,7.5,11.0,26.0,111.44,7.06,0.1,421.3,5.56,1.09,6.4,38.3,7.5,52.1,1.8,0.4,2.5,0.5,3.3,0.1,0.0,4.58,13.7,40.0,87.4,29.9,34.2,13.3,173.0,9.5,0.56,5.1,86.44,39.0,13.0,16.0,16.0,3.21,2.325,23.0,5.0,4.663,7.88,1.32,10.26,72.0,1.694,297.4,79.56,139.0,4.3,106.0,276.0,33.0,2,3,3.0,5.0,0.16,1.0,2.0,4.0,25
70.0,107.0,56.0,27.68,96.6,20.0,9.7,15735.0,11.1,52.45,21.2,23.0,16.5,367.52,7.82,0.41,482.4,5.72,1.71,8.5,25.1,5.6,63.6,5.5,0.2,2.1,0.5,5.4,0.5,0.0,4.37,13.0,37.1,84.9,29.8,35.0,12.1,247.0,8.6,0.11,5.1,77.04,41.0,15.0,17.0,63.0,6.07,2.2,28.0,9.0,4.663,115.0,1.07,10.26,65.0,1.569,267.7,70.72,143.0,4.0,105.0,285.0,24.0,2,3,5.0,1.0,3.63,3.0,3.0,,36
76.0,99.0,73.0,27.14,97.6,27.0,20.5,21746.0,15.04,71.6,37.0,46.0,54.6,152.03,3.67,0.04,654.6,4.78,1.25,4.3,29.2,7.9,60.2,2.3,0.4,1.3,0.3,2.6,0.1,0.0,4.6,14.5,41.5,90.3,31.4,34.8,12.0,238.0,7.9,2.13,5.0,27.33,41.0,19.0,21.0,67.0,2.5,2.225,19.0,13.0,4.496,133.0,1.292,6.8,76.0,1.129,267.7,35.4,134.8,3.59,99.8,267.0,35.0,2,1,4.0,1.0,2.35,,2.0,,31
80.0,121.0,80.0,29.69,104.3,10.8,4.4,3182.0,31.68,73.21,43.3,114.0,19.0,331.36,6.82,0.13,446.2,6.54,1.14,7.0,40.2,4.2,53.2,2.0,0.5,2.8,0.3,3.7,0.1,0.0,5.74,17.1,49.3,86.1,29.8,34.7,12.0,373.0,6.6,0.15,6.0,3.54,47.0,35.0,26.0,43.0,4.64,2.4,26.0,28.0,4.552,137.0,1.55,11.97,84.0,3.308,339.0,53.04,141.0,4.1,98.0,281.0,37.0,1,1,1.0,1.0,1.33,3.0,4.0,1.0,46
72.0,138.0,63.0,38.64,109.5,31.2,1111.0,24045.0,9.13,81.8,11.2,22.0,43.5,378.59,15.78,0.15,1139.3,5.84,1.42,6.1,21.2,8.1,67.6,2.4,0.7,1.3,0.5,4.1,0.1,0.0,3.97,11.3,33.3,84.1,28.6,34.0,15.5,238.0,7.6,1.3,5.5,900.5,41.0,13.0,27.0,103.0,6.78,2.3,25.0,20.0,5.495,177.0,1.03,17.1,76.0,1.31,410.4,88.4,137.0,3.8,101.0,277.0,35.0,2,3,2.0,2.0,0.91,,1.0,,85
72.0,87.0,54.0,,,,4.9,7779.0,9.67,47.26,20.5,24.0,44.6,416.97,5.7,0.17,545.9,4.6,1.5,5.7,29.2,12.0,56.1,2.1,0.6,1.7,0.7,3.2,0.1,0.0,4.57,14.4,41.8,91.4,31.5,34.5,11.7,198.0,7.8,0.02,5.3,69.92,40.0,17.0,19.0,45.0,1.79,2.225,25.0,9.0,4.996,113.0,1.52,15.39,71.0,0.756,208.2,61.88,134.0,4.2,99.0,265.0,31.0,2,3,4.0,1.0,2.42,,2.0,2.0,42
68.0,118.0,77.0,18.52,72.0,4.0,37.9,17326.0,10.02,70.17,14.3,29.0,18.3,244.28,10.33,1.7,351.1,4.58,2.33,3.4,22.4,9.5,64.6,2.8,0.7,0.8,0.3,2.2,0.1,0.0,4.86,14.2,42.5,87.6,29.3,33.5,13.1,176.0,8.4,0.22,5.6,76.51,40.0,16.0,24.0,90.0,6.78,2.275,27.0,18.0,4.385,142.0,1.36,10.26,72.0,0.632,220.1,97.24,142.0,4.9,104.0,285.0,32.0,1,4,1.0,3.0,0.0,1.0,2.0,2.0,66
58.0,124.0,85.0,28.5,98.3,13.5,4.1,16000.0,18.62,62.83,29.6,172.0,26.0,360.14,8.1,0.15,604.8,5.59,0.82,4.6,17.3,11.5,69.2,1.9,0.2,0.8,0.5,3.2,0.1,0.0,4.86,14.6,42.8,88.0,29.9,34.0,12.0,206.0,8.4,1.15,5.2,40.17,47.0,29.0,33.0,71.0,5.0,2.5,23.0,22.0,5.051,154.0,1.13,12.0,81.0,1.727,392.6,97.2,138.4,4.22,100.9,276.0,34.0,1,3,5.0,1.0,3.88,,1.0,3.0,45
86.0,113.0,78.0,29.0,112.4,15.5,94.4,25017.0,16.29,44.39,36.7,2310.0,21.5,564.57,20.21,0.06,876.6,8.12,1.24,11.0,,,,,,,,,,,4.88,16.4,47.6,97.6,33.6,34.5,12.4,418.0,6.6,0.33,6.3,64.87,44.0,160.0,276.0,130.0,3.57,2.375,26.0,609.0,5.94,302.0,1.32,10.26,84.0,14.654,529.4,61.88,143.0,4.1,101.0,285.0,40.0,1,3,5.0,4.0,,1.0,1.0,3.0,52
92.0,142.0,96.0,62.93,130.1,,11.7,13702.0,8.41,53.16,15.8,39.0,22.9,204.43,7.37,0.29,690.8,5.66,1.7,6.8,26.7,8.2,63.7,0.9,0.6,1.8,0.6,4.3,0.1,0.0,5.1,14.7,45.0,88.3,28.8,32.6,14.5,332.0,8.6,1.79,5.7,,43.0,16.0,17.0,65.0,4.6,2.325,35.0,16.0,5.273,199.0,1.098,8.6,79.0,1.174,553.2,61.9,142.6,3.63,94.8,284.0,36.0,2,4,4.0,,,,1.0,,44
72.0,186.0,79.0,,,21.6,,,,,,,,,,,,,,,,,,,,,,,,,,,,,,,,,,,,,,,,,,,,,,,,,,,,,,,,,,2,4,1.0,5.0,1.41,3.0,1.0,,72
,,,,,,,,,,,,,,,,,,,,,,,,,,,,,,,,,,,,,,,,,,,,,,,,,,,,,,,,,,,,,,,2,3,4.0,1.0,5.0,3.0,2.0,,55
68.0,124.0,76.0,33.05,104.8,19.4,1.3,11227.0,14.86,58.0,25.6,29.0,57.3,338.0,8.87,0.17,835.8,6.28,1.14,7.2,31.0,9.8,56.9,1.7,0.6,2.2,0.7,4.1,0.1,0.0,4.17,13.3,38.7,92.8,31.8,34.2,12.0,261.0,8.6,0.19,5.2,99.75,43.0,10.0,19.0,85.0,7.14,2.3,24.0,11.0,4.552,142.0,1.32,13.68,74.0,1.129,267.7,88.4,140.0,3.7,102.0,282.0,31.0,2,3,3.0,3.0,1.27,,3.0,,51
88.0,111.0,68.0,32.11,105.2,,2.5,3182.0,6.8,64.8,10.5,69.0,25.6,287.08,5.01,0.14,679.5,3.96,0.98,7.3,23.7,9.9,63.6,2.3,0.6,1.7,0.7,4.6,0.2,0.0,4.2,12.6,37.2,88.6,30.1,34.0,12.9,233.0,7.8,0.94,5.1,157.9,42.0,16.0,15.0,56.0,6.1,2.25,20.0,11.0,5.773,117.0,1.033,10.3,68.0,0.756,261.7,53.0,138.1,3.61,105.2,278.0,26.0,2,5,1.0,1.0,0.99,,1.0,,24
86.0,143.0,83.0,26.86,97.6,11.8,4.2,9989.0,13.43,60.32,22.3,237.0,13.8,298.89,9.91,0.12,360.1,5.17,0.8,17.5,36.6,7.8,53.5,1.8,0.4,6.4,1.4,9.4,0.3,0.1,5.07,15.8,46.3,91.4,31.2,34.1,13.8,380.0,8.8,0.52,5.3,15.27,42.0,10.0,16.0,75.0,3.93,2.4,22.0,28.0,5.162,111.0,1.03,10.26,76.0,2.1,505.6,97.24,141.0,4.2,104.0,280.0,34.0,1,4,1.0,1.0,1.69,1.0,2.0,2.0,61
,,,,,,,,,,,,,,,,,,,,,,,,,,,,,,,,,,,,,,,,,,,,,,,,,,,,,,,,,,,,,,,1,3,5.0,5.0,3.59,2.0,2.0,,24
88.0,147.0,88.0,23.17,82.9,18.4,50.9,16000.0,13.78,110.44,12.5,3.0,139.1,329.15,8.97,0.2,362.4,6.52,3.21,6.1,23.4,7.2,68.0,0.8,0.7,1.4,0.4,4.1,0.0,0.0,3.51,11.1,33.6,95.8,31.6,33.1,14.1,188.0,9.4,0.24,4.7,25.37,44.0,15.0,23.0,54.0,3.57,2.475,23.0,21.0,4.441,162.0,1.1,17.1,86.0,0.644,226.0,70.72,138.0,3.6,105.0,274.0,42.0,2,4,4.0,1.0,3.0,,2.0,2.0,42
78.0,188.0,35.0,18.76,73.7,8.6,44.7,10431.0,,,,,,,,,,,,,,,,,,,,,,,,,,,,,,,,,,,,,,,,,,,,,,,,,,,,,,,,2,3,4.0,,1.94,3.0,2.0,1.0,85
,,,,,,,,,,,,,,,,,,,,,,,,,,,,,,,,,,,,,,,,,,,,,,,,,,,,,,,,,,,,,,,2,4,4.0,,1.44,,3.0,,34
112.0,116.0,67.0,43.08,133.0,22.2,14.1,12730.0,29.71,71.24,41.7,33.0,45.3,293.72,3.42,0.07,1288.8,6.31,2.08,6.2,21.9,4.7,71.2,2.0,0.4,1.4,0.3,4.4,0.1,0.0,3.86,11.5,34.4,89.3,29.8,33.4,13.8,186.0,8.4,0.66,4.6,3.54,35.0,11.0,12.0,67.0,2.5,2.2,18.0,5.0,7.494,81.0,1.162,6.8,63.0,3.06,220.1,35.4,135.1,3.7,102.2,270.0,28.0,2,4,2.0,,2.43,1.0,1.0,2.0,29
72.0,116.0,74.0,33.41,102.7,31.2,5.1,11138.0,14.68,64.8,22.7,17.0,12.9,337.27,6.77,0.07,328.4,4.42,1.02,5.0,62.5,8.3,24.1,3.8,1.4,3.1,0.4,1.2,0.2,0.1,5.35,13.0,40.1,74.9,24.2,32.3,12.3,337.0,8.1,0.03,5.4,50.84,42.0,13.0,16.0,51.0,2.1,2.325,22.0,27.0,4.441,183.0,1.195,5.1,78.0,0.711,232.0,61.9,139.2,3.72,102.0,274.0,36.0,2,4,2.0,5.0,,,2.0,2.0,33
62.0,152.0,85.0,31.95,96.6,,12.1,12995.0,20.23,58.18,34.8,314.0,24.0,298.15,3.88,0.11,699.9,4.45,1.02,6.3,41.3,6.7,49.2,2.5,0.3,2.6,0.4,3.1,0.2,0.0,3.81,12.9,36.3,95.3,33.7,35.3,11.0,327.0,7.9,0.19,5.6,26.06,41.0,21.0,19.0,82.0,4.6,2.125,24.0,11.0,5.218,166.0,0.84,5.1,74.0,2.1,297.4,35.4,136.9,3.61,102.2,273.0,33.0,2,1,2.0,1.0,0.31,,2.0,,41
80.0,116.0,61.0,26.05,82.7,27.3,6.5,7426.0,15.22,63.37,24.0,243.0,66.1,515.12,9.31,0.23,1263.9,5.3,0.93,12.6,53.1,5.4,40.0,0.9,0.7,6.7,0.7,5.0,0.1,0.1,4.46,13.8,41.5,93.0,30.8,33.2,12.3,236.0,7.6,0.88,6.8,,39.0,27.0,24.0,52.0,6.78,2.225,28.0,81.0,5.329,164.0,1.42,11.97,68.0,3.06,529.4,79.56,142.0,4.1,103.0,286.0,29.0,2,3,2.0,2.0,3.49,3.0,1.0,1.0,84
66.0,115.0,85.0,30.22,104.0,18.3,5.3,12288.0,16.29,65.51,24.9,293.0,22.0,249.44,8.51,0.11,720.3,4.76,0.88,6.6,21.5,6.9,66.9,3.5,1.1,1.4,0.5,4.4,0.2,0.1,4.97,16.0,44.7,90.1,32.2,35.7,12.1,246.0,8.7,0.24,5.2,8.3,43.0,23.0,24.0,59.0,4.64,2.5,21.0,48.0,5.44,138.0,1.39,15.39,75.0,7.993,582.9,70.72,135.0,3.6,97.0,270.0,32.0,1,3,5.0,1.0,1.23,,4.0,1.0,37
70.0,160.0,47.0,33.96,113.2,35.6,7.1,9459.0,28.1,53.88,52.2,270.0,21.1,221.4,10.56,0.22,448.5,4.19,2.11,2.5,30.5,22.8,44.3,1.3,1.3,0.8,0.6,1.1,0.0,0.0,6.16,16.0,48.8,79.2,26.0,32.8,12.3,174.0,8.3,0.12,5.3,343.9,40.0,27.0,29.0,70.0,5.4,2.4,30.0,22.0,5.107,134.0,1.388,23.9,75.0,0.632,380.7,53.0,143.5,3.8,104.8,286.0,35.0,1,4,1.0,,3.88,3.0,2.0,,72
82.0,,,45.69,132.0,,7.0,10520.0,10.56,69.27,15.2,39.0,18.6,267.89,6.28,0.22,659.1,4.42,0.91,7.4,22.7,9.5,63.9,3.4,0.4,1.7,0.7,4.7,0.3,0.0,4.49,13.7,39.9,88.8,30.3,34.2,12.5,232.0,7.6,0.4,7.5,10.43,40.0,28.0,20.0,69.0,2.86,2.375,27.0,42.0,8.993,127.0,1.13,6.84,68.0,1.14,315.2,53.04,139.0,4.3,102.0,279.0,28.0,1,3,3.0,3.0,1.26,,4.0,,44
68.0,96.0,55.0,24.57,96.9,15.5,1.4,1680.0,6.62,,,6.0,46.9,563.83,3.95,0.06,1177.8,7.24,1.4,10.2,16.8,6.3,75.7,0.9,0.4,1.7,0.6,7.7,0.1,0.0,3.97,12.4,37.3,93.9,31.2,33.2,12.4,203.0,8.9,0.14,4.5,79.33,33.0,40.0,27.0,75.0,2.86,2.15,21.0,14.0,3.83,130.0,1.19,10.26,60.0,2.834,172.5,53.04,139.0,3.6,104.0,274.0,27.0,2,3,5.0,1.0,5.0,3.0,3.0,2.0,27
70.0,104.0,62.0,27.61,95.5,8.6,10.2,23161.0,15.04,59.79,25.1,80.0,28.3,360.88,8.19,0.15,600.2,3.93,1.09,4.4,32.8,12.3,50.2,4.3,0.4,1.4,0.5,2.2,0.2,0.0,4.56,13.7,40.3,88.5,30.1,34.0,12.0,190.0,8.5,0.07,5.5,420.6,44.0,17.0,19.0,47.0,6.07,2.375,24.0,13.0,5.384,88.0,1.03,11.97,71.0,0.689,339.0,97.24,140.0,4.5,107.0,281.0,27.0,1,3,1.0,1.0,5.0,3.0,3.0,8.0,52
,,,,,,,,,,,,,,,,,,,,,,,,,,,,,,,,,,,,,,,,,,,,,,,,,,,,,,,,,,,,,,,2,4,4.0,3.0,,3.0,2.0,,48
62.0,102.0,66.0,20.83,76.3,7.5,4.9,8663.0,24.34,56.74,42.9,154.0,33.3,397.78,6.01,0.2,654.6,3.62,1.11,5.7,27.5,5.8,63.6,2.5,0.6,1.6,0.3,3.6,0.1,0.0,5.06,15.3,46.7,92.3,30.3,32.8,11.7,369.0,7.5,0.1,4.7,27.26,46.0,24.0,18.0,74.0,5.4,2.55,25.0,13.0,4.385,156.0,1.195,23.9,77.0,0.677,362.8,79.6,136.5,4.72,99.8,273.0,31.0,1,3,5.0,1.0,4.44,,1.0,,26
68.0,124.0,76.0,27.75,102.2,19.0,3.4,11050.0,8.77,73.39,12.0,18.0,22.2,217.71,7.83,0.16,455.3,6.85,1.19,5.3,25.3,5.3,66.3,2.6,0.4,1.3,0.3,3.5,0.1,0.0,5.26,14.5,44.3,84.2,27.5,32.7,12.6,213.0,7.1,0.08,5.2,38.61,45.0,15.0,15.0,104.0,5.71,2.65,24.0,14.0,5.107,106.0,1.16,8.55,71.0,1.445,410.4,88.4,137.0,3.9,106.0,275.0,26.0,1,3,3.0,1.0,5.0,3.0,2.0,2.0,64
,,,34.27,113.7,34.0,21.9,16884.0,3.04,75.54,4.0,33.0,10.6,208.12,6.47,0.05,455.3,4.34,1.22,14.9,7.3,5.0,87.1,0.6,0.0,1.1,0.7,13.0,0.1,0.0,3.91,11.0,32.4,82.8,28.0,33.8,12.3,229.0,7.7,3.96,5.2,14.33,29.0,6.0,11.0,77.0,0.36,2.225,20.0,12.0,4.607,93.0,1.03,3.42,66.0,2.269,202.2,35.36,137.0,3.5,108.0,269.0,37.0,2,4,2.0,5.0,0.25,1.0,2.0,,29
102.0,126.0,81.0,34.91,122.8,36.8,10.5,9459.0,11.64,95.94,12.1,7.0,32.4,178.6,3.67,0.09,912.8,6.7,1.11,9.3,23.0,8.0,66.9,1.9,0.2,2.1,0.7,6.2,0.2,0.0,4.15,13.0,38.8,93.4,31.3,33.6,12.3,233.0,8.3,0.54,5.1,21.93,33.0,10.0,16.0,91.0,1.8,2.175,19.0,7.0,4.552,142.0,1.066,6.8,61.0,3.387,214.1,35.4,136.9,3.73,104.4,270.0,28.0,2,5,5.0,1.0,1.82,,2.0,,30
88.0,158.0,0.0,22.21,92.9,10.3,104.5,5746.0,,,,,,,,,,,,,,,,,,,,,,,,,,,,,,,,,,,,,,,,,,,,,,,,,,,,,,,,1,1,1.0,2.0,1.59,1.0,2.0,,80
66.0,115.0,77.0,35.1,121.1,26.0,8.2,10873.0,9.85,64.44,15.3,164.0,31.9,630.25,7.89,0.09,1599.1,5.28,1.19,7.5,26.3,9.8,61.9,1.7,0.4,2.0,0.7,4.6,0.1,0.0,5.03,14.7,42.8,84.9,29.2,34.4,12.5,262.0,8.8,0.32,5.6,14.55,45.0,70.0,34.0,70.0,3.93,2.35,24.0,33.0,5.384,97.0,1.29,22.23,74.0,0.621,321.2,79.56,142.0,3.7,102.0,282.0,29.0,1,3,5.0,5.0,0.7,,3.0,,45
68.0,117.0,76.0,26.79,79.0,30.2,79.0,4508.0,8.77,65.69,13.4,45.0,15.9,216.23,5.47,0.09,496.0,4.01,1.5,7.6,22.2,6.6,69.4,1.3,0.6,1.7,0.5,5.3,0.1,0.0,4.46,14.1,41.3,92.6,31.6,34.1,11.0,204.0,9.6,0.14,5.1,79.15,46.0,19.0,20.0,57.0,2.5,2.325,22.0,14.0,4.774,136.0,0.904,8.6,73.0,0.61,255.8,44.2,141.8,3.71,105.3,280.0,27.0,2,3,4.0,5.0,0.89,,1.0,3.0,24
62.0,121.0,79.0,38.32,120.7,,1.6,2033.0,12.71,52.09,24.4,102.0,51.9,439.85,6.71,0.12,924.1,6.36,1.6,6.9,31.7,7.7,57.7,2.8,0.2,2.2,0.5,4.0,0.2,0.0,4.64,14.1,42.0,90.3,30.4,33.7,12.5,198.0,9.7,0.69,5.6,173.8,42.0,21.0,17.0,107.0,6.4,2.325,25.0,18.0,5.384,178.0,1.033,8.6,70.0,1.637,315.2,44.2,144.8,4.34,106.7,290.0,28.0,2,3,2.0,2.0,2.49,3.0,2.0,2.0,59
,,,,,,,,,,,,,,,,,,,,,,,,,,,,,,,,,,,,,,,,,,,,,,,,,,,,,,,,,,,,,,,1,3,3.0,1.0,5.0,2.0,3.0,,62
78.0,129.0,84.0,29.2,101.7,21.2,0.4,1591.0,22.55,100.24,22.5,11.0,70.2,375.64,6.41,0.06,974.0,6.72,2.21,5.7,44.3,8.2,43.8,2.5,1.0,2.5,0.5,2.5,0.1,0.1,4.91,13.9,41.3,83.9,28.4,33.8,13.5,374.0,6.6,0.32,5.3,204.3,43.0,20.0,26.0,72.0,3.6,2.375,22.0,55.0,5.051,171.0,1.033,3.4,69.0,1.535,214.1,53.0,140.7,3.99,103.1,279.0,26.0,2,3,3.0,1.0,4.44,,2.0,1.0,53
78.0,108.0,78.0,22.58,86.5,22.6,2.9,6453.0,20.41,62.11,32.9,64.0,17.9,281.18,9.73,0.12,885.6,4.45,0.88,5.7,28.7,6.6,61.7,2.2,0.9,1.6,0.4,3.5,0.1,0.1,4.44,13.5,38.7,86.9,30.3,34.8,11.4,247.0,7.7,0.1,4.9,58.77,45.0,13.0,19.0,65.0,3.93,2.3,20.0,14.0,4.774,128.0,0.94,13.68,72.0,0.745,297.4,61.88,140.0,4.2,105.0,278.0,27.0,2,3,4.0,1.0,5.0,3.0,2.0,1.0,40
,,,,,,,,,,,,,,,,,,,,,,,,,,,,,,,,,,,,,,,,,,,,,,,,,,,,,,,,,,,,,,,1,4,5.0,1.0,,3.0,2.0,,60
66.0,132.0,68.0,40.69,118.0,,3.8,26166.0,8.23,44.39,18.5,119.0,19.0,983.02,9.54,0.14,405.4,4.65,1.14,7.1,45.2,9.9,41.0,3.2,0.8,3.2,0.7,2.9,0.2,0.1,4.34,12.6,37.7,86.8,29.2,33.6,13.9,316.0,8.0,3.83,6.7,77.44,40.0,11.0,16.0,122.0,7.1,2.35,26.0,23.0,7.327,143.0,1.098,5.1,80.0,1.637,333.1,97.2,139.1,4.48,100.5,282.0,40.0,2,4,2.0,2.0,2.53,3.0,1.0,,61
60.0,117.0,72.0,,,,3.0,8221.0,,,,,,,,,,,,,,,,,,,,,,,,,,,,,,,,,,,,,,,,,,,,,,,,,,,,,,,,1,5,5.0,1.0,,,2.0,,31
50.0,125.0,77.0,27.19,94.3,9.0,27.3,19802.0,18.62,72.67,25.6,804.0,44.2,463.46,10.45,0.12,944.5,5.17,0.67,5.8,38.0,8.9,50.1,2.5,0.6,2.2,0.5,2.9,0.1,0.0,5.38,17.1,48.2,89.4,31.8,35.6,12.4,152.0,9.1,0.32,7.6,23.04,48.0,156.0,94.0,54.0,6.4,2.45,24.0,102.0,6.717,166.0,0.969,15.4,79.0,4.155,232.0,88.4,137.8,3.85,97.9,278.0,31.0,1,3,3.0,1.0,5.0,3.0,2.0,4.0,53
74.0,123.0,63.0,31.17,104.0,17.8,3.8,5304.0,14.14,62.83,22.5,635.0,60.7,567.52,9.33,0.09,1282.0,5.69,0.87,8.5,30.9,10.4,56.3,1.9,0.6,2.6,0.9,4.8,0.2,0.1,4.43,13.6,39.1,88.4,30.6,34.7,12.5,268.0,8.6,0.15,5.3,68.86,43.0,16.0,22.0,78.0,5.0,2.5,22.0,16.0,5.051,141.0,1.066,10.3,73.0,2.19,291.5,53.0,139.7,3.86,104.6,279.0,30.0,2,3,3.0,1.0,,,1.0,,75
94.0,134.0,77.0,24.47,89.3,7.4,12.8,25017.0,11.64,60.5,19.2,104.0,18.6,205.9,8.14,0.23,518.7,4.03,0.75,4.7,36.7,11.3,44.9,6.8,0.4,1.7,0.5,2.1,0.3,0.0,5.03,15.8,46.2,91.9,31.3,34.1,11.7,281.0,7.4,0.04,5.2,42.34,44.0,15.0,14.0,71.0,4.64,2.325,20.0,13.0,6.717,134.0,1.07,15.39,76.0,2.314,350.9,114.92,141.0,3.9,105.0,283.0,32.0,1,3,2.0,1.0,4.82,,2.0,3.0,31
68.0,95.0,48.0,27.69,100.0,14.2,9.1,13172.0,12.89,78.94,16.3,3.0,20.8,225.09,4.68,0.2,366.9,6.67,1.06,5.9,27.2,8.1,62.4,1.3,1.1,1.6,0.5,3.7,0.1,0.1,3.67,11.6,34.4,93.9,31.6,33.7,11.9,177.0,8.0,0.56,4.5,85.31,35.0,14.0,19.0,86.0,2.9,2.1,19.0,9.0,3.442,150.0,1.324,12.0,66.0,3.071,190.3,26.5,135.7,3.81,103.5,268.0,31.0,2,1,1.0,1.0,0.03,,2.0,,22
74.0,105.0,71.0,26.08,93.7,11.5,2.8,7337.0,17.72,71.06,24.9,205.0,24.7,475.27,9.88,0.26,425.8,5.64,0.98,5.0,38.7,12.3,46.3,2.5,0.2,1.9,0.6,2.3,0.1,0.0,4.53,14.5,42.3,93.4,31.9,34.2,12.5,256.0,7.9,0.46,5.4,,44.0,25.0,19.0,75.0,5.71,2.475,21.0,33.0,7.66,109.0,1.39,11.97,76.0,1.773,321.2,88.4,140.0,4.4,102.0,283.0,32.0,1,3,2.0,5.0,,3.0,1.0,,50
92.0,119.0,56.0,32.13,100.4,26.0,3.7,2652.0,,,,,,,,,,,,,,,,,,,,,,,,,,,,,,,,,,,,,,,,,,,,,,,,,,,,,,,,2,4,3.0,1.0,1.09,1.0,2.0,2.0,52
68.0,142.0,97.0,31.29,105.1,15.4,7.4,13172.0,13.78,57.64,23.9,96.0,25.6,549.81,7.31,0.12,532.3,4.68,0.98,9.3,22.0,8.8,67.7,1.0,0.4,2.0,0.8,6.3,0.1,0.0,5.57,17.3,51.9,93.2,31.2,33.4,12.6,197.0,8.3,0.11,5.0,20.21,45.0,23.0,21.0,66.0,5.4,2.3,20.0,22.0,4.94,159.0,0.872,8.6,73.0,1.75,321.2,70.7,137.5,4.21,104.2,275.0,28.0,1,1,1.0,1.0,0.0,1.0,2.0,1.0,44
64.0,120.0,74.0,27.41,103.1,19.1,0.4,1414.0,32.22,69.81,46.2,192.0,19.0,349.07,11.26,0.21,568.5,4.06,2.17,9.3,21.1,7.0,70.4,0.8,0.8,2.0,0.7,6.5,0.1,0.1,5.28,17.3,49.1,93.0,32.8,35.3,12.5,261.0,7.8,0.05,5.1,54.17,45.0,21.0,23.0,125.0,3.57,2.4,22.0,28.0,5.162,140.0,1.03,15.39,71.0,0.779,386.6,88.4,137.0,3.8,101.0,273.0,26.0,1,3,4.0,1.0,5.0,1.0,4.0,6.0,52
68.0,130.0,70.0,28.21,91.0,30.2,17.6,11757.0,14.86,60.32,24.6,81.0,106.7,370.48,6.48,0.15,937.7,7.16,2.27,6.2,34.0,6.8,56.2,1.9,1.1,2.1,0.4,3.5,0.1,0.1,4.69,13.8,41.1,86.5,29.0,33.5,12.6,360.0,8.6,0.67,5.3,,45.0,19.0,23.0,110.0,7.1,2.35,28.0,13.0,5.051,201.0,1.292,6.8,74.0,1.05,249.8,44.2,139.3,4.48,103.3,280.0,29.0,2,3,2.0,5.0,,,3.0,,60
56.0,114.0,64.0,20.75,72.2,16.0,2.4,11050.0,18.26,58.0,31.5,136.0,76.6,490.77,6.41,0.09,688.6,4.58,2.39,6.6,37.8,7.2,53.9,0.7,0.4,2.5,0.5,3.6,0.0,0.0,4.55,14.1,42.0,92.4,31.0,33.5,12.9,216.0,8.2,0.1,4.7,104.6,45.0,29.0,29.0,68.0,7.9,2.475,24.0,40.0,4.441,138.0,1.13,6.8,68.0,0.395,190.3,61.9,145.6,4.14,109.7,292.0,23.0,2,3,4.0,,4.07,2.0,2.0,1.0,64
68.0,109.0,65.0,19.12,72.8,12.8,7.7,12288.0,18.08,70.53,25.6,23.0,37.8,290.03,4.98,0.07,593.4,3.65,1.48,4.4,24.2,9.8,61.8,3.6,0.6,1.1,0.4,2.7,0.2,0.0,3.9,13.5,39.8,101.9,34.5,33.8,11.5,227.0,8.6,0.01,4.6,39.48,45.0,17.0,18.0,46.0,4.3,2.25,23.0,16.0,4.94,114.0,1.162,13.7,76.0,0.384,172.5,53.0,139.4,4.28,105.7,278.0,31.0,2,3,5.0,1.0,5.0,3.0,1.0,2.0,47
58.0,176.0,52.0,24.6,,14.2,2.0,884.0,17.9,69.09,25.9,35.0,42.4,332.84,9.33,0.15,604.8,5.66,2.38,5.5,16.4,4.1,78.4,0.8,0.3,0.9,0.2,4.3,0.0,0.0,3.98,12.9,38.5,96.7,32.5,33.6,13.3,192.0,9.8,0.15,5.4,5904.0,44.0,35.0,25.0,72.0,6.1,2.525,23.0,91.0,6.717,246.0,1.162,25.7,73.0,1.084,345.0,61.9,145.9,3.45,105.5,293.0,29.0,2,4,1.0,2.0,1.33,3.0,2.0,,82
78.0,102.0,69.0,20.41,75.0,20.2,3.1,6630.0,24.88,98.63,25.2,15.0,41.9,351.29,5.39,0.16,609.3,4.84,1.66,6.0,33.8,7.5,55.5,2.4,0.8,2.0,0.5,3.3,0.1,0.0,5.05,15.0,43.6,86.4,29.9,34.6,12.9,223.0,9.0,0.69,5.0,63.32,43.0,15.0,28.0,28.0,2.86,2.425,26.0,11.0,3.22,23.64,1.26,15.39,81.0,0.813,243.9,70.72,139.0,4.3,103.0,274.0,38.0,2,3,5.0,1.0,4.42,,2.0,3.0,29
68.0,137.0,68.0,30.68,104.6,11.4,1077.0,13614.0,10.38,51.37,20.2,656.0,43.7,369.74,10.55,0.09,727.1,4.65,0.71,6.2,19.8,6.8,65.1,7.8,0.6,1.2,0.4,4.0,0.5,0.0,5.39,16.2,47.6,88.4,30.0,34.0,14.9,232.0,8.0,0.42,6.1,502.6,45.0,21.0,21.0,114.0,8.2,2.4,22.0,83.0,4.219,159.0,0.969,12.0,73.0,4.019,511.5,141.4,141.3,4.21,106.4,284.0,28.0,1,3,4.0,2.0,1.82,,1.0,,73
86.0,119.0,77.0,24.59,83.7,4.2,260.0,14409.0,20.59,56.92,36.2,303.0,27.9,405.16,9.03,0.14,659.1,4.4,0.69,10.2,39.0,9.6,45.8,4.7,0.9,4.0,1.0,4.7,0.5,0.1,4.93,14.3,43.0,87.0,29.0,33.3,12.0,11.0,6.1,0.01,4.8,3.54,45.0,18.0,20.0,49.0,6.4,2.525,28.0,18.0,5.662,116.0,1.066,12.0,77.0,1.298,339.0,97.2,141.6,3.91,105.5,284.0,32.0,1,3,5.0,,0.0,,1.0,2.0,33
62.0,106.0,74.0,32.55,95.3,31.2,2.4,6365.0,3.58,78.76,4.5,3.0,14.5,154.24,8.25,0.39,405.4,3.72,0.65,6.9,29.5,6.6,60.4,3.2,0.4,2.0,0.5,4.2,0.2,0.0,4.81,12.0,35.8,74.4,25.0,33.6,15.1,319.0,8.4,0.17,5.2,30.06,39.0,34.0,20.0,82.0,4.28,2.2,21.0,14.0,5.218,178.0,1.49,8.55,71.0,2.766,273.6,53.04,139.0,4.4,107.0,277.0,32.0,2,1,1.0,1.0,0.68,,2.0,,34
84.0,157.0,60.0,38.51,122.0,,6.2,16266.0,21.3,60.32,35.3,98.0,23.8,156.46,7.13,0.25,566.3,3.23,0.98,4.0,41.7,7.4,49.2,1.4,0.4,1.7,0.3,2.0,0.1,0.0,3.7,12.1,36.0,97.2,32.6,33.6,12.3,212.0,7.8,0.26,5.2,114.5,41.0,24.0,25.0,125.0,4.6,2.225,22.0,20.0,6.217,186.0,0.84,13.7,74.0,0.96,261.7,53.0,139.2,4.16,105.4,279.0,33.0,2,4,4.0,2.0,2.51,,2.0,1.0,70
58.0,141.0,91.0,26.75,97.8,27.8,4.3,4243.0,10.38,80.37,12.9,24.0,40.3,474.53,6.37,0.13,987.5,6.1,1.22,3.6,36.3,8.0,52.1,3.0,0.6,1.3,0.3,1.9,0.1,0.0,4.43,13.6,39.4,88.9,30.7,34.4,11.0,346.0,7.5,0.25,5.1,42.9,43.0,21.0,20.0,91.0,7.14,2.425,24.0,10.0,5.884,141.0,1.29,10.26,71.0,0.598,202.2,61.88,140.0,4.3,107.0,282.0,28.0,2,3,4.0,1.0,4.99,,1.0,1.0,47
,,,,,,,,,,,,,,,,,,,,,,,,,,,,,,,,,,,,,,,,,,,,,,,,,,,,,,,,,,,,,,,1,3,1.0,1.0,,3.0,2.0,,85
66.0,152.0,74.0,30.56,111.5,19.0,12.2,6011.0,12.17,52.27,23.3,265.0,17.0,467.15,10.74,0.33,448.5,5.43,1.11,13.0,12.2,8.4,78.2,0.6,0.6,1.6,1.1,10.2,0.1,0.1,5.32,15.7,48.0,90.3,29.5,32.7,12.9,238.0,7.9,0.39,5.5,1527.0,42.0,59.0,43.0,92.0,8.9,2.4,24.0,33.0,5.884,169.0,0.936,17.1,74.0,1.547,422.3,106.1,145.0,4.64,106.1,294.0,32.0,1,3,2.0,1.0,1.33,,1.0,1.0,85
84.0,122.0,84.0,15.16,70.9,3.9,7.1,12553.0,14.14,69.27,20.4,27.0,29.2,323.24,10.17,0.26,996.6,3.59,1.42,6.1,33.7,11.8,51.3,2.2,1.1,2.1,0.7,3.1,0.1,0.1,4.67,14.6,43.3,92.7,31.2,33.6,12.5,276.0,7.4,0.07,4.8,13.17,,,,,,,,,,,,,,,,,,,,,,1,3,2.0,5.0,0.53,,1.0,,26
64.0,168.0,86.0,26.97,90.5,23.0,18.5,18210.0,21.3,56.92,37.4,116.0,24.7,4147.56,4.96,0.1,840.3,4.4,1.31,7.3,38.9,5.6,54.2,1.1,0.3,2.8,0.4,4.0,0.1,0.0,4.93,14.3,42.8,87.1,29.0,33.4,11.6,288.0,7.8,0.19,4.9,201.0,41.0,28.0,19.0,139.0,5.4,2.175,23.0,38.0,4.496,120.0,0.872,8.6,74.0,1.66,267.7,35.4,138.6,3.61,102.9,277.0,33.0,2,1,1.0,1.0,3.08,2.0,2.0,2.0,52
70.0,119.0,80.0,25.25,88.3,32.0,26.2,15470.0,11.28,62.65,18.0,69.0,22.0,501.84,7.09,0.33,591.2,7.27,1.19,7.7,45.5,7.6,42.0,3.6,1.3,3.5,0.6,3.2,0.3,0.1,4.7,15.0,44.3,94.4,32.1,34.1,12.5,359.0,7.4,0.06,4.8,88.31,44.0,15.0,17.0,112.0,5.0,2.325,23.0,14.0,4.718,132.0,1.42,10.26,74.0,2.913,255.8,53.04,144.0,4.4,107.0,286.0,30.0,2,3,2.0,6.0,1.16,1.0,1.0,,49
82.0,132.0,80.0,31.67,105.1,25.4,32.4,5923.0,9.49,59.07,16.1,9.0,28.1,343.17,5.11,0.09,416.8,6.57,1.27,8.5,37.3,6.6,55.2,0.6,0.4,3.2,0.6,4.7,0.1,0.0,5.13,14.4,44.2,86.2,28.2,32.7,13.4,363.0,8.8,0.58,12.8,37.17,42.0,44.0,27.0,128.0,5.36,2.325,22.0,31.0,14.488,118.0,1.07,18.81,79.0,2.247,208.2,44.2,131.0,4.0,94.0,273.0,37.0,2,1,1.0,1.0,1.18,,2.0,,48
70.0,129.0,73.0,28.09,94.9,12.2,2.3,6276.0,14.68,70.17,20.9,154.0,10.2,197.05,8.44,0.1,921.9,5.43,1.09,7.5,35.2,8.4,54.9,1.5,0.2,2.6,0.6,4.1,0.1,0.0,4.79,16.1,45.9,95.9,33.6,35.0,12.4,340.0,8.2,0.31,5.5,30.02,42.0,33.0,22.0,42.0,4.64,2.325,24.0,44.0,5.718,101.0,0.87,6.84,72.0,1.276,285.5,79.56,140.0,4.2,105.0,280.0,30.0,1,1,1.0,1.0,1.73,,2.0,12.0,33
64.0,102.0,69.0,31.84,105.8,14.0,5.5,13083.0,,,,,,,,,,,,,,,,,,,,,,,,,,,,,,,,,,,,,,,,,,,,,,,,,,,,,,,,1,1,1.0,1.0,,,4.0,,36
92.0,120.0,93.0,33.65,112.9,23.4,7.2,14940.0,20.59,64.62,31.9,114.0,38.5,537.26,9.03,0.17,1069.1,8.33,1.25,6.3,27.0,10.3,57.6,4.2,0.9,1.7,0.6,3.6,0.3,0.1,5.12,15.5,46.1,89.9,30.3,33.6,11.6,269.0,9.1,0.19,5.1,14.16,43.0,108.0,45.0,121.0,6.4,2.425,23.0,189.0,4.885,161.0,1.162,10.3,73.0,2.247,339.0,88.4,136.3,4.31,99.8,274.0,30.0,1,3,5.0,1.0,5.0,3.0,2.0,2.0,49
,,,,,,,,27.57,69.81,39.5,21.0,24.2,542.43,9.31,0.07,260.5,4.97,1.53,8.3,31.3,5.2,62.1,0.6,0.8,2.6,0.4,5.2,0.0,0.1,5.0,16.7,48.7,97.3,33.4,34.3,11.4,290.0,7.3,0.11,5.6,,45.0,18.0,21.0,44.0,3.93,2.45,24.0,15.0,4.441,117.0,1.16,8.55,78.0,0.734,267.7,97.24,136.0,3.9,103.0,270.0,33.0,2,4,4.0,6.0,0.67,,2.0,,22
78.0,114.0,58.0,29.83,90.5,26.4,5.2,14409.0,12.89,85.03,15.2,83.0,47.1,180.07,3.36,0.08,679.5,4.94,1.05,9.4,37.0,6.3,54.5,1.4,0.8,3.5,0.6,5.1,0.1,0.1,4.18,13.1,37.4,89.4,31.5,35.2,11.6,350.0,7.6,1.3,5.0,83.4,41.0,19.0,16.0,60.0,3.9,2.225,21.0,11.0,4.996,111.0,1.195,3.4,72.0,1.344,214.1,35.4,135.5,4.11,101.7,270.0,31.0,2,3,4.0,1.0,3.8,1.0,2.0,3.0,29
94.0,156.0,96.0,26.1,100.3,,244.0,13614.0,16.29,51.55,31.6,417.0,15.4,388.93,8.51,0.05,514.2,7.96,2.11,6.1,38.6,7.3,53.3,0.6,0.2,2.4,0.4,3.3,0.0,0.0,4.8,12.0,35.8,74.6,24.8,33.3,13.7,165.0,8.1,0.04,5.7,,46.0,27.0,43.0,40.0,4.3,2.4,22.0,222.0,5.051,235.0,1.13,6.8,82.0,1.434,386.6,53.0,142.3,3.92,102.1,283.0,36.0,2,4,3.0,5.0,0.04,,2.0,2.0,47
60.0,113.0,61.0,24.07,85.3,7.2,9.7,7956.0,36.16,72.67,49.8,50.0,27.0,430.99,9.29,0.1,373.7,4.42,1.37,4.1,38.3,8.2,47.5,5.6,0.5,1.6,0.3,1.9,0.2,0.0,4.91,14.9,45.3,92.2,30.3,32.9,12.5,334.0,8.2,0.02,5.5,8.83,44.0,20.0,24.0,69.0,6.07,2.4,26.0,23.0,4.33,97.0,1.07,15.39,77.0,1.073,321.2,88.4,136.0,3.9,97.0,273.0,33.0,1,1,2.0,1.0,4.48,3.0,2.0,,42
64.0,117.0,66.0,38.33,123.9,35.2,11.1,14056.0,21.48,64.62,33.2,10.0,26.5,115.87,14.22,0.2,790.5,4.63,1.16,5.9,37.7,10.9,49.6,1.3,0.6,2.2,0.6,2.9,0.1,0.0,4.89,15.4,46.1,94.1,31.5,33.4,12.4,210.0,9.5,0.21,5.3,115.6,40.0,17.0,18.0,89.0,7.85,2.25,24.0,17.0,5.718,138.0,1.1,11.97,70.0,1.321,327.1,70.72,143.0,4.2,105.0,289.0,30.0,1,3,1.0,1.0,2.84,3.0,2.0,1.0,85
58.0,105.0,57.0,30.55,96.0,12.0,6.1,16354.0,20.94,49.94,41.9,138.0,21.3,325.46,5.24,0.17,534.5,6.05,1.14,5.3,32.8,8.4,56.8,1.7,0.5,1.7,0.4,3.0,0.1,0.0,4.86,15.1,45.3,93.1,31.2,33.5,11.8,303.0,7.4,0.07,5.0,57.65,45.0,29.0,26.0,69.0,4.6,2.2,28.0,27.0,4.885,157.0,0.936,23.9,73.0,1.185,321.2,79.6,141.0,4.29,104.6,281.0,28.0,1,2,5.0,1.0,1.82,,4.0,4.0,32
68.0,109.0,80.0,30.47,103.0,10.8,6.9,24310.0,13.43,61.76,21.7,134.0,39.4,280.44,8.55,0.15,672.7,6.05,0.78,6.1,29.7,6.2,62.2,1.0,0.9,1.8,0.4,3.8,0.1,0.1,4.88,14.5,41.8,85.7,29.6,34.6,12.6,229.0,9.7,0.37,5.3,14.71,43.0,42.0,28.0,52.0,6.78,2.4,24.0,60.0,4.94,144.0,1.36,11.97,71.0,4.843,392.6,97.24,140.0,4.1,104.0,282.0,28.0,1,3,4.0,1.0,3.63,,4.0,3.0,40
44.0,125.0,70.0,23.81,87.8,7.0,16.7,22542.0,18.44,78.58,23.5,12.0,23.6,186.71,10.06,0.1,378.3,4.24,1.37,3.7,16.6,12.2,69.6,1.5,0.2,0.6,0.5,2.6,0.1,0.0,4.81,13.8,41.1,85.4,28.6,33.5,12.4,157.0,7.9,0.03,5.1,111.9,44.0,16.0,27.0,87.0,3.21,2.3,24.0,7.0,4.496,118.0,1.03,29.07,78.0,0.655,232.0,88.4,142.0,3.5,107.0,281.0,34.0,1,4,3.0,4.0,0.58,3.0,2.0,,50
64.0,164.0,64.0,18.58,74.5,9.4,13.0,6895.0,28.46,54.6,52.1,156.0,141.1,750.55,10.05,0.39,1148.4,5.53,2.0,6.8,24.0,8.4,63.8,3.6,0.3,1.6,0.6,4.3,0.2,0.0,4.32,14.8,43.4,100.2,34.1,34.1,12.9,215.0,9.3,0.06,5.2,330.7,43.0,25.0,32.0,115.0,6.8,2.575,32.0,146.0,5.495,163.0,1.13,12.0,72.0,1.208,362.8,88.4,141.3,3.76,96.4,284.0,29.0,1,3,4.0,1.0,2.99,3.0,1.0,1.0,81
112.0,117.0,63.0,30.84,117.4,34.2,13.4,13967.0,9.49,113.84,8.3,12.0,41.2,186.71,3.05,0.18,1007.9,7.6,1.6,8.2,23.3,6.1,69.4,0.7,0.5,1.9,0.5,5.7,0.1,0.0,4.65,13.3,39.0,83.7,28.6,34.2,14.1,179.0,9.9,0.84,5.5,,32.0,14.0,17.0,120.0,2.5,2.25,18.0,17.0,4.219,124.0,1.26,6.84,61.0,5.419,303.3,44.2,139.0,4.0,108.0,274.0,29.0,2,3,5.0,1.0,5.0,,1.0,2.0,29
64.0,150.0,95.0,29.61,94.4,33.8,4.0,4862.0,18.44,74.46,24.8,14.0,22.0,256.09,6.73,0.11,477.9,5.77,1.8,5.7,41.6,6.3,49.1,1.7,1.3,2.4,0.4,2.8,0.1,0.1,4.91,14.9,44.4,90.6,30.3,33.5,13.1,395.0,7.5,0.06,5.3,,47.0,15.0,17.0,141.0,3.6,2.3,23.0,17.0,4.774,169.0,0.969,6.8,77.0,1.637,267.7,44.2,139.7,3.93,102.7,277.0,30.0,2,1,2.0,3.0,1.41,,2.0,2.0,48
64.0,167.0,81.0,27.78,98.5,23.6,4.2,15382.0,27.03,59.61,45.3,144.0,23.8,189.67,8.38,0.15,584.4,4.4,1.14,7.3,27.8,7.3,61.2,2.6,1.3,2.0,0.5,4.5,0.2,0.1,4.53,12.4,37.5,82.9,27.4,33.1,13.1,274.0,10.6,0.17,5.4,260.5,42.0,17.0,25.0,92.0,4.3,2.275,22.0,21.0,4.94,178.0,1.033,8.6,70.0,1.016,422.3,61.9,140.2,3.9,105.6,279.0,28.0,2,2,1.0,2.0,1.13,,2.0,7.0,61
78.0,121.0,79.0,27.11,95.6,23.2,3.1,13702.0,24.17,70.53,34.3,93.0,30.1,283.39,10.33,0.17,518.7,6.78,1.14,6.2,27.8,8.0,62.1,1.2,1.0,1.7,0.5,3.9,0.1,0.1,5.03,16.0,48.0,95.3,31.8,33.3,11.6,195.0,9.6,0.29,5.6,36.88,40.0,52.0,26.0,100.0,5.0,2.55,28.0,90.0,5.495,96.0,1.19,30.78,75.0,3.026,458.0,97.24,144.0,4.4,102.0,287.0,35.0,1,3,5.0,1.0,,,2.0,2.0,41
84.0,117.0,82.0,29.89,117.1,20.2,1.0,5039.0,10.74,72.32,14.9,39.0,26.0,549.81,7.81,0.09,860.7,4.24,1.12,6.6,22.1,6.5,67.4,3.8,0.1,1.5,0.4,4.4,0.3,0.0,5.17,15.1,44.7,86.6,29.2,33.8,12.9,315.0,8.6,0.27,5.1,13.55,45.0,23.0,23.0,87.0,4.3,2.4,20.0,16.0,6.106,144.0,1.066,6.8,80.0,0.587,374.7,70.7,137.4,4.37,102.9,275.0,35.0,1,2,1.0,5.0,0.96,3.0,1.0,,50
58.0,167.0,83.0,28.76,106.1,14.2,1.4,6807.0,19.15,72.67,26.4,35.0,22.4,219.92,14.82,0.14,564.0,6.18,1.0,6.1,36.3,10.6,50.5,2.2,0.5,2.2,0.6,3.1,0.1,0.0,5.47,15.5,46.4,84.9,28.6,33.6,14.2,170.0,7.8,0.41,5.4,63.06,42.0,18.0,24.0,60.0,7.9,2.4,20.0,41.0,5.551,157.0,1.227,13.7,69.0,2.055,517.5,97.2,139.5,4.44,103.8,282.0,27.0,1,3,1.0,1.0,0.62,3.0,2.0,1.0,77
,,,21.18,77.8,8.8,7.0,16000.0,13.6,59.07,23.0,230.0,14.9,591.14,7.23,0.08,650.1,3.93,1.24,5.0,23.7,7.0,65.6,3.4,0.4,1.2,0.4,3.3,0.2,0.0,5.15,16.0,47.3,91.8,31.2,33.9,12.0,224.0,8.1,0.02,5.2,12.22,46.0,17.0,22.0,61.0,5.71,2.4,26.0,11.0,5.329,108.0,1.26,10.26,72.0,1.095,243.9,79.56,140.0,4.0,102.0,280.0,26.0,1,1,1.0,5.0,1.94,2.0,2.0,3.0,24
72.0,120.0,78.0,29.21,97.2,8.4,19.3,12376.0,19.33,67.66,28.6,261.0,36.5,301.1,10.36,0.13,885.6,6.36,1.47,5.9,25.6,10.6,60.4,2.7,0.7,1.5,0.6,3.6,0.2,0.0,5.31,15.8,46.8,88.2,29.8,33.8,12.3,253.0,8.2,0.11,5.5,3.54,45.0,27.0,22.0,70.0,4.64,2.225,22.0,54.0,5.551,141.0,1.1,10.26,74.0,2.506,356.9,88.4,138.0,3.9,102.0,275.0,29.0,1,3,3.0,1.0,5.0,,2.0,1.0,44
58.0,116.0,82.0,20.28,81.9,4.2,6.4,15824.0,31.5,48.51,64.9,384.0,21.5,249.44,7.1,0.11,464.3,3.9,1.32,6.3,37.6,9.4,47.9,4.9,0.2,2.4,0.6,3.0,0.3,0.0,5.34,16.3,48.1,90.1,30.4,33.7,11.8,200.0,9.5,0.06,5.5,10.24,45.0,24.0,22.0,94.0,3.93,2.3,22.0,29.0,5.495,111.0,1.13,13.68,75.0,1.039,374.7,70.72,142.0,3.7,102.0,283.0,30.0,1,1,3.0,1.0,2.9,3.0,3.0,1.0,35
62.0,158.0,88.0,17.16,72.0,6.0,25.8,5392.0,15.57,79.66,19.6,33.0,25.8,930.62,8.46,0.16,974.0,4.86,1.5,3.9,18.3,9.0,70.8,1.2,0.9,0.7,0.4,2.8,0.0,0.0,4.06,13.3,38.8,95.6,32.6,34.1,13.0,267.0,7.6,0.01,5.5,399.63,43.0,43.0,59.0,71.0,9.28,2.275,27.0,34.0,4.718,352.0,1.19,10.26,76.0,0.587,226.0,61.88,133.0,4.4,95.0,271.0,33.0,2,3,5.0,5.0,3.49,,3.0,2.0,78
70.0,110.0,48.0,28.41,111.0,17.2,86.6,20597.0,10.38,74.11,14.0,88.0,19.3,312.91,16.91,0.18,795.0,3.59,0.98,9.4,15.8,8.4,73.7,2.1,0.1,1.5,0.8,6.9,0.2,0.0,5.56,16.5,49.5,89.1,29.8,33.4,14.0,654.0,8.7,0.29,5.6,,44.0,21.0,25.0,150.0,8.57,2.425,23.0,19.0,5.551,235.0,1.1,17.1,75.0,1.332,588.9,114.92,139.0,4.9,103.0,281.0,31.0,1,3,1.0,1.0,1.85,3.0,2.0,2.0,80
62.0,165.0,95.0,26.27,76.4,19.3,1.0,2210.0,17.72,65.51,27.0,110.0,58.7,704.05,6.9,0.12,1026.0,6.05,2.15,4.3,33.0,8.9,54.3,3.1,0.7,1.4,0.4,2.3,0.1,0.0,4.61,14.4,42.4,92.1,31.2,33.9,12.6,278.0,7.8,0.17,5.2,412.5,40.0,17.0,18.0,18.0,5.0,2.225,22.0,11.0,4.496,17.37,1.07,10.26,70.0,1.445,184.4,70.72,137.0,3.5,101.0,274.0,30.0,2,3,5.0,1.0,5.0,,3.0,,66
,,,,,,,,,,,,,,,,,,,,,,,,,,,,,,,,,,,,,,,,,,,,,,,,,,,,,,,,,,,,,,,1,3,5.0,1.0,3.11,1.0,1.0,,74
64.0,149.0,60.0,24.44,81.8,22.8,0.9,1326.0,24.7,87.53,28.2,43.0,62.3,592.61,7.44,0.16,987.5,6.03,2.61,7.3,29.8,7.4,61.8,0.6,0.6,2.2,0.5,4.5,0.0,0.0,4.39,14.4,42.9,97.8,32.7,33.5,12.0,174.0,8.1,0.65,5.1,1533.0,45.0,22.0,28.0,41.0,5.4,2.325,21.0,18.0,5.107,141.0,1.033,6.8,74.0,1.502,297.4,70.7,136.7,4.32,102.3,274.0,29.0,2,3,4.0,,1.21,3.0,2.0,1.0,78
,,,,,,,,,,,,,,,,,,,,,,,,,,,,,,,,,,,,,,,,,,,,,,,,,,,,,,,,,,,,,,,1,3,5.0,6.0,2.43,,1.0,,72
64.0,128.0,0.0,,,,68.4,8928.0,11.46,69.27,16.5,17.0,43.9,51.66,47.55,5.73,876.6,3.13,1.11,5.1,32.3,11.4,49.7,6.1,0.6,1.6,0.6,2.5,0.3,0.0,3.79,11.0,34.2,90.1,29.0,32.2,11.8,180.0,6.5,0.2,5.3,22.1,37.0,15.0,22.0,95.0,4.3,2.275,29.0,11.0,4.996,174.0,1.001,17.1,82.0,0.373,243.9,61.9,132.6,4.65,92.9,265.0,45.0,1,4,1.0,2.0,0.96,3.0,1.0,,85
98.0,119.0,70.0,,,,35.0,27227.0,10.56,53.16,19.9,26.0,45.1,424.35,4.94,0.1,824.5,3.78,1.32,7.3,21.3,5.5,71.2,0.9,1.2,1.6,0.4,5.2,0.1,0.1,3.92,12.6,37.0,94.2,32.2,34.2,12.4,239.0,8.6,0.03,4.7,26.19,45.0,16.0,18.0,62.0,3.93,2.35,24.0,18.0,4.829,112.0,1.42,11.97,69.0,0.632,196.3,61.88,141.0,4.2,104.0,279.0,24.0,2,3,3.0,1.0,0.41,,3.0,,23
50.0,142.0,80.0,37.21,110.3,28.2,33.4,9105.0,22.55,62.83,35.9,45.0,45.3,247.97,15.81,0.11,645.5,5.79,1.4,8.9,34.4,6.7,56.8,1.4,0.6,3.1,0.6,5.1,0.1,0.1,4.48,14.3,40.6,90.5,31.7,35.1,13.1,330.0,9.4,0.36,5.7,308.9,45.0,18.0,21.0,88.0,5.36,2.45,22.0,13.0,5.051,160.0,1.19,15.39,80.0,1.806,327.1,79.56,140.0,4.2,104.0,279.0,35.0,2,3,5.0,1.0,3.62,,2.0,1.0,73
66.0,132.0,82.0,27.8,100.5,13.6,14.6,24575.0,16.11,61.58,26.2,120.0,44.8,272.32,9.32,0.1,518.7,6.1,1.5,4.9,31.8,9.2,48.8,7.8,2.5,1.6,0.5,2.4,0.4,0.1,5.23,15.3,46.3,88.4,29.2,33.1,12.9,215.0,9.6,0.2,5.6,48.93,47.0,21.0,19.0,76.0,4.3,2.375,26.0,36.0,5.051,120.0,1.162,10.3,77.0,0.734,440.2,70.7,138.6,4.37,98.8,276.0,30.0,1,1,4.0,1.0,5.0,3.0,2.0,2.0,51
60.0,111.0,60.0,29.09,83.0,,8.9,8663.0,19.33,63.55,30.4,57.0,23.8,395.57,6.45,0.05,403.2,4.42,1.53,5.9,35.5,3.0,58.5,1.3,1.7,2.1,0.2,3.5,0.1,0.1,4.24,11.8,35.7,84.1,27.7,32.9,12.3,272.0,9.6,0.15,5.2,22.92,43.0,12.0,15.0,46.0,2.86,2.325,23.0,22.0,4.663,117.0,1.26,18.81,71.0,0.869,267.7,61.88,136.0,3.5,102.0,270.0,28.0,2,4,3.0,1.0,2.11,,3.0,,38
68.0,,,,,4.2,,,,,,,,,,,,,,,,,,,,,,,,,,,,,,,,,,,,,,,,,,,,,,,,,,,,,,,,,,1,4,1.0,2.0,3.63,,1.0,,85
62.0,142.0,93.0,18.03,77.5,7.4,60.0,17061.0,13.43,49.23,27.3,239.0,32.2,273.06,10.45,0.12,484.7,3.31,0.85,3.8,37.9,12.7,43.6,4.4,1.4,1.4,0.5,1.7,0.2,0.1,4.7,15.4,44.6,94.8,32.8,34.7,13.7,141.0,8.9,0.27,5.3,659.1,44.0,22.0,24.0,87.0,7.14,2.3,20.0,23.0,4.441,156.0,0.94,11.97,85.0,0.858,327.1,70.72,138.0,4.2,104.0,278.0,41.0,1,3,5.0,3.0,1.16,1.0,2.0,3.0,50
70.0,124.0,79.0,21.45,90.6,8.2,11.3,14586.0,18.08,77.33,23.4,247.0,18.1,271.58,13.39,0.14,591.2,8.4,1.32,9.1,20.3,7.9,66.9,4.6,0.4,1.8,0.7,6.1,0.4,0.0,4.65,15.3,45.6,98.0,32.8,33.5,12.7,435.0,7.8,3.94,5.7,71.4,43.0,26.0,33.0,116.0,2.86,2.525,22.0,38.0,5.051,132.0,1.19,10.26,83.0,2.427,362.8,88.4,142.0,4.8,104.0,280.0,40.0,1,3,2.0,1.0,1.4,1.0,2.0,1.0,66
92.0,134.0,60.0,26.4,97.4,25.4,27.4,2564.0,6.98,55.85,12.5,695.0,43.7,536.53,6.8,0.16,903.7,3.85,1.32,7.6,35.8,10.0,52.5,1.2,0.6,2.7,0.8,4.0,0.1,0.0,5.19,15.4,44.7,86.1,29.7,34.5,11.9,328.0,8.4,0.3,5.7,130.9,40.0,34.0,26.0,26.0,4.64,2.475,20.0,65.0,4.496,7.88,1.65,11.97,71.0,1.129,333.1,35.36,138.0,4.0,101.0,275.0,31.0,2,2,2.0,1.0,1.25,1.0,2.0,,56
70.0,97.0,72.0,24.65,88.3,25.8,9.8,17592.0,11.81,55.67,21.2,179.0,49.4,567.52,5.07,0.07,885.6,4.68,1.58,5.2,16.0,7.1,75.8,0.4,0.6,0.8,0.4,3.9,0.0,0.0,4.57,14.5,41.2,90.1,31.5,35.0,12.1,148.0,7.8,0.06,5.0,99.6,41.0,17.0,27.0,56.0,5.71,2.275,23.0,17.0,4.94,110.0,1.1,11.97,71.0,1.423,333.1,70.72,136.0,3.7,103.0,273.0,30.0,2,3,5.0,1.0,4.14,3.0,2.0,1.0,42
88.0,150.0,71.0,19.76,81.1,6.5,3.9,5569.0,29.71,60.68,49.0,239.0,31.7,276.75,11.16,0.25,511.9,4.6,1.26,12.8,27.9,10.1,57.7,4.1,0.3,3.6,1.3,7.4,0.5,0.0,4.89,17.0,51.4,105.3,34.8,33.1,12.9,255.0,9.1,0.84,4.8,48.57,44.0,19.0,19.0,89.0,2.9,2.4,21.0,34.0,4.774,130.0,0.84,15.4,78.0,1.231,356.9,79.6,139.2,3.96,100.9,276.0,34.0,1,1,1.0,4.0,,1.0,2.0,2.0,64
52.0,119.0,70.0,24.99,92.2,9.0,2.5,12199.0,16.65,65.16,25.5,95.0,19.9,242.06,8.97,0.09,570.8,4.6,1.29,4.6,38.0,10.4,42.8,7.8,1.0,1.7,0.5,2.0,0.4,0.0,4.37,13.6,41.6,95.2,31.0,32.5,12.2,210.0,7.9,0.03,5.0,,44.0,22.0,25.0,42.0,5.7,2.325,25.0,12.0,4.663,121.0,1.162,6.8,74.0,0.587,392.6,70.7,142.7,4.82,105.5,285.0,30.0,1,3,5.0,1.0,5.0,3.0,1.0,1.0,38
82.0,120.0,79.0,30.05,102.2,39.2,0.7,1945.0,12.17,74.82,16.3,14.0,13.1,1909.94,7.42,0.11,1295.6,5.92,0.96,10.6,17.1,6.9,73.6,1.8,0.7,1.8,0.7,7.8,0.2,0.1,4.48,13.0,39.0,86.9,29.0,33.4,14.7,368.0,8.2,0.57,5.3,7.38,42.0,11.0,17.0,101.0,5.0,2.3,20.0,18.0,4.94,156.0,1.13,5.1,74.0,3.139,350.9,35.4,138.4,4.13,103.9,276.0,32.0,2,1,4.0,1.0,0.0,3.0,4.0,,39
66.0,123.0,69.0,22.99,86.2,6.2,22.3,5834.0,17.36,63.37,27.4,546.0,33.7,497.41,9.32,0.13,611.6,5.33,2.1,5.8,18.8,8.6,70.3,1.7,0.6,1.1,0.5,4.1,0.1,0.0,4.83,15.9,46.7,96.7,32.9,34.0,12.7,177.0,8.9,0.11,10.2,117.3,46.0,50.0,38.0,88.0,6.1,2.325,24.0,22.0,9.437,211.0,1.227,10.3,75.0,1.264,208.2,70.7,132.6,3.76,96.2,271.0,29.0,1,1,2.0,1.0,1.78,3.0,1.0,,65
100.0,125.0,86.0,,100.8,12.2,,,25.78,55.31,46.6,100.0,17.9,355.72,15.94,0.46,493.8,4.6,1.11,7.3,15.9,6.1,75.3,2.7,0.1,1.2,0.4,5.5,0.2,0.0,4.47,14.1,42.4,94.8,31.3,33.2,13.3,251.0,7.0,0.06,5.6,356.2,39.0,21.0,20.0,67.0,6.07,2.325,23.0,30.0,3.386,112.0,1.29,15.39,74.0,1.445,273.6,150.28,139.0,4.2,102.0,277.0,35.0,1,3,1.0,5.0,1.05,3.0,1.0,,68
78.0,138.0,79.0,27.91,100.8,36.0,1.6,7691.0,,,,53.0,72.3,561.62,8.37,0.13,1336.4,6.57,1.58,4.9,41.6,8.8,47.6,1.7,0.4,2.0,0.4,2.3,0.1,0.0,4.38,13.4,40.8,93.1,30.6,32.8,12.9,271.0,7.7,0.19,5.4,29.88,44.0,31.0,30.0,39.0,6.07,2.55,23.0,18.0,4.94,162.0,1.19,18.81,80.0,1.479,446.1,97.24,139.0,3.9,101.0,278.0,36.0,2,4,4.0,2.0,1.63,,2.0,1.0,61
56.0,98.0,65.0,27.24,97.0,18.6,2.8,8221.0,17.36,59.97,29.0,107.0,34.2,198.52,7.37,0.12,722.5,6.03,0.76,9.1,23.0,7.1,67.9,1.9,0.2,2.1,0.6,6.2,0.2,0.0,4.94,14.3,42.8,86.7,29.0,33.5,12.8,210.0,7.9,0.02,5.2,23.77,45.0,32.0,24.0,71.0,6.4,2.375,23.0,21.0,4.774,137.0,1.033,10.3,77.0,1.185,374.7,61.9,140.5,3.92,103.3,282.0,32.0,1,3,4.0,1.0,4.11,,4.0,2.0,37
60.0,149.0,63.0,30.02,99.8,32.0,1.0,972.0,16.29,61.58,26.5,54.0,51.6,649.44,7.8,0.07,1832.4,6.15,1.18,8.9,44.3,6.9,45.4,2.8,0.6,3.9,0.6,4.0,0.2,0.1,4.65,13.4,40.2,86.5,28.8,33.3,12.6,265.0,8.0,0.07,6.8,55.33,47.0,31.0,26.0,75.0,5.4,2.25,25.0,17.0,4.829,203.0,1.195,8.6,73.0,1.942,249.8,53.0,134.0,3.5,93.2,268.0,26.0,2,1,1.0,1.0,1.48,,2.0,,62
72.0,144.0,68.0,39.21,121.3,42.8,7.1,6895.0,13.43,70.17,19.1,287.0,38.7,452.39,7.63,0.14,636.5,5.48,2.07,9.0,25.3,7.4,65.1,2.0,0.3,2.3,0.7,5.9,0.2,0.0,5.13,15.6,46.8,91.3,30.6,33.5,13.3,300.0,7.6,1.53,9.6,69.74,39.0,33.0,28.0,71.0,6.07,2.3,24.0,47.0,15.709,161.0,1.13,10.26,69.0,0.632,350.9,70.72,133.0,4.5,94.0,279.0,30.0,2,3,3.0,2.0,2.69,1.0,1.0,,72
,,,,,,20.1,15912.0,11.81,59.61,19.8,82.0,28.5,335.05,7.51,0.16,466.6,5.38,2.38,7.1,36.4,9.4,50.9,2.7,0.6,2.6,0.7,3.6,0.2,0.0,4.36,13.3,39.0,89.4,30.5,34.0,12.6,277.0,7.9,0.03,5.3,74.15,42.0,24.0,33.0,62.0,4.64,2.225,21.0,18.0,4.385,180.0,1.55,11.97,74.0,0.994,333.1,61.88,140.0,3.8,105.0,279.0,32.0,2,4,2.0,1.0,0.68,1.0,2.0,2.0,40
58.0,108.0,63.0,28.84,100.3,9.7,10.6,14498.0,20.59,66.77,30.8,519.0,24.9,273.8,7.63,0.07,661.4,6.13,0.93,7.3,28.2,8.1,49.3,13.7,0.7,2.1,0.6,3.6,1.0,0.1,4.85,15.1,43.8,90.5,31.2,34.5,11.7,215.0,9.6,0.22,5.5,12.14,45.0,23.0,25.0,25.0,3.93,2.35,24.0,22.0,4.774,20.6,1.32,10.26,78.0,5.148,582.9,88.4,139.0,3.8,100.0,276.0,33.0,1,1,2.0,1.0,2.53,,4.0,,34
88.0,114.0,78.0,48.45,128.1,,1.6,2033.0,6.8,64.26,10.6,200.0,27.0,194.09,5.16,0.1,491.5,4.86,1.19,10.0,28.3,7.6,62.5,1.1,0.6,2.8,0.8,6.3,0.1,0.1,4.7,13.9,41.3,88.0,29.5,33.5,12.9,320.0,8.2,0.35,5.2,100.3,44.0,25.0,21.0,40.0,3.21,2.375,22.0,27.0,4.663,119.0,1.39,6.84,73.0,1.219,249.8,61.88,140.0,3.7,105.0,277.0,29.0,2,3,3.0,3.0,5.0,,1.0,1.0,40
122.0,137.0,0.0,31.46,116.2,21.6,5.5,9105.0,15.75,82.7,19.0,238.0,10.0,167.53,15.77,0.14,806.3,8.82,0.91,9.4,19.3,6.9,71.6,1.7,0.6,1.8,0.6,6.7,0.2,0.1,6.63,19.0,55.0,83.6,28.8,34.4,13.3,270.0,9.8,0.36,5.2,25.7,42.0,28.0,27.0,85.0,7.14,2.7,19.0,39.0,6.55,133.0,0.81,18.81,,10.59,469.9,106.08,136.0,3.8,104.0,276.0,,1,3,3.0,3.0,1.33,1.0,2.0,,52
76.0,134.0,84.0,24.03,89.6,17.9,606.0,8310.0,16.65,56.21,29.6,62.0,43.5,207.38,16.3,0.53,754.2,5.48,1.53,6.6,30.0,9.9,57.9,1.6,0.6,2.0,0.7,3.8,0.1,0.0,4.31,13.6,40.2,93.2,31.4,33.7,12.3,294.0,7.3,0.24,5.4,138.9,42.0,15.0,24.0,96.0,5.7,2.325,26.0,15.0,4.774,160.0,1.033,12.0,72.0,1.14,398.5,97.2,142.2,4.46,102.1,284.0,30.0,1,3,3.0,1.0,4.19,3.0,2.0,,85
52.0,127.0,80.0,29.37,93.6,15.2,18.2,16531.0,11.81,50.84,23.2,178.0,20.6,306.27,7.25,0.07,414.5,4.63,1.78,6.0,37.0,8.9,51.2,1.4,1.6,2.2,0.5,3.1,0.1,0.1,5.34,14.6,44.1,82.9,27.5,33.2,13.0,251.0,7.7,0.31,5.6,,43.0,25.0,22.0,60.0,5.36,2.45,25.0,42.0,4.774,137.0,0.9,10.26,79.0,0.689,356.9,79.56,139.0,4.3,103.0,278.0,36.0,1,4,3.0,5.0,1.94,,1.0,1.0,36
74.0,108.0,73.0,26.05,80.0,38.2,184.5,2210.0,18.26,53.7,34.0,31.0,79.7,417.71,12.5,0.17,1173.3,6.15,1.63,7.2,25.1,4.8,68.0,1.7,0.4,1.8,0.3,4.9,0.1,0.0,3.53,11.3,32.8,92.8,31.8,34.3,12.4,248.0,8.1,0.1,5.2,487.0,38.0,19.0,21.0,44.0,12.14,2.325,20.0,10.0,5.051,129.0,1.42,15.39,60.0,1.84,481.8,114.92,138.0,4.6,113.0,283.0,22.0,2,3,5.0,3.0,5.0,3.0,2.0,1.0,60
76.0,101.0,70.0,18.59,71.5,10.8,8.3,4508.0,6.09,54.95,11.1,26.0,33.3,318.82,5.79,0.16,459.8,3.23,1.34,5.0,34.2,6.9,56.9,1.6,0.4,1.7,0.3,2.8,0.1,0.0,3.94,11.8,35.5,90.1,30.0,33.2,12.2,187.0,8.7,0.01,5.0,74.34,45.0,23.0,25.0,56.0,4.3,2.25,24.0,7.0,4.496,125.0,0.936,5.1,74.0,0.373,154.6,44.2,141.5,3.85,105.1,281.0,29.0,2,2,5.0,1.0,2.16,,1.0,2.0,34
64.0,104.0,73.0,29.44,99.8,16.4,4.0,9017.0,18.8,52.81,35.6,135.0,22.9,354.24,6.58,0.17,496.0,5.87,1.24,3.9,38.3,8.9,47.2,4.9,0.9,1.5,0.3,1.8,0.2,0.0,4.59,15.1,42.6,92.8,32.8,35.4,11.9,185.0,9.1,0.02,5.6,11.38,42.0,21.0,19.0,80.0,7.14,2.225,22.0,11.0,5.662,132.0,1.19,10.26,68.0,0.745,392.6,70.72,140.0,4.1,107.0,283.0,26.0,1,3,3.0,5.0,3.42,1.0,3.0,12.0,40
114.0,115.0,69.0,37.82,133.6,,16.3,26255.0,10.38,84.49,12.3,11.0,38.3,191.88,4.88,0.13,1125.7,7.76,1.67,12.0,14.3,3.3,81.3,0.6,0.5,1.7,0.4,9.8,0.1,0.1,3.66,11.3,32.2,88.0,30.7,35.0,12.3,319.0,6.2,4.2,4.9,63.51,37.0,22.0,24.0,96.0,3.2,2.4,20.0,9.0,4.774,132.0,1.324,5.1,68.0,2.642,237.9,44.2,136.3,4.16,101.2,271.0,31.0,2,3,5.0,6.0,3.95,,2.0,2.0,25
82.0,114.0,80.0,24.56,82.9,25.0,64.9,15382.0,17.54,73.21,24.0,3.0,19.7,265.68,5.7,0.15,462.1,4.63,1.34,4.3,26.5,11.2,58.6,3.2,0.5,1.1,0.5,2.5,0.1,0.0,4.6,12.4,37.3,81.4,27.0,33.1,14.0,236.0,8.9,0.09,4.7,58.12,45.0,12.0,20.0,64.0,4.6,2.4,25.0,11.0,4.607,125.0,1.162,8.6,75.0,0.666,273.6,44.2,143.2,4.68,109.7,285.0,30.0,2,3,4.0,5.0,2.99,,3.0,,21
54.0,116.0,63.0,25.91,84.9,,0.8,1414.0,9.67,49.23,19.6,33.0,40.8,422.87,4.76,0.08,901.5,5.69,2.34,6.5,39.7,11.7,44.9,3.2,0.6,2.6,0.8,2.9,0.2,0.0,4.86,14.8,43.3,88.6,30.3,34.0,10.6,143.0,10.5,0.33,5.4,39.28,42.0,14.0,22.0,62.0,3.6,2.525,25.0,8.0,4.607,126.0,1.162,5.1,73.0,1.4,196.3,44.2,142.1,4.23,100.6,281.0,31.0,2,3,4.0,1.0,3.11,,2.0,,44
66.0,123.0,67.0,31.05,98.6,26.8,3.1,5127.0,18.44,68.02,27.1,49.0,31.3,425.09,4.29,0.06,536.8,4.58,1.24,4.9,33.6,7.9,57.8,0.3,0.6,1.6,0.4,2.8,0.0,0.0,4.31,13.1,39.1,90.8,30.6,33.7,13.0,347.0,6.9,0.43,5.1,27.79,42.0,13.0,12.0,81.0,3.93,2.25,23.0,13.0,5.051,119.0,0.9,10.26,74.0,1.106,220.1,44.2,136.0,4.1,102.0,271.0,32.0,2,1,1.0,1.0,1.7,,2.0,,47
114.0,111.0,82.0,28.64,100.6,22.0,20.5,32708.0,3.22,70.17,4.6,90.0,27.6,316.6,5.63,0.19,611.6,4.16,1.64,9.9,14.1,11.7,73.4,0.4,0.4,1.4,1.2,7.3,0.0,0.0,4.93,16.0,45.7,92.8,32.4,35.0,12.2,257.0,8.6,6.25,5.6,3.54,47.0,32.0,25.0,89.0,3.6,2.375,24.0,45.0,5.551,159.0,1.195,17.1,79.0,0.745,315.2,79.6,138.7,4.04,99.6,281.0,32.0,1,1,4.0,5.0,0.82,,2.0,3.0,21
,,,,,,1810.0,6807.0,3.76,83.06,4.5,9.0,16.3,419.18,11.73,0.26,521.0,,,16.3,6.4,2.2,86.4,4.0,1.0,1.0,0.4,14.1,0.7,0.2,9.16,18.5,59.9,65.4,20.2,30.9,22.1,671.0,8.2,0.11,5.7,,42.0,10.0,17.0,97.0,7.14,2.425,22.0,16.0,4.33,208.0,1.16,18.81,78.0,1.513,559.1,132.6,136.0,4.9,97.0,273.0,36.0,1,3,4.0,1.0,3.45,3.0,2.0,,83
62.0,177.0,88.0,27.66,93.8,10.2,13.9,9901.0,26.49,77.33,34.3,20.0,25.1,295.94,9.52,0.12,561.7,5.02,1.11,5.0,25.7,9.1,63.8,1.3,0.2,1.3,0.5,3.2,0.1,0.0,4.32,13.3,39.9,92.4,30.8,33.3,13.7,254.0,7.8,0.13,5.5,109.1,45.0,17.0,20.0,63.0,5.71,2.4,26.0,16.0,5.107,124.0,1.19,17.1,80.0,1.411,249.8,79.56,139.0,4.2,102.0,278.0,35.0,1,1,5.0,1.0,5.0,,1.0,1.0,85
78.0,115.0,79.0,32.36,106.9,13.3,8.9,40841.0,10.38,52.09,19.9,301.0,35.8,1020.65,8.65,0.16,539.1,4.81,0.86,11.0,29.4,9.0,57.7,3.0,1.0,3.2,1.0,6.3,0.3,0.1,5.36,15.9,46.4,86.6,29.5,34.0,11.5,431.0,7.4,0.83,5.7,,42.0,36.0,28.0,91.0,6.1,2.25,23.0,26.0,5.051,186.0,1.13,8.6,74.0,0.813,463.9,106.1,137.1,4.22,99.0,275.0,32.0,1,1,5.0,1.0,0.83,,4.0,1.0,44
78.0,126.0,79.0,29.19,101.2,21.4,3.1,5216.0,9.31,54.6,17.0,192.0,34.0,545.38,6.42,0.1,831.3,5.4,0.83,8.9,28.5,5.4,64.2,1.5,0.5,2.5,0.5,5.7,0.1,0.0,4.14,13.4,38.9,94.1,32.3,34.3,12.2,273.0,7.3,0.58,5.3,28.49,42.0,17.0,13.0,62.0,7.5,2.425,23.0,23.0,4.33,139.0,1.227,10.3,76.0,2.45,404.5,114.9,136.8,4.0,99.2,275.0,34.0,1,4,5.0,1.0,4.55,,2.0,,53
64.0,190.0,101.0,23.71,87.1,31.8,13.2,10608.0,11.46,71.6,16.0,269.0,37.1,701.84,7.21,0.11,795.0,6.36,2.34,5.5,47.0,9.6,40.8,2.0,0.6,2.6,0.5,2.2,0.1,0.0,4.4,14.3,42.5,96.3,32.3,33.6,12.5,201.0,8.9,0.1,5.3,87.45,48.0,24.0,27.0,100.0,6.1,2.45,27.0,26.0,4.996,174.0,1.033,10.3,86.0,1.118,267.7,79.6,136.8,4.12,98.7,275.0,38.0,2,4,2.0,5.0,0.0,,2.0,,55
66.0,131.0,87.0,20.56,75.6,15.7,14.7,22188.0,13.78,65.51,21.0,3.0,13.8,692.98,8.09,0.07,539.1,5.69,2.02,6.3,16.4,12.7,67.6,2.7,0.6,1.0,0.8,4.3,0.2,0.0,4.16,12.5,36.3,87.1,29.8,34.2,14.6,390.0,8.1,0.04,5.4,30.86,42.0,15.0,20.0,75.0,3.93,2.3,24.0,40.0,5.051,131.0,1.1,10.26,72.0,0.813,309.3,70.72,140.0,3.9,104.0,278.0,30.0,2,4,2.0,6.0,1.75,1.0,2.0,2.0,34
86.0,133.0,102.0,27.75,88.3,27.1,33.4,28465.0,3.58,59.97,6.6,3.0,7.9,185.24,30.61,0.1,190.3,5.04,1.06,4.4,47.2,8.0,39.5,4.6,0.7,2.1,0.4,1.7,0.2,0.0,4.62,11.2,34.1,73.8,24.2,32.8,16.6,431.0,7.3,0.35,5.0,22.05,40.0,12.0,17.0,101.0,3.6,2.125,26.0,30.0,3.941,170.0,1.001,6.8,82.0,1.163,220.1,53.0,139.7,3.9,102.5,276.0,42.0,2,4,5.0,4.0,5.0,,2.0,,44
80.0,123.0,93.0,28.7,97.0,13.9,4.0,18918.0,20.59,76.79,26.8,221.0,39.0,273.8,11.88,0.13,548.1,4.84,1.14,7.1,33.1,6.8,57.6,2.0,0.6,2.4,0.5,4.1,0.1,0.0,6.25,16.2,49.1,78.5,25.9,32.9,12.6,279.0,8.1,0.12,6.1,9.9,46.0,51.0,30.0,82.0,7.14,2.475,24.0,73.0,5.995,138.0,0.9,15.39,81.0,1.784,493.7,106.08,140.0,4.3,103.0,283.0,35.0,1,4,5.0,5.0,3.49,,1.0,3.0,39
66.0,104.0,54.0,20.63,74.5,6.4,12.7,22012.0,21.84,62.65,34.9,93.0,22.2,318.08,7.14,0.1,618.3,3.88,1.17,4.1,49.0,9.4,36.1,4.5,1.0,2.0,0.4,1.5,0.2,0.0,5.03,15.4,44.7,88.9,30.5,34.3,12.2,261.0,9.6,0.01,5.1,23.26,46.0,15.0,17.0,76.0,5.4,2.525,25.0,11.0,4.385,126.0,1.066,17.1,74.0,1.84,321.2,79.6,139.4,4.49,101.9,278.0,28.0,1,4,2.0,5.0,2.04,1.0,3.0,2.0,31
72.0,117.0,82.0,34.63,118.0,39.0,6.2,19890.0,17.9,38.49,46.5,219.0,14.0,200.74,8.1,0.11,557.2,5.15,1.03,5.6,46.7,8.3,43.3,1.3,0.4,2.6,0.5,2.4,0.1,0.0,4.49,14.1,43.3,96.5,31.3,32.4,12.4,296.0,7.6,0.1,5.6,17.78,44.0,28.0,26.0,54.0,3.6,2.25,25.0,62.0,4.885,180.0,1.066,6.8,72.0,1.626,428.3,79.6,138.3,4.08,102.5,275.0,28.0,1,4,2.0,,3.33,,1.0,,38
74.0,116.0,75.0,22.68,87.5,5.4,8.2,26432.0,,,,,,,,,,,,,,,,,,,,,,,,,,,,,,,,,,,,,,,,,,,,,,,,,,,,,,,,1,4,2.0,4.0,3.39,1.0,2.0,2.0,42
76.0,122.0,78.0,29.22,102.5,23.8,7.0,13348.0,6.8,64.44,10.6,192.0,23.6,380.81,8.28,0.09,974.0,4.58,1.14,9.1,23.0,5.6,69.4,1.4,0.6,2.1,0.5,6.3,0.1,0.1,4.85,14.3,41.6,85.8,29.4,34.2,12.4,324.0,8.3,0.98,5.3,24.79,50.0,20.0,18.0,89.0,4.6,2.35,27.0,22.0,5.495,135.0,1.098,5.1,77.0,1.592,249.8,70.7,142.6,4.02,104.1,284.0,27.0,1,1,4.0,1.0,1.59,3.0,2.0,2.0,28
74.0,103.0,61.0,27.4,92.5,31.8,8.5,11227.0,13.96,67.3,20.7,45.0,31.3,364.57,4.44,0.07,509.6,4.4,0.94,10.2,25.9,6.5,66.0,1.0,0.6,2.6,0.7,6.7,0.1,0.1,4.7,13.9,41.4,88.2,29.5,33.5,11.5,291.0,7.8,0.14,5.2,39.3,44.0,21.0,19.0,92.0,3.6,2.45,18.0,22.0,4.496,140.0,1.356,6.8,76.0,1.129,273.6,44.2,141.2,4.2,106.1,280.0,32.0,2,1,4.0,5.0,1.07,,2.0,6.0,22
60.0,117.0,59.0,29.22,106.2,14.8,8.1,11492.0,,,,,,,,,,,,,,,,,,,,,,,,,,,,,,,,,,,,,,,,,,,,,,,,,,,,,,,,1,4,3.0,1.0,2.35,1.0,4.0,6.0,35
80.0,159.0,26.0,37.4,98.9,33.8,8.5,12199.0,21.3,84.67,25.2,112.0,66.6,452.39,7.79,0.17,711.2,5.25,1.29,7.2,20.8,10.6,65.7,2.0,0.9,1.5,0.8,4.7,0.1,0.1,5.09,15.1,43.8,86.0,29.8,34.6,12.4,214.0,9.6,0.82,5.5,195.1,41.0,19.0,22.0,22.0,5.36,2.325,27.0,10.0,5.495,22.75,1.42,17.1,74.0,3.037,469.9,70.72,139.0,3.6,98.0,278.0,33.0,2,3,4.0,1.0,2.2,,2.0,,79
90.0,96.0,52.0,18.01,76.5,13.0,2.3,4774.0,28.82,77.15,37.4,18.0,37.8,236.16,4.22,0.19,851.6,5.38,2.28,12.2,16.2,6.2,75.9,0.9,0.7,2.0,0.8,9.3,0.1,0.1,4.3,12.9,37.0,86.2,29.9,34.8,12.7,232.0,8.4,0.04,4.5,40.0,40.0,19.0,19.0,52.0,2.86,2.3,21.0,13.0,3.775,116.0,1.49,10.26,71.0,1.377,178.4,53.04,138.0,3.7,102.0,272.0,31.0,2,3,5.0,1.0,3.45,,2.0,,22
94.0,118.0,71.0,25.38,81.8,23.2,1.3,10254.0,23.63,86.82,27.2,147.0,33.7,419.18,4.87,0.06,776.9,5.87,1.18,9.6,25.8,7.9,64.6,1.4,0.3,2.5,0.8,6.2,0.1,0.0,4.13,12.3,36.4,88.2,29.7,33.7,11.9,205.0,8.7,0.38,4.8,,45.0,20.0,21.0,55.0,3.6,2.35,19.0,20.0,4.33,151.0,0.936,8.6,73.0,3.952,374.7,44.2,138.4,4.04,109.2,274.0,28.0,2,3,4.0,5.0,2.55,3.0,2.0,2.0,24
52.0,173.0,79.0,27.63,88.5,24.4,4.8,3801.0,24.88,56.92,43.7,66.0,39.2,523.24,8.81,0.09,679.5,6.36,0.93,5.9,31.5,8.9,51.6,6.4,1.6,1.9,0.5,3.0,0.4,0.1,4.22,13.1,37.4,88.6,30.8,34.8,13.3,171.0,8.8,0.36,4.9,532.7,37.0,55.0,91.0,417.0,5.0,2.3,20.0,661.0,4.163,199.0,1.356,22.2,75.0,0.937,327.1,53.0,140.0,4.01,104.4,279.0,38.0,2,1,1.0,1.0,5.0,,2.0,,73
,,,,,,,,,,,,,,,,,,,,,,,,,,,,,,,,,,,,,,,,,,,,,,,,,,,,,,,,,,,,,,,2,3,5.0,2.0,2.21,,2.0,,85
64.0,101.0,65.0,31.03,106.9,34.2,4.8,11492.0,5.37,54.95,9.8,26.0,20.8,157.93,6.14,0.14,366.9,4.32,1.03,7.8,39.2,7.5,49.8,2.8,0.7,3.1,0.6,3.9,0.2,0.1,4.05,12.5,37.1,91.6,30.8,33.7,13.3,317.0,9.6,0.26,5.3,15.92,44.0,14.0,14.0,71.0,2.86,2.375,21.0,16.0,4.385,105.0,1.26,5.13,73.0,1.558,226.0,61.88,140.0,3.7,108.0,277.0,29.0,2,4,2.0,5.0,,1.0,4.0,,20
62.0,118.0,68.0,30.89,103.8,12.8,19.2,26343.0,11.28,62.83,17.9,456.0,41.7,458.3,8.13,0.08,575.3,6.52,1.31,6.7,25.1,5.8,65.4,2.5,1.0,1.7,0.4,4.4,0.2,0.1,4.73,13.7,41.6,87.9,29.0,33.0,13.5,195.0,9.4,0.06,7.7,32.62,46.0,17.0,19.0,79.0,6.4,2.45,23.0,20.0,3.83,153.0,1.066,5.1,78.0,1.287,333.1,79.6,143.8,4.1,104.4,287.0,32.0,1,4,2.0,1.0,1.87,,3.0,,70
86.0,109.0,58.0,33.92,121.3,12.8,6.1,4243.0,11.81,64.62,18.3,587.0,23.6,254.61,15.38,0.5,695.4,6.96,1.2,11.8,18.9,5.4,71.5,4.0,0.2,2.2,0.6,8.4,0.5,0.0,5.27,15.4,46.9,89.1,29.2,32.7,14.3,224.0,8.0,1.51,8.1,554.4,39.0,21.0,15.0,75.0,9.6,2.35,29.0,48.0,15.543,172.0,1.162,8.6,70.0,4.606,327.1,97.2,139.0,3.85,94.7,293.0,31.0,1,3,1.0,1.0,0.44,,1.0,,62
66.0,115.0,65.0,17.46,69.2,11.6,36.2,8663.0,6.98,63.9,10.9,139.0,36.2,432.47,6.39,0.14,1021.5,4.14,1.86,6.6,27.7,9.8,60.0,2.0,0.5,1.8,0.6,4.0,0.1,0.0,3.87,13.1,38.8,100.6,33.8,33.7,13.0,153.0,8.6,0.57,4.9,,44.0,54.0,50.0,107.0,8.9,2.325,22.0,118.0,4.496,214.0,1.098,6.8,64.0,0.858,309.3,44.2,139.2,4.33,102.4,281.0,20.0,2,3,5.0,,,,2.0,2.0,54
74.0,115.0,74.0,28.07,90.1,31.8,42.9,14940.0,12.71,52.09,24.4,16.0,47.1,413.28,5.24,0.18,1003.4,6.13,1.91,11.7,24.2,7.1,66.9,0.9,0.8,2.8,0.8,7.8,0.1,0.1,4.37,12.9,37.3,85.3,29.5,34.5,12.5,365.0,7.1,0.35,5.4,54.92,39.0,13.0,17.0,51.0,2.5,2.25,23.0,10.0,4.441,113.0,1.19,11.97,67.0,0.666,243.9,70.72,139.0,3.4,107.0,274.0,28.0,2,3,5.0,1.0,4.03,,3.0,2.0,43
98.0,103.0,71.0,29.26,102.9,12.8,40.7,16884.0,20.59,72.85,29.0,254.0,71.1,470.84,7.32,0.1,1377.1,5.38,0.97,8.2,22.5,9.6,63.2,3.8,1.0,1.8,0.8,5.2,0.3,0.1,5.06,15.9,47.2,93.4,31.4,33.7,13.5,274.0,8.9,0.53,5.8,24.49,45.0,24.0,21.0,58.0,7.9,2.3,25.0,34.0,6.106,158.0,0.969,8.6,72.0,1.298,452.0,79.6,143.8,4.56,102.3,290.0,27.0,1,3,3.0,3.0,2.16,1.0,2.0,,71
52.0,190.0,78.0,,,,,,17.72,51.55,34.4,38.0,11.3,400.0,12.93,0.37,382.8,4.4,0.96,5.7,19.2,5.8,73.1,1.3,0.6,1.1,0.3,4.2,0.1,0.0,4.1,13.7,41.3,100.8,33.3,33.1,12.5,237.0,8.1,0.08,4.9,988.2,34.0,10.0,18.0,59.0,5.7,2.075,28.0,6.0,4.441,124.0,0.969,13.7,62.0,1.163,285.5,70.7,140.3,4.05,99.7,280.0,28.0,2,1,1.0,2.0,0.72,,1.0,,82
114.0,152.0,68.0,33.0,102.0,19.7,979.0,27492.0,29.0,75.36,38.5,319.0,22.4,435.42,8.13,0.1,890.1,5.82,1.0,11.8,33.2,9.2,52.5,4.6,0.5,3.9,1.1,6.2,0.5,0.1,5.75,16.7,50.3,87.5,28.9,33.0,12.2,281.0,8.5,0.09,5.4,10.0,49.0,52.0,34.0,65.0,6.4,2.6,22.0,32.0,5.495,169.0,1.033,13.7,87.0,1.332,374.7,79.6,140.1,3.63,99.9,282.0,38.0,1,2,2.0,5.0,1.6,,2.0,,25
86.0,139.0,90.0,28.31,98.5,25.6,5.2,12376.0,22.91,62.83,36.5,32.0,22.4,132.84,13.36,0.34,588.9,5.56,2.28,4.4,43.8,9.4,41.1,5.5,0.3,1.9,0.4,1.8,0.2,0.0,4.59,14.1,40.9,87.9,30.5,34.7,12.9,234.0,8.6,0.36,4.8,40.81,45.0,26.0,25.0,93.0,4.64,2.45,23.0,41.0,4.885,167.0,1.26,13.68,74.0,1.129,463.9,79.56,140.0,4.0,103.0,279.0,29.0,2,3,3.0,1.0,3.97,2.0,1.0,4.0,41
60.0,105.0,57.0,25.49,98.8,15.8,4.5,14144.0,7.88,49.23,16.0,134.0,27.6,344.65,9.8,0.16,534.5,4.97,1.27,7.4,20.7,6.8,67.4,4.4,0.7,1.5,0.5,5.0,0.3,0.1,4.75,14.3,42.8,90.1,30.1,33.4,12.0,178.0,8.6,0.1,5.6,64.54,42.0,20.0,17.0,32.0,8.57,2.275,24.0,18.0,4.718,155.0,1.1,10.26,65.0,0.666,315.2,79.56,141.0,3.9,106.0,285.0,23.0,1,3,3.0,1.0,5.0,,2.0,2.0,50
50.0,117.0,70.0,26.93,88.3,13.4,3.4,6100.0,12.53,56.03,22.4,254.0,26.3,300.37,11.59,0.15,1005.7,4.63,0.98,7.4,15.6,9.8,73.1,1.4,0.2,1.2,0.7,5.4,0.1,0.0,4.12,13.5,39.0,94.6,32.8,34.7,12.2,138.0,8.6,0.13,6.3,395.1,43.0,19.0,21.0,52.0,10.0,2.275,23.0,14.0,8.66,111.0,1.07,11.97,79.0,1.287,475.8,132.6,134.0,4.4,100.0,276.0,36.0,1,3,1.0,1.0,2.15,3.0,2.0,1.0,70
,,,,,,,,,,,,,,,,,,,,,,,,,,,,,,,,,,,,,,,,,,,,,,,,,,,,,,,,,,,,,,,1,3,5.0,99.0,2.49,1.0,3.0,,51
58.0,108.0,75.0,26.8,91.5,28.2,4.2,8840.0,12.53,81.62,15.4,65.0,30.6,116.6,9.1,0.17,1073.6,5.95,1.49,6.4,32.7,10.5,53.7,2.8,0.4,2.1,0.7,3.4,0.2,0.0,4.76,14.1,42.5,89.4,29.7,33.2,12.5,350.0,7.6,0.28,5.3,34.67,44.0,15.0,13.0,71.0,5.4,2.425,24.0,16.0,4.996,134.0,1.13,6.8,78.0,1.197,220.1,53.0,140.5,4.66,103.1,281.0,34.0,2,3,3.0,3.0,1.44,,2.0,2.0,53
66.0,127.0,61.0,,89.6,15.8,7.4,2829.0,16.11,65.87,24.5,41.0,76.6,492.98,8.56,0.15,1159.7,5.84,1.11,6.9,28.3,11.1,56.7,3.4,0.6,2.0,0.8,3.9,0.2,0.0,4.78,14.4,42.6,88.9,30.0,33.7,13.6,266.0,7.9,0.13,5.0,,45.0,21.0,27.0,91.0,2.5,2.425,29.0,46.0,4.385,133.0,1.29,17.1,83.0,1.129,255.8,79.56,140.0,4.1,102.0,276.0,38.0,1,4,2.0,1.0,0.8,,2.0,,78
54.0,132.0,66.0,23.63,89.1,25.2,242.5,14409.0,19.87,82.52,24.1,105.0,31.9,289.3,6.75,0.11,652.3,5.22,1.12,5.3,38.0,7.2,50.9,3.1,0.9,2.0,0.4,2.7,0.2,0.0,4.83,14.9,43.9,90.9,30.7,33.8,12.9,211.0,8.9,0.1,5.6,99.58,47.0,26.0,25.0,79.0,6.4,2.325,26.0,11.0,5.162,166.0,1.162,13.7,74.0,1.129,208.2,35.4,140.5,4.15,103.7,282.0,27.0,2,3,4.0,3.0,4.97,1.0,2.0,2.0,56
64.0,121.0,85.0,29.55,102.4,25.2,4.9,10520.0,12.89,72.32,17.8,157.0,22.2,460.51,8.2,0.09,464.3,6.08,1.11,5.6,28.8,4.3,63.0,2.9,1.0,1.6,0.2,3.5,0.2,0.1,4.77,14.5,42.4,90.2,30.8,34.2,12.1,266.0,8.8,0.05,5.1,9.9,43.0,51.0,23.0,80.0,4.28,2.25,22.0,24.0,4.829,107.0,1.1,10.26,75.0,1.411,398.5,70.72,140.0,4.2,104.0,279.0,32.0,1,5,5.0,5.0,,,1.0,3.0,27
48.0,145.0,56.0,22.53,84.5,10.4,18.5,9724.0,7.88,80.19,9.8,11.0,32.2,238.37,10.54,0.2,434.9,6.41,0.98,7.0,25.6,10.9,52.7,9.7,1.1,1.8,0.8,3.7,0.7,0.1,4.27,12.5,36.5,85.3,29.2,34.2,15.6,325.0,7.1,0.47,6.8,179.1,40.0,26.0,25.0,98.0,5.36,2.3,20.0,120.0,6.273,152.0,1.26,10.26,71.0,3.06,315.2,70.72,139.0,4.0,108.0,279.0,31.0,2,3,4.0,2.0,1.24,,2.0,,80
,,,,,,,,,,,,,,,,,,,,,,,,,,,,,,,,,,,,,,,,,,,,,,,,,,,,,,,,,,,,,,,2,3,5.0,2.0,2.04,,2.0,,84
60.0,86.0,48.0,28.28,98.2,19.0,3.2,5039.0,15.04,58.18,25.8,109.0,67.3,716.6,12.44,0.21,1075.9,4.73,2.09,6.1,33.9,9.7,52.9,2.9,0.6,2.1,0.6,3.2,0.2,0.0,3.66,10.6,31.9,87.3,29.0,33.3,13.5,243.0,9.9,0.34,7.2,4640.0,38.0,37.0,25.0,92.0,10.0,2.325,26.0,37.0,5.94,168.0,1.26,10.26,67.0,0.835,350.9,97.24,144.0,3.9,107.0,292.0,29.0,2,4,1.0,2.0,3.1,,1.0,,77
60.0,108.0,71.0,23.7,88.5,15.6,7.7,9636.0,7.16,90.93,7.9,3.0,21.7,229.52,10.27,0.17,607.0,5.22,1.86,4.6,29.7,6.6,53.6,8.8,1.3,1.4,0.3,2.5,0.4,0.1,3.97,10.8,32.0,80.7,27.2,33.7,14.0,281.0,10.2,0.06,5.3,54.4,47.0,13.0,21.0,75.0,4.3,2.3,24.0,9.0,4.552,118.0,1.162,8.6,79.0,0.621,154.6,44.2,140.7,4.66,102.7,280.0,32.0,2,1,3.0,1.0,3.59,,2.0,2.0,46
78.0,122.0,92.0,33.22,104.0,13.2,6.2,17061.0,15.75,63.55,24.8,99.0,36.5,323.98,6.86,0.06,754.2,5.33,0.84,7.6,19.6,7.0,67.0,5.8,0.6,1.5,0.5,5.1,0.4,0.0,5.8,17.0,48.4,83.6,29.4,35.2,11.8,308.0,7.5,0.08,5.1,36.06,45.0,34.0,31.0,66.0,3.2,2.425,24.0,14.0,4.718,176.0,1.098,27.4,74.0,5.86,404.5,53.0,142.7,4.27,105.8,282.0,29.0,1,5,1.0,1.0,1.2,3.0,2.0,,40
74.0,134.0,58.0,21.99,86.3,18.8,124.8,4332.0,2.51,105.97,2.4,3.0,33.1,593.35,6.02,0.07,813.1,4.84,1.56,6.4,37.8,5.9,51.7,4.3,0.3,2.4,0.4,3.3,0.3,0.0,3.76,9.1,28.3,75.3,24.2,32.3,17.6,325.0,10.0,0.17,5.0,43.67,43.0,14.0,24.0,75.0,2.5,2.325,22.0,19.0,4.496,189.0,1.13,8.6,79.0,0.452,208.2,44.2,134.9,3.54,100.8,267.0,36.0,2,4,2.0,6.0,,,1.0,4.0,38
,,,,,,,,,,,,,,,,,,,,,,,,,,,,,,,,,,,,,,,,,,,,,,,,,,,,,,,,,,,,,,,2,3,1.0,2.0,,,2.0,,85
70.0,109.0,67.0,22.57,88.5,8.4,9.6,8752.0,19.69,68.02,28.9,305.0,16.1,255.35,9.93,0.39,473.4,4.47,1.31,6.9,29.1,8.0,60.0,2.7,0.3,2.0,0.6,4.1,0.2,0.0,5.97,17.5,52.0,87.1,29.2,33.7,14.8,262.0,7.6,0.31,5.9,,46.0,20.0,19.0,88.0,5.4,2.4,26.0,27.0,4.996,140.0,1.162,6.8,76.0,0.971,243.9,61.9,139.6,4.17,100.5,279.0,30.0,1,1,1.0,1.0,,1.0,2.0,1.0,72
60.0,142.0,70.0,32.4,105.4,33.6,5.2,10343.0,11.99,49.4,24.3,120.0,41.2,392.62,9.02,0.11,887.9,4.63,1.24,6.4,33.5,6.3,58.6,1.4,0.4,2.1,0.4,3.8,0.1,0.0,4.68,14.3,41.0,87.6,30.5,34.8,12.0,171.0,8.4,0.23,5.5,,44.0,19.0,18.0,96.0,5.7,2.35,26.0,11.0,4.663,170.0,1.13,6.8,75.0,1.219,291.5,61.9,141.6,3.57,102.5,283.0,31.0,2,1,1.0,,5.0,1.0,1.0,,61
66.0,104.0,72.0,23.5,92.1,12.1,5.2,17857.0,21.12,61.4,34.4,48.0,11.1,191.14,12.74,0.24,742.9,5.09,1.32,5.9,32.8,7.5,55.7,2.8,1.1,1.9,0.4,3.3,0.2,0.1,4.63,14.8,43.4,93.7,31.8,34.0,11.9,263.0,8.4,0.06,5.3,7.79,44.0,22.0,19.0,79.0,5.36,2.4,24.0,10.0,4.718,98.0,1.19,17.1,68.0,0.621,243.9,88.4,142.0,4.3,108.0,283.0,24.0,1,3,5.0,1.0,5.0,,1.0,1.0,44
94.0,117.0,72.0,28.33,102.1,26.0,6.4,9812.0,24.7,49.76,49.6,105.0,9.1,278.23,6.16,0.18,536.8,5.87,1.22,9.4,23.4,10.2,62.4,3.2,0.9,2.2,1.0,5.9,0.3,0.1,4.8,14.8,45.0,93.9,30.9,32.9,12.7,376.0,8.6,0.5,5.1,47.3,42.0,89.0,48.0,105.0,3.9,2.35,24.0,286.0,4.774,173.0,1.13,6.8,70.0,1.355,220.1,53.0,136.1,4.5,99.0,271.0,28.0,2,3,2.0,6.0,0.48,1.0,2.0,6.0,45
56.0,115.0,66.0,29.42,98.9,20.2,10.8,5392.0,,,,,,,,,,,,,,,,,,,,,,,,,,,,,,,,,,,,,,,,,,,,,,,,,,,,,,,,1,4,4.0,6.0,3.49,2.0,3.0,4.0,27
64.0,116.0,63.0,33.47,112.0,27.2,12.0,19094.0,13.96,49.94,28.0,114.0,26.0,216.97,9.17,0.19,629.7,4.42,1.03,5.0,25.6,7.6,64.7,1.9,0.2,1.3,0.4,3.2,0.1,0.0,5.45,15.4,45.3,83.1,28.4,34.2,12.4,189.0,7.5,0.14,5.1,36.86,45.0,29.0,21.0,52.0,5.0,2.275,23.0,34.0,4.718,124.0,1.03,22.23,71.0,0.598,386.6,79.56,141.0,4.1,106.0,282.0,26.0,1,3,3.0,1.0,3.08,,4.0,,29
62.0,130.0,104.0,32.05,97.5,36.8,12.2,17326.0,13.07,69.81,18.7,69.0,38.1,295.94,8.72,0.1,1254.8,5.53,1.55,6.6,36.9,6.1,51.8,4.4,0.8,2.4,0.4,3.4,0.3,0.1,3.93,13.2,37.8,96.1,33.6,35.0,12.2,212.0,8.4,0.36,5.1,109.4,41.0,23.0,23.0,23.0,7.85,2.3,27.0,28.0,4.94,13.25,0.94,10.26,68.0,1.535,303.3,61.88,141.0,3.9,101.0,284.0,27.0,2,1,5.0,1.0,5.0,,3.0,4.0,62
66.0,94.0,51.0,23.84,83.6,23.2,11.4,6984.0,9.13,80.19,11.4,19.0,35.6,232.47,5.97,0.11,595.7,4.89,1.72,9.0,18.2,5.6,72.7,2.6,0.9,1.6,0.5,6.5,0.2,0.1,4.35,13.0,39.0,89.7,30.0,33.5,13.9,334.0,6.7,0.04,5.2,45.56,47.0,14.0,17.0,93.0,3.9,2.325,22.0,16.0,4.552,141.0,1.066,5.1,79.0,1.502,166.5,26.5,142.9,4.66,106.4,283.0,32.0,2,1,2.0,5.0,0.11,1.0,1.0,7.0,26
88.0,116.0,50.0,22.98,79.4,10.0,4.1,8398.0,,,,,,,,,,,,,,,,,,,,,,,,,,,,,,,,,,,,,,,,,,,,,,,,,,,,,,,,1,1,1.0,1.0,1.43,,2.0,8.0,23
70.0,199.0,109.0,28.8,94.5,20.2,242.5,2122.0,13.78,53.34,25.8,180.0,29.9,379.33,13.42,1.07,625.1,5.02,0.8,7.7,26.0,7.1,64.5,2.2,0.3,2.0,0.5,5.0,0.2,0.0,4.8,13.5,40.2,84.4,28.3,33.6,13.1,186.0,8.3,1.3,5.7,,46.0,10.0,18.0,135.0,7.5,2.475,25.0,19.0,6.495,158.0,0.775,8.6,83.0,2.687,386.6,70.7,138.4,3.87,105.0,280.0,37.0,2,1,1.0,2.0,2.34,,2.0,,66
70.0,127.0,84.0,28.9,99.1,11.2,29.0,9901.0,28.28,61.76,45.8,293.0,39.0,190.4,8.03,0.13,344.3,3.72,1.17,8.2,19.5,7.9,70.7,1.6,0.4,1.6,0.6,5.8,0.1,0.0,5.32,15.7,49.3,92.7,29.5,31.8,13.0,267.0,8.1,0.05,5.5,41.56,48.0,36.0,24.0,76.0,2.5,2.375,29.0,32.0,4.607,146.0,0.969,15.4,76.0,0.734,303.3,61.9,144.8,3.78,105.9,285.0,28.0,1,4,4.0,,2.31,1.0,4.0,1.0,38
72.0,103.0,74.0,21.9,74.1,24.9,12.1,13348.0,5.91,72.85,8.1,3.0,24.0,324.72,7.7,0.15,577.6,4.03,1.34,8.4,33.9,7.2,56.8,1.2,0.9,2.8,0.6,4.8,0.1,0.1,4.0,11.8,34.3,85.7,29.5,34.3,14.0,381.0,7.5,0.05,5.9,37.12,43.0,17.0,15.0,68.0,5.0,2.3,23.0,18.0,4.274,129.0,1.58,8.55,71.0,1.106,237.9,61.88,141.0,4.1,104.0,281.0,28.0,2,3,3.0,1.0,2.56,1.0,3.0,3.0,31
94.0,108.0,68.0,26.14,95.9,18.0,10.6,9105.0,16.47,51.55,31.9,164.0,23.6,383.76,5.61,0.14,906.0,5.95,0.8,13.1,12.2,6.4,79.2,1.7,0.6,1.6,0.8,10.4,0.2,0.1,3.74,12.7,35.7,95.6,34.1,35.8,12.6,250.0,8.2,0.9,5.7,,44.0,23.0,20.0,169.0,5.4,2.375,24.0,33.0,5.495,121.0,1.259,5.1,70.0,6.492,267.7,61.9,141.0,4.16,106.2,282.0,26.0,2,3,2.0,1.0,1.08,1.0,9.0,6.0,48
,,,,,,,,,,,,,,,,,,,,,,,,,,,,,,,,,,,,,,,,,,,,,,,,,,,,,,,,,,,,,,,1,4,2.0,1.0,1.24,,3.0,,36
84.0,102.0,81.0,21.3,82.0,6.2,17.2,12818.0,12.17,46.9,26.0,98.0,21.3,307.75,9.7,0.15,410.0,4.53,1.4,9.6,28.2,9.6,54.3,7.1,0.8,2.7,0.9,5.2,0.7,0.1,5.76,15.8,48.4,84.0,27.5,32.7,12.5,309.0,8.0,0.42,5.4,30.0,46.0,20.0,22.0,80.0,4.28,2.425,22.0,31.0,4.33,172.0,1.19,10.26,76.0,0.835,255.8,79.56,139.0,4.4,102.0,275.0,30.0,1,4,4.0,4.0,3.73,1.0,1.0,3.0,46
70.0,118.0,78.0,26.99,99.4,8.8,2.8,2564.0,18.44,59.07,31.2,798.0,47.6,1464.93,9.75,0.1,951.3,7.01,1.59,8.8,25.8,8.8,60.3,3.8,1.4,2.3,0.8,5.3,0.3,0.1,4.93,15.4,44.4,89.9,31.2,34.7,11.8,312.0,8.4,0.06,4.9,20.79,45.0,55.0,50.0,79.0,4.3,2.175,24.0,257.0,4.885,151.0,1.098,17.1,72.0,4.313,452.0,70.7,134.5,3.58,98.4,268.0,27.0,1,1,2.0,1.0,1.83,3.0,4.0,6.0,42
92.0,147.0,86.0,23.58,84.3,6.0,21.7,26608.0,19.33,78.04,24.8,111.0,30.1,323.98,7.86,0.15,887.9,6.52,1.78,8.0,16.6,6.6,75.9,0.6,0.2,1.3,0.5,6.1,0.0,0.0,4.82,16.1,47.0,97.2,33.3,34.3,12.4,238.0,8.2,0.23,5.4,52.51,42.0,18.0,20.0,64.0,6.78,2.35,22.0,20.0,6.217,95.0,0.9,11.97,80.0,1.073,327.1,97.24,139.0,4.0,107.0,281.0,38.0,1,1,1.0,1.0,3.33,,3.0,4.0,52
64.0,133.0,78.0,,,,,,,,,,,,,,,,,,,,,,,,,,,,,,,,,,,,,,,,,,,,,,,,,,,,,,,,,,,,,1,3,5.0,2.0,5.0,,2.0,,85
68.0,112.0,83.0,25.6,95.2,17.2,19.3,13172.0,19.51,71.6,27.3,119.0,29.0,435.42,7.16,0.06,985.3,5.28,1.32,5.4,35.8,13.5,45.3,4.5,0.9,1.9,0.7,2.4,0.2,0.0,5.3,16.3,47.0,88.9,30.8,34.6,11.7,287.0,8.1,0.11,5.4,17.87,43.0,26.0,25.0,87.0,5.0,2.325,23.0,37.0,4.274,159.0,1.19,13.68,72.0,0.813,380.7,70.72,139.0,4.0,102.0,276.0,29.0,1,3,4.0,1.0,1.21,,3.0,,29
64.0,164.0,72.0,29.44,109.0,12.6,5.2,14056.0,20.59,50.84,40.5,104.0,41.9,405.9,9.97,0.14,631.9,5.82,1.53,5.3,23.4,13.0,59.6,3.8,0.2,1.2,0.7,3.2,0.2,0.0,4.44,14.8,43.5,97.9,33.3,34.0,13.0,183.0,8.2,0.41,5.8,177.2,41.0,14.0,22.0,80.0,6.07,2.3,24.0,48.0,5.829,138.0,1.13,13.68,74.0,1.208,249.8,61.88,140.0,4.2,102.0,282.0,33.0,1,3,5.0,1.0,4.13,3.0,3.0,5.0,78
68.0,144.0,91.0,38.06,117.2,32.3,1.5,1503.0,14.32,68.2,21.0,67.0,28.8,348.34,5.81,0.13,468.9,6.21,0.91,5.7,24.5,8.8,62.4,3.2,1.2,1.4,0.5,3.6,0.2,0.1,5.26,14.7,44.5,84.7,27.9,33.0,12.5,263.0,8.0,1.17,5.8,96.19,43.0,17.0,22.0,127.0,4.3,2.275,25.0,22.0,5.829,181.0,0.936,8.6,82.0,1.852,267.7,44.2,137.5,4.35,102.5,275.0,39.0,2,1,1.0,1.0,1.16,,2.0,,68
72.0,142.0,70.0,27.19,100.1,15.6,20.6,14056.0,12.53,70.71,17.7,17.0,30.6,444.28,6.46,0.06,622.9,5.09,1.16,5.9,21.2,6.8,70.0,1.5,0.6,1.3,0.4,4.1,0.1,0.0,4.82,14.6,43.7,90.6,30.3,33.4,12.3,233.0,7.7,0.05,6.9,26.92,43.0,19.0,20.0,59.0,4.64,2.275,26.0,22.0,4.552,134.0,1.13,8.55,71.0,1.694,226.0,53.04,140.0,3.6,102.0,279.0,28.0,1,1,1.0,1.0,3.66,,2.0,2.0,60
88.0,139.0,72.0,,106.1,8.0,,,21.12,64.98,32.5,90.0,20.6,262.73,21.31,0.28,1118.9,5.43,0.93,4.5,33.3,16.2,49.9,0.6,0.1,1.5,0.7,2.2,0.0,0.0,4.7,15.0,43.5,92.4,31.9,34.5,13.3,98.0,9.0,0.03,5.4,2887.0,45.0,13.0,26.0,61.0,6.07,2.475,28.0,21.0,5.384,145.0,1.13,20.52,79.0,1.084,493.7,114.92,139.0,3.7,99.0,279.0,34.0,1,3,2.0,2.0,1.58,,2.0,,85
80.0,118.0,82.0,22.21,76.1,16.4,7.0,10696.0,39.2,68.92,56.9,14.0,59.6,511.43,7.1,0.16,665.9,5.48,1.26,6.3,47.6,8.6,42.4,0.8,0.6,3.0,0.5,2.7,0.1,0.0,4.36,14.0,41.9,96.1,32.2,33.4,12.9,312.0,7.4,0.05,5.2,16.0,47.0,21.0,21.0,56.0,4.3,2.525,24.0,17.0,4.885,142.0,1.227,6.8,78.0,1.389,279.6,53.0,141.3,3.69,102.7,281.0,31.0,2,1,2.0,5.0,3.4,,4.0,1.0,43
,,,42.61,125.3,22.1,,,9.85,69.27,14.2,64.0,19.9,239.11,5.66,0.07,434.9,4.89,0.93,8.3,33.6,6.3,58.7,1.3,0.2,2.8,0.5,4.9,0.1,0.0,4.9,13.5,40.8,83.1,27.5,33.2,13.4,367.0,7.9,1.94,7.3,12.5,40.0,30.0,30.0,84.0,4.64,2.275,23.0,33.0,7.771,135.0,1.19,10.26,80.0,1.761,505.6,79.56,140.0,3.8,102.0,282.0,40.0,1,1,2.0,6.0,3.99,3.0,1.0,,44
56.0,167.0,58.0,26.9,92.1,27.8,27.9,4332.0,7.7,55.31,13.9,51.0,147.7,303.32,18.94,0.33,1148.4,5.4,0.98,7.9,20.0,8.0,66.4,4.6,1.0,1.6,0.6,5.2,0.4,0.1,3.6,11.3,33.3,92.7,31.2,33.7,13.4,354.0,8.9,1.63,5.2,2015.0,42.0,14.0,22.0,75.0,18.92,2.4,26.0,17.0,5.162,151.0,1.39,10.26,74.0,1.423,826.8,274.04,140.0,4.1,100.0,294.0,32.0,2,3,3.0,2.0,2.21,3.0,1.0,,85
52.0,106.0,76.0,30.63,85.4,29.4,2.1,4508.0,17.01,57.82,29.4,37.0,43.5,230.99,6.04,0.1,747.5,5.28,1.21,6.9,20.4,6.2,70.4,2.4,0.6,1.4,0.4,4.9,0.2,0.0,4.51,14.1,41.3,91.9,31.4,34.2,12.9,250.0,7.8,0.21,4.4,95.91,44.0,18.0,23.0,82.0,5.4,2.275,20.0,13.0,4.219,152.0,1.001,15.4,77.0,1.648,249.8,61.9,138.1,4.31,104.1,275.0,33.0,2,1,4.0,3.0,2.4,,2.0,2.0,45
66.0,142.0,52.0,28.36,101.4,21.6,28.4,2210.0,8.06,65.51,12.3,117.0,34.7,506.27,13.01,0.27,437.1,3.93,1.16,11.0,36.7,11.4,49.9,1.7,0.3,4.0,1.3,5.5,0.2,0.0,4.21,12.5,37.3,88.6,29.8,33.6,13.4,255.0,8.9,0.36,6.4,177.1,41.0,15.0,20.0,71.0,6.78,2.5,24.0,32.0,6.828,139.0,1.19,5.13,82.0,1.005,446.1,106.08,137.0,4.7,103.0,277.0,41.0,2,4,1.0,2.0,1.35,,1.0,,77
78.0,142.0,80.0,29.25,106.6,15.4,10.8,9194.0,15.22,64.98,23.4,367.0,20.4,225.83,10.03,0.17,439.4,6.47,1.06,7.3,32.9,8.8,53.8,3.6,0.9,2.4,0.6,3.9,0.3,0.1,4.93,15.0,43.9,88.8,30.5,34.3,12.4,252.0,9.0,0.25,5.4,11.08,45.0,32.0,25.0,59.0,4.28,2.45,25.0,62.0,5.829,128.0,1.07,13.68,75.0,2.71,362.8,79.56,140.0,4.2,102.0,280.0,30.0,1,3,4.0,1.0,4.36,,3.0,,52
68.0,110.0,58.0,31.76,94.2,33.6,5.3,7779.0,9.67,72.85,13.3,33.0,23.6,409.59,5.66,0.08,684.0,4.76,1.09,7.3,40.6,6.7,49.4,2.8,0.4,3.0,0.5,3.6,0.2,0.0,4.25,13.8,39.5,93.0,32.3,34.7,11.6,283.0,8.4,0.28,5.3,99.56,41.0,18.0,18.0,54.0,5.36,2.35,24.0,13.0,5.107,90.0,1.26,8.55,75.0,2.19,148.7,61.88,139.0,3.7,103.0,277.0,34.0,2,1,4.0,1.0,2.23,,1.0,1.0,35
76.0,102.0,81.0,21.13,79.7,14.4,0.8,8310.0,31.5,47.44,66.4,34.0,30.6,561.62,7.18,0.15,616.1,7.55,1.42,5.9,34.1,7.2,54.7,3.2,0.9,2.0,0.4,3.2,0.2,0.1,5.47,17.0,49.2,90.2,31.2,34.5,12.0,236.0,8.1,0.13,5.2,8.6,47.0,22.0,21.0,93.0,7.1,2.45,25.0,26.0,4.663,144.0,1.001,18.8,75.0,1.253,297.4,70.7,136.2,4.43,97.5,274.0,28.0,1,3,3.0,5.0,5.0,,3.0,1.0,40
60.0,148.0,62.0,27.2,98.4,11.4,38.5,8840.0,22.73,63.9,35.6,114.0,33.5,923.24,9.08,0.15,867.5,6.36,1.06,5.1,29.3,12.4,55.5,2.3,0.5,1.5,0.6,2.8,0.1,0.0,4.6,14.2,41.4,90.2,31.0,34.3,13.9,154.0,7.9,0.84,8.0,33.31,40.0,25.0,23.0,23.0,5.36,2.25,22.0,556.0,11.935,22.92,0.94,17.1,76.0,3.816,398.5,106.08,137.0,4.2,101.0,280.0,36.0,1,1,1.0,1.0,1.17,3.0,2.0,,62
,,,,,,,,,,,,,,,,,,,,,,,,,,,,,,,,,,,,,,,,,,,,,,,,,,,,,,,,,,,,,,,2,3,9.0,2.0,3.45,,1.0,,85
106.0,132.0,0.0,29.75,100.4,23.8,58.5,11669.0,22.02,102.21,21.5,15.0,87.0,238.37,2.96,0.06,892.4,6.28,1.58,10.9,14.1,8.1,76.4,1.1,0.4,1.5,0.9,8.3,0.1,0.0,4.14,12.1,35.0,84.4,29.2,34.5,14.2,181.0,8.4,0.6,5.1,48.58,34.0,10.0,17.0,147.0,3.2,2.25,19.0,8.0,5.162,122.0,1.227,3.4,64.0,2.585,255.8,26.5,137.2,4.04,104.1,273.0,30.0,2,3,3.0,6.0,1.78,3.0,1.0,5.0,20
68.0,118.0,50.0,26.26,110.3,26.2,170.8,2298.0,19.15,64.26,29.8,214.0,25.6,281.92,11.91,0.19,656.9,5.04,1.14,8.4,20.8,7.6,69.7,1.5,0.5,1.7,0.6,5.9,0.1,0.0,5.23,16.2,48.0,91.9,30.9,33.7,12.8,292.0,7.6,0.17,6.2,98.54,50.0,29.0,23.0,75.0,3.6,2.475,27.0,19.0,6.328,160.0,1.001,13.7,81.0,0.914,327.1,53.0,140.6,4.58,103.2,280.0,31.0,1,3,3.0,1.0,3.16,3.0,3.0,1.0,69
68.0,132.0,82.0,19.81,81.9,9.0,1.1,2917.0,15.04,57.64,26.1,128.0,41.0,1022.13,6.43,0.1,643.3,6.28,1.58,6.1,31.0,7.8,59.5,1.2,0.5,1.9,0.5,3.6,0.1,0.0,4.66,15.1,44.5,95.7,32.4,33.9,12.2,301.0,7.4,0.06,5.2,65.02,47.0,19.0,22.0,111.0,4.3,2.4,28.0,27.0,4.94,132.0,0.936,8.6,79.0,0.779,226.0,61.9,141.9,3.74,103.8,282.0,32.0,1,1,3.0,1.0,4.19,,1.0,,57
70.0,113.0,76.0,22.76,77.8,21.8,3.8,6718.0,19.15,79.12,24.2,26.0,43.0,295.94,7.99,0.24,645.5,3.47,1.16,6.6,46.3,6.9,46.3,0.4,0.1,3.1,0.5,3.1,0.0,0.0,4.45,14.0,39.2,88.1,31.4,35.7,10.9,291.0,9.8,0.31,5.1,51.19,42.0,16.0,28.0,48.0,2.5,2.425,21.0,11.0,4.718,118.0,1.23,10.26,74.0,1.129,291.5,79.56,139.0,4.1,104.0,275.0,32.0,2,3,2.0,6.0,0.58,,2.0,2.0,23
56.0,102.0,64.0,24.78,87.6,6.8,3.2,9724.0,18.97,67.13,28.3,70.0,9.3,242.8,6.25,0.22,206.1,3.7,1.87,5.1,27.1,7.7,61.2,3.4,0.6,1.4,0.4,3.1,0.2,0.0,5.32,15.8,48.3,90.8,29.6,32.7,12.4,373.0,8.2,0.67,4.9,30.37,47.0,30.0,21.0,78.0,4.3,2.3,20.0,21.0,5.107,135.0,1.227,6.8,77.0,0.395,237.9,61.9,139.5,4.38,102.4,278.0,30.0,1,1,1.0,1.0,,,4.0,12.0,26
58.0,112.0,77.0,36.58,114.4,33.0,8.5,21304.0,19.33,67.48,28.6,98.0,29.4,470.11,7.89,0.15,443.9,6.18,1.14,3.0,44.7,10.5,42.8,1.9,0.1,1.3,0.3,1.3,0.1,0.0,4.74,14.7,43.4,91.8,31.0,33.7,12.3,194.0,9.0,0.1,5.6,20.33,44.0,46.0,48.0,73.0,3.93,2.55,25.0,47.0,5.329,175.0,1.1,20.52,71.0,0.802,475.8,88.4,139.0,4.0,102.0,277.0,27.0,1,4,4.0,1.0,4.97,,2.0,4.0,38
60.0,122.0,68.0,24.69,87.8,17.8,1197.0,16089.0,7.7,65.34,11.8,76.0,35.1,528.41,5.71,0.08,1012.5,5.38,1.37,6.0,29.6,6.9,62.2,0.9,0.4,1.8,0.4,3.7,0.1,0.0,3.51,11.1,32.6,92.8,31.6,34.2,11.8,229.0,8.4,0.39,5.1,17.98,34.0,15.0,18.0,104.0,3.9,2.25,25.0,13.0,4.607,174.0,1.066,6.8,78.0,1.355,291.5,61.9,133.8,3.7,99.8,266.0,44.0,2,4,2.0,5.0,0.26,,1.0,,31
70.0,108.0,61.0,19.55,,6.5,3.6,8221.0,,,,,,,,,,,,,,,,,,,,,,,,,,,,,,,,,,,,,,,,,,,,,,,,,,,,,,,,1,4,2.0,2.0,2.82,1.0,1.0,1.0,76
80.0,108.0,66.0,34.47,106.6,37.3,5.7,9105.0,13.96,67.66,20.6,14.0,17.9,326.2,6.46,0.1,616.1,5.9,1.27,10.6,22.1,5.1,69.9,2.0,0.9,2.3,0.5,7.4,0.2,0.1,4.37,12.6,37.0,84.6,29.0,34.3,12.5,286.0,8.1,0.43,5.5,41.34,44.0,16.0,13.0,126.0,5.0,2.325,21.0,17.0,5.107,168.0,1.36,8.55,78.0,3.421,267.7,70.72,139.0,4.2,105.0,278.0,34.0,2,3,2.0,5.0,0.31,1.0,2.0,,24
68.0,134.0,84.0,23.85,84.0,11.0,1.4,12288.0,,,,,,,,,,,,,,,,,,,,,,,,,,,,,,,,,,,,,,,,,,,,,,,,,,,,,,,,1,4,3.0,,1.64,1.0,2.0,2.0,43
78.0,144.0,83.0,33.62,97.0,27.2,1.0,1591.0,16.47,63.37,26.0,20.0,25.6,268.63,,0.13,627.4,5.46,1.53,6.3,20.6,5.5,70.6,3.4,0.0,1.3,0.3,4.4,0.2,0.0,4.59,13.9,40.5,88.3,30.4,34.3,11.8,292.0,8.0,0.25,5.3,28.29,43.0,29.0,21.0,57.0,6.07,2.325,22.0,37.0,5.384,157.0,1.19,10.26,72.0,2.1,261.7,70.72,138.0,4.3,103.0,277.0,29.0,2,3,5.0,1.0,5.0,,1.0,1.0,47
110.0,107.0,60.0,41.33,139.0,,867.0,8133.0,21.48,82.7,26.0,86.0,30.4,192.62,15.78,0.43,1291.1,6.23,1.06,6.0,23.4,8.2,62.9,4.4,1.0,1.4,0.5,3.8,0.3,0.1,4.7,16.3,47.8,101.6,34.8,34.2,13.1,249.0,8.4,0.27,7.6,163.8,47.0,16.0,18.0,82.0,13.6,2.325,25.0,28.0,13.433,169.0,1.195,10.3,73.0,5.701,666.2,176.8,141.6,5.42,103.7,299.0,26.0,1,3,5.0,,2.11,2.0,3.0,,66
48.0,154.0,59.0,28.83,93.0,24.4,6.3,7868.0,15.22,48.69,31.3,134.0,53.9,796.3,4.54,0.1,699.9,5.33,1.45,5.3,30.3,8.3,58.3,3.1,0.2,1.6,0.4,3.1,0.2,0.0,3.92,12.0,35.6,90.7,30.6,33.7,12.4,214.0,9.5,0.13,5.4,246.1,38.0,17.0,21.0,72.0,5.0,2.225,22.0,13.0,5.162,138.0,1.29,10.26,75.0,0.937,226.0,53.04,140.0,4.0,104.0,279.0,37.0,2,4,4.0,1.0,5.0,,2.0,,62
88.0,131.0,84.0,39.45,134.6,30.4,5.2,5923.0,9.31,78.76,31.8,35.0,21.3,205.16,12.92,0.17,885.6,6.49,1.72,9.3,24.8,5.6,63.6,4.8,1.3,2.3,0.5,5.9,0.4,0.1,4.45,13.7,40.2,90.3,30.8,34.2,12.9,168.0,10.2,1.18,5.2,644.7,39.0,21.0,23.0,109.0,6.8,2.225,24.0,46.0,4.885,150.0,1.066,3.4,71.0,1.456,398.5,79.6,138.4,4.76,101.4,278.0,32.0,2,3,4.0,1.0,1.59,1.0,1.0,,49
80.0,139.0,66.0,33.16,107.4,,36.5,25548.0,20.41,68.92,29.6,222.0,27.6,248.71,8.55,0.37,690.8,4.27,0.83,6.3,27.9,8.1,62.1,1.7,0.3,1.8,0.5,3.9,0.1,0.0,5.01,16.6,47.7,95.1,33.1,34.8,12.5,206.0,7.4,0.12,6.7,32.68,44.0,27.0,28.0,62.0,4.6,2.3,22.0,38.0,8.493,148.0,0.581,15.4,74.0,2.642,416.4,70.7,139.2,3.95,101.1,281.0,30.0,1,3,3.0,1.0,1.96,,2.0,,70
64.0,119.0,71.0,24.87,95.7,13.4,5.3,3890.0,15.22,52.63,28.9,383.0,26.3,414.76,5.64,0.13,489.2,4.6,1.0,6.4,19.4,13.1,65.4,1.9,0.1,1.2,0.8,4.2,0.1,0.0,4.33,13.1,39.5,91.3,30.1,32.9,13.3,228.0,8.6,1.64,5.5,154.9,41.0,14.0,21.0,97.0,5.7,2.2,23.0,39.0,5.051,169.0,1.033,12.0,66.0,0.565,232.0,61.9,139.1,4.65,102.6,278.0,25.0,1,3,4.0,1.0,1.6,3.0,2.0,1.0,68
66.0,192.0,68.0,27.06,104.1,18.9,2440.0,5304.0,7.88,63.72,12.4,20.0,41.0,544.64,22.17,0.8,3103.1,5.46,1.16,10.1,17.1,7.9,72.9,1.7,0.5,1.7,0.8,7.4,0.2,0.1,4.29,12.3,35.6,82.8,28.7,34.6,13.8,295.0,8.0,0.06,7.6,629.6,41.0,26.0,18.0,76.0,22.8,2.15,28.0,44.0,13.156,287.0,1.388,5.1,66.0,2.473,487.7,203.3,140.8,3.69,99.8,307.0,25.0,1,3,2.0,1.0,1.36,3.0,1.0,,65
,,,,,,,,,,,,,,,,,,,,,,,,,,,,,,,,,,,,,,,,,,,,,,,,,,,,,,,,,,,,,,,2,3,5.0,,0.61,3.0,2.0,,26
88.0,126.0,66.0,33.33,119.1,19.6,54.1,15293.0,16.47,53.52,30.8,97.0,38.1,418.45,10.81,0.21,602.5,4.22,1.12,8.6,19.8,8.4,67.2,4.0,0.6,1.7,0.7,5.8,0.3,0.1,4.61,14.3,42.7,92.6,31.1,33.6,13.3,257.0,8.3,0.16,5.9,187.2,44.0,17.0,28.0,94.0,10.0,2.525,21.0,29.0,5.607,162.0,0.969,12.0,73.0,1.998,368.8,97.2,141.1,5.11,106.1,287.0,29.0,1,3,3.0,1.0,1.52,3.0,2.0,,73
62.0,135.0,70.0,31.88,115.9,14.4,29.3,14763.0,20.23,73.57,27.5,201.0,43.9,414.02,6.66,0.12,749.7,3.05,0.62,7.8,19.1,9.5,67.9,2.7,0.7,1.5,0.7,5.3,0.2,0.1,5.53,17.0,50.2,89.4,30.9,34.0,12.2,220.0,7.6,0.34,7.1,111.4,42.0,26.0,25.0,67.0,2.86,2.375,28.0,22.0,11.213,115.0,0.94,13.68,72.0,2.777,279.6,79.56,139.0,3.4,103.0,282.0,30.0,1,3,5.0,1.0,4.69,,2.0,,69
72.0,129.0,81.0,22.43,83.6,7.4,5.7,11227.0,18.62,56.21,33.1,119.0,13.6,258.3,6.09,0.11,516.4,3.96,1.22,7.3,17.2,9.9,71.2,1.5,0.3,1.3,0.7,5.2,0.1,0.0,4.8,14.9,43.4,90.6,31.1,34.2,12.1,287.0,8.3,0.6,4.9,25.42,42.0,14.0,21.0,64.0,3.93,2.4,23.0,10.0,5.273,105.0,1.07,8.55,73.0,1.095,362.8,88.4,141.0,4.2,105.0,280.0,31.0,1,3,3.0,6.0,1.69,3.0,4.0,4.0,29
62.0,99.0,70.0,20.59,71.1,15.5,1.5,4155.0,18.26,69.27,26.4,34.0,35.6,630.99,7.54,0.14,498.3,5.46,1.74,6.4,26.6,9.3,59.3,3.9,1.0,1.7,0.6,3.8,0.2,0.1,3.88,12.7,37.6,97.1,32.8,33.8,13.6,361.0,8.5,0.03,5.0,,45.0,14.0,17.0,41.0,6.4,2.275,23.0,12.0,4.496,138.0,1.098,8.6,74.0,0.677,243.9,61.9,137.3,3.98,102.0,275.0,29.0,2,3,5.0,1.0,5.0,,3.0,,44
60.0,110.0,58.0,28.74,91.4,17.8,2.3,6718.0,18.97,66.59,28.5,146.0,12.2,241.33,8.6,0.17,505.1,4.47,1.06,8.0,27.2,8.8,61.8,1.4,0.8,2.2,0.7,4.9,0.1,0.1,5.16,15.9,46.1,89.4,30.9,34.5,12.3,340.0,8.5,0.1,5.5,9.9,46.0,26.0,22.0,78.0,3.21,2.475,26.0,32.0,5.273,104.0,1.29,18.81,72.0,1.535,285.5,70.72,137.0,4.2,99.0,272.0,26.0,1,1,3.0,1.0,0.23,2.0,2.0,10.0,28
86.0,121.0,56.0,43.96,126.4,34.0,6.2,6100.0,24.52,95.59,25.7,16.0,59.6,259.78,4.72,0.09,987.5,5.12,1.81,8.6,22.1,7.1,69.3,1.2,0.3,1.9,0.6,6.0,0.1,0.0,3.37,10.6,31.7,93.9,31.4,33.5,11.8,241.0,9.3,0.23,4.9,17.12,31.0,13.0,15.0,87.0,3.57,2.225,21.0,30.0,5.829,118.0,1.55,6.84,57.0,1.434,237.9,44.2,134.0,3.9,105.0,268.0,26.0,2,4,3.0,6.0,1.81,3.0,2.0,2.0,34
80.0,122.0,79.0,30.11,97.7,36.4,8.2,18122.0,18.8,60.68,31.0,267.0,23.6,1619.17,11.65,0.3,625.1,4.71,1.19,9.3,27.9,7.7,62.4,1.2,0.8,2.6,0.7,5.8,0.1,0.1,5.15,15.5,45.7,88.7,30.1,33.9,12.8,336.0,7.6,1.13,5.7,40.02,44.0,22.0,20.0,67.0,4.28,2.3,18.0,29.0,4.996,107.0,1.13,10.26,72.0,1.163,309.3,70.72,141.0,4.0,108.0,280.0,28.0,2,3,2.0,1.0,2.41,1.0,2.0,3.0,51
56.0,127.0,71.0,25.44,102.0,15.4,3.5,2122.0,19.51,58.35,33.4,104.0,70.0,75645.0,5.7,0.1,1293.3,4.65,1.44,5.3,28.8,6.3,58.2,5.8,0.9,1.5,0.3,3.1,0.3,0.0,4.53,13.8,40.3,88.9,30.6,34.3,12.1,217.0,9.5,0.29,6.0,25.67,45.0,18.0,27.0,79.0,7.1,2.325,21.0,20.0,5.884,134.0,1.162,8.6,74.0,1.298,303.3,53.0,136.7,3.98,101.7,276.0,29.0,2,1,2.0,3.0,1.26,3.0,2.0,,73
60.0,124.0,58.0,23.96,89.0,20.0,7.3,10431.0,16.11,59.97,26.9,152.0,38.3,425.09,13.14,0.23,1080.4,6.41,0.93,4.9,41.9,7.9,45.8,1.9,2.5,2.1,0.4,2.2,0.1,0.1,4.0,13.1,39.8,99.6,32.8,33.0,12.3,239.0,8.9,0.25,6.3,158.8,40.0,11.0,21.0,64.0,8.93,2.725,27.0,15.0,6.162,114.0,1.07,10.26,76.0,1.468,493.7,106.08,137.0,4.3,99.0,278.0,36.0,2,4,3.0,3.0,,,1.0,,85
,,,33.38,104.0,,271.0,6807.0,8.59,58.0,14.8,119.0,33.3,396.31,6.12,0.12,1662.5,3.7,1.24,7.6,21.3,5.9,69.7,2.6,0.5,1.6,0.4,5.3,0.2,0.0,3.57,11.1,32.2,90.1,31.1,34.5,12.0,217.0,9.1,0.62,6.8,237.9,32.0,25.0,20.0,145.0,7.5,2.3,25.0,41.0,6.828,138.0,1.13,8.55,71.0,1.84,356.9,61.88,141.0,4.3,108.0,286.0,39.0,2,2,1.0,1.0,0.92,,1.0,,60
78.0,117.0,80.0,32.19,101.5,25.0,2.5,9724.0,8.59,48.69,17.6,65.0,11.1,317.34,10.38,0.14,480.2,5.92,1.34,6.9,26.8,7.8,61.8,3.2,0.4,1.8,0.5,4.3,0.2,0.0,5.03,15.2,45.4,90.2,30.3,33.6,12.5,257.0,7.6,0.78,5.3,21.92,44.0,65.0,36.0,50.0,5.0,2.4,24.0,37.0,5.162,158.0,1.033,6.8,77.0,1.739,511.5,88.4,138.0,4.08,99.3,276.0,33.0,1,3,4.0,1.0,1.47,3.0,1.0,4.0,37
96.0,146.0,90.0,32.99,112.9,,173.5,17680.0,12.35,66.05,18.7,70.0,18.6,226.57,12.44,0.1,398.6,5.48,1.47,8.8,27.4,11.0,59.2,2.3,0.2,2.4,1.0,5.2,0.2,0.0,5.25,15.4,46.3,88.0,29.4,33.4,12.6,304.0,6.8,3.12,5.5,20.01,48.0,26.0,21.0,71.0,4.64,2.7,21.0,119.0,4.774,138.0,1.03,6.84,88.0,1.276,160.6,114.92,140.0,3.9,106.0,279.0,40.0,1,4,4.0,1.0,,,2.0,1.0,55
72.0,126.0,56.0,28.54,99.4,12.2,13.8,19536.0,12.35,64.98,19.0,47.0,31.3,412.54,8.32,0.09,505.1,4.91,1.68,8.6,38.4,10.1,49.1,2.0,0.4,3.3,0.9,4.2,0.2,0.0,5.47,15.5,48.2,88.1,28.4,32.2,13.2,300.0,8.0,0.19,5.4,6.6,42.0,37.0,37.0,88.0,3.93,2.4,23.0,63.0,5.051,136.0,1.49,10.26,78.0,1.648,416.4,79.56,139.0,4.1,102.0,277.0,36.0,1,4,3.0,1.0,1.08,1.0,2.0,5.0,33
,,,,,,,,,,,,,,,,,,,,,,,,,,,,,,,,,,,,,,,,,,,,,,,,,,,,,,,,,,,,,,,2,2,2.0,5.0,5.0,1.0,2.0,,28
82.0,130.0,83.0,37.96,107.7,,80.7,8752.0,5.73,77.69,7.4,5.0,24.2,98.15,10.2,0.93,394.1,5.46,1.49,8.5,27.8,8.6,61.7,0.9,1.2,2.4,0.7,5.2,0.1,0.1,5.01,12.7,38.0,76.0,25.5,33.6,15.6,261.0,8.5,0.1,6.0,9.86,45.0,29.0,23.0,70.0,5.7,2.225,23.0,32.0,5.107,168.0,0.872,5.1,74.0,1.005,255.8,44.2,136.1,4.21,101.2,273.0,29.0,2,1,1.0,1.0,,,2.0,1.0,49
72.0,124.0,87.0,26.76,107.2,8.9,10.6,14940.0,14.5,61.22,23.7,48.0,18.8,176.38,9.58,0.11,416.8,4.73,1.63,4.7,36.0,9.4,47.4,6.7,0.6,1.7,0.4,2.2,0.3,0.0,4.81,14.4,42.9,89.4,30.0,33.5,12.3,203.0,8.9,0.05,5.0,9.5,41.0,42.0,32.0,68.0,8.57,2.3,27.0,63.0,5.384,113.0,1.23,11.97,66.0,0.644,321.2,88.4,140.0,4.2,104.0,283.0,25.0,1,3,4.0,1.0,5.0,3.0,3.0,2.0,51
56.0,136.0,72.0,30.53,109.8,20.0,10.2,12376.0,18.26,56.03,32.6,68.0,28.5,447.23,10.78,0.14,559.5,4.14,1.47,3.8,35.6,9.6,50.4,3.5,0.9,1.4,0.4,1.9,0.1,0.0,3.99,13.1,38.8,97.0,32.8,33.8,12.7,201.0,7.6,0.34,5.4,217.4,42.0,30.0,31.0,60.0,5.36,2.225,25.0,16.0,6.106,177.0,1.0,25.65,67.0,0.711,368.8,97.24,138.0,4.0,103.0,277.0,25.0,1,3,5.0,1.0,3.35,3.0,3.0,1.0,75
76.0,139.0,97.0,34.2,105.0,,103.1,14321.0,22.38,67.13,33.3,307.0,30.1,281.18,7.21,0.15,607.0,7.03,1.11,6.9,36.8,8.0,51.4,3.0,0.7,2.5,0.6,3.5,0.2,0.0,5.35,15.8,46.6,87.1,29.5,34.0,12.7,201.0,9.1,0.08,6.1,59.79,47.0,53.0,27.0,50.0,6.4,2.475,26.0,54.0,6.772,165.0,0.936,13.7,83.0,2.021,386.6,61.9,137.1,3.42,96.5,277.0,36.0,1,3,2.0,6.0,0.67,3.0,2.0,10.0,34
62.0,140.0,69.0,28.08,107.1,16.2,18.2,18034.0,17.01,60.68,28.0,44.0,32.2,46.49,36.62,1.77,396.4,6.05,1.11,5.1,28.2,15.4,53.7,2.0,0.9,1.4,0.8,2.7,0.1,0.0,4.7,14.8,43.1,91.6,31.4,34.3,11.6,215.0,8.3,0.09,5.6,292.7,41.0,27.0,26.0,84.0,6.43,2.225,25.0,25.0,4.829,173.0,1.16,22.23,67.0,1.479,208.2,88.4,145.0,4.5,108.0,290.0,26.0,1,3,3.0,1.0,1.89,,2.0,1.0,74
66.0,137.0,73.0,27.85,106.9,12.2,7.5,12288.0,14.68,66.59,22.0,176.0,42.1,287.08,10.37,0.09,1322.8,5.28,1.19,6.9,20.7,6.8,71.3,0.9,0.3,1.4,0.5,4.9,0.1,0.0,4.8,15.0,43.8,91.5,31.2,34.1,12.0,312.0,6.5,0.22,5.5,177.6,44.0,22.0,25.0,63.0,5.0,2.375,27.0,19.0,4.94,126.0,1.23,18.81,80.0,1.332,428.3,97.24,138.0,4.1,100.0,276.0,36.0,1,3,2.0,1.0,2.35,,2.0,,82
66.0,139.0,89.0,24.05,98.7,9.4,15.1,14940.0,25.42,66.95,38.0,464.0,38.5,454.61,11.65,0.47,783.7,4.65,1.19,6.4,32.3,11.5,52.0,3.4,0.8,2.1,0.7,3.3,0.2,0.1,5.68,17.5,50.3,88.4,30.9,34.9,11.7,234.0,10.0,0.02,5.5,16.95,46.0,168.0,118.0,101.0,4.28,2.525,24.0,482.0,5.273,135.0,1.36,11.97,92.0,1.694,446.1,88.4,140.0,4.6,100.0,279.0,46.0,1,1,2.0,5.0,0.35,1.0,2.0,8.0,43
60.0,120.0,60.0,26.23,101.8,19.1,17.8,21481.0,14.86,58.0,25.6,23.0,18.1,374.17,7.07,0.09,308.0,6.88,1.76,6.4,44.3,7.2,46.9,0.9,0.8,2.8,0.5,3.0,0.1,0.1,4.42,13.5,40.3,91.1,30.5,33.5,12.4,267.0,7.5,0.06,5.3,9.31,44.0,16.0,23.0,86.0,3.57,2.475,27.0,13.0,4.829,174.0,1.13,11.97,76.0,0.745,362.8,61.88,142.0,3.9,105.0,282.0,32.0,2,4,4.0,1.0,1.28,,2.0,2.0,38
86.0,141.0,96.0,30.34,99.5,7.3,2.3,5216.0,8.59,60.32,14.2,42.0,19.0,229.52,8.28,0.09,543.6,5.79,1.14,4.4,39.8,8.1,50.8,0.8,0.4,1.8,0.4,2.2,0.0,0.0,4.99,15.4,44.8,89.8,30.8,34.3,12.5,301.0,7.7,0.05,5.7,21.44,43.0,31.0,35.0,72.0,4.64,2.325,24.0,34.0,5.495,204.0,1.03,13.68,71.0,1.14,345.0,97.24,138.0,3.7,101.0,277.0,28.0,1,4,5.0,3.0,5.0,,2.0,2.0,53
102.0,118.0,62.0,28.99,97.0,23.4,3.4,1768.0,9.49,110.62,8.6,5.0,23.8,121.03,3.0,0.17,896.9,4.97,1.74,8.2,21.9,6.4,70.9,0.6,0.3,1.8,0.5,5.8,0.0,0.0,3.7,11.3,32.7,88.3,30.3,34.3,12.2,453.0,5.9,2.12,5.1,27.82,38.0,11.0,13.0,153.0,1.8,2.275,19.0,9.0,4.718,97.0,1.195,5.1,72.0,3.353,255.8,17.7,136.2,3.89,103.4,269.0,34.0,2,1,1.0,1.0,0.95,,2.0,,21
68.0,154.0,85.0,23.6,89.1,29.8,8.5,3978.0,21.12,72.32,29.2,43.0,34.0,233.95,10.37,0.12,609.3,6.15,1.4,4.9,31.3,9.8,55.3,2.8,0.9,1.5,0.5,2.7,0.1,0.0,4.41,13.9,41.2,93.5,31.6,33.8,11.8,275.0,7.2,0.25,5.8,157.3,45.0,17.0,22.0,73.0,4.28,2.525,25.0,19.0,5.107,130.0,1.19,8.55,72.0,1.468,261.7,79.56,140.0,4.1,101.0,279.0,27.0,2,3,3.0,1.0,1.26,,2.0,,67
68.0,173.0,88.0,24.71,102.5,12.2,204.5,6365.0,11.81,63.01,18.8,158.0,52.1,300.37,11.06,0.19,833.5,7.01,1.12,6.6,18.5,16.0,62.0,3.4,0.1,1.2,1.1,4.1,0.2,0.0,5.72,18.0,53.3,93.1,31.4,33.8,13.9,215.0,7.6,0.23,5.6,118.0,47.0,36.0,31.0,128.0,6.4,2.375,25.0,31.0,5.94,175.0,1.001,13.7,79.0,2.382,362.8,88.4,141.5,4.47,101.2,285.0,32.0,1,3,4.0,1.0,,,2.0,1.0,85
62.0,112.0,67.0,17.76,69.7,12.6,4.2,4243.0,20.76,71.78,28.9,111.0,48.2,554.98,8.07,0.1,844.8,,,7.9,22.7,4.4,70.2,2.5,0.4,1.8,0.3,5.5,0.2,0.0,4.47,14.0,40.9,91.4,31.3,34.2,11.3,294.0,7.5,0.11,5.0,,,,,,,,,,,,,,,,,,,,,,,2,1,1.0,1.0,,3.0,2.0,4.0,54
72.0,123.0,79.0,33.47,98.9,33.8,6.2,6276.0,3.58,33.47,10.7,3.0,16.3,247.97,7.58,0.21,446.2,3.62,0.96,8.1,28.6,4.7,60.5,3.7,2.5,2.3,0.4,4.9,0.3,0.2,4.03,11.7,34.5,85.3,29.0,34.1,14.4,276.0,9.4,0.33,5.6,19.14,38.0,12.0,22.0,59.0,2.86,2.175,25.0,13.0,4.385,132.0,1.03,8.55,69.0,0.892,261.7,79.56,141.0,3.3,103.0,278.0,31.0,2,4,3.0,4.0,,,3.0,1.0,41
76.0,114.0,64.0,24.1,88.0,10.9,298.0,20509.0,21.12,52.27,40.4,113.0,18.1,400.73,5.86,0.17,840.3,4.55,1.5,7.3,32.9,7.3,57.7,1.8,0.3,2.4,0.5,4.2,0.1,0.0,5.27,17.0,48.7,92.5,32.3,35.0,12.3,297.0,8.1,0.01,5.0,3.54,47.0,29.0,22.0,61.0,3.93,2.425,24.0,31.0,5.607,132.0,1.0,11.97,77.0,1.242,279.6,79.56,143.0,3.8,103.0,284.0,30.0,1,1,2.0,6.0,0.8,3.0,2.0,2.0,26
62.0,105.0,65.0,19.36,77.6,13.2,0.8,2298.0,3.22,76.97,4.2,6.0,32.8,442.8,6.67,0.08,867.5,4.03,1.14,7.7,27.7,10.2,57.6,1.9,2.7,2.1,0.8,4.4,0.1,0.2,4.32,13.4,39.7,91.9,30.9,33.6,14.9,230.0,8.2,0.06,5.3,78.01,41.0,10.0,20.0,33.0,3.21,2.3,22.0,12.0,4.885,121.0,1.13,10.26,70.0,0.96,190.3,61.88,139.0,4.2,106.0,275.0,29.0,2,3,3.0,1.0,3.14,1.0,1.0,,48
82.0,111.0,67.0,23.14,76.8,22.4,137.2,10254.0,1.61,72.85,2.2,3.0,18.3,159.41,8.55,0.18,453.0,4.24,1.09,5.9,30.6,7.1,59.0,2.8,0.6,1.8,0.4,3.5,0.2,0.0,4.48,10.2,31.3,69.7,22.8,32.7,16.9,339.0,9.1,0.05,5.5,110.8,42.0,11.0,17.0,71.0,2.5,2.225,24.0,9.0,4.829,124.0,1.23,10.26,74.0,1.84,232.0,53.04,137.0,4.0,103.0,271.0,32.0,2,2,1.0,1.0,1.02,,2.0,1.0,45
70.0,149.0,94.0,15.8,67.5,3.0,31.3,20597.0,,,,,,,10.76,0.1,283.1,,,4.1,31.7,13.4,53.4,1.1,0.5,1.3,0.5,2.2,0.0,0.0,4.24,14.4,42.2,99.4,33.8,34.0,12.9,185.0,8.9,,5.1,,,,,,,,,,,,,,,,,,,,,,,1,4,2.0,5.0,0.68,1.0,2.0,3.0,47
,,,,,,,,,,,,,,,,,,,,,,,,,,,,,,,,,,,,,,,,,,,,,,,,,,,,,,,,,,,,,,,2,3,1.0,2.0,1.37,,1.0,,80
64.0,144.0,85.0,29.59,99.2,18.7,8.9,26697.0,10.38,53.34,19.5,157.0,24.2,384.5,8.2,0.07,570.8,7.16,0.8,5.2,33.8,8.0,50.9,6.6,0.6,1.8,0.4,2.6,0.3,0.0,5.69,15.1,45.8,80.4,26.5,33.0,12.9,248.0,8.0,0.24,5.2,,43.0,23.0,23.0,70.0,4.64,2.375,22.0,28.0,4.607,122.0,1.36,10.26,78.0,2.743,398.5,106.08,138.0,4.0,102.0,274.0,35.0,1,4,2.0,1.0,5.0,,4.0,,37
66.0,121.0,81.0,29.82,88.1,23.2,17.5,19360.0,23.63,84.31,28.0,27.0,54.1,350.55,6.46,0.07,747.5,6.88,1.94,8.5,30.9,7.4,60.2,1.2,0.4,2.6,0.6,5.1,0.1,0.0,4.42,14.3,41.0,92.7,32.2,34.8,11.6,358.0,8.6,1.07,5.1,32.69,44.0,14.0,15.0,61.0,5.36,2.35,23.0,18.0,4.441,141.0,1.29,13.68,77.0,1.885,279.6,70.72,140.0,4.3,104.0,280.0,33.0,2,3,4.0,1.0,5.0,3.0,1.0,2.0,42
62.0,123.0,74.0,28.29,104.4,32.0,1.6,2298.0,9.49,58.35,16.3,180.0,32.6,363.1,12.35,0.08,706.7,6.03,1.42,4.8,26.7,8.0,63.3,0.9,1.0,1.3,0.4,3.0,0.0,0.0,3.8,12.5,36.6,96.4,32.8,34.0,12.5,279.0,7.5,2.02,5.0,58.56,40.0,14.0,15.0,71.0,3.93,2.2,21.0,18.0,4.829,140.0,1.36,15.39,71.0,1.253,184.4,53.04,136.0,4.0,103.0,271.0,31.0,2,1,3.0,2.0,2.66,3.0,2.0,1.0,71
76.0,120.0,75.0,25.35,91.4,15.7,6.2,12818.0,12.17,61.93,19.7,103.0,16.1,275.27,8.69,0.15,333.0,4.37,1.09,9.8,30.0,7.1,58.8,3.5,0.6,2.9,0.7,5.8,0.3,0.1,5.41,16.3,49.9,92.2,30.3,32.8,12.0,231.0,7.6,0.15,5.1,29.13,44.0,19.0,20.0,55.0,6.43,2.35,25.0,22.0,4.718,109.0,1.49,10.26,73.0,0.948,380.7,88.4,136.0,3.7,97.0,272.0,29.0,1,3,5.0,5.0,3.49,1.0,2.0,5.0,29
50.0,107.0,72.0,25.62,97.0,11.0,6.8,13260.0,10.56,64.98,16.3,74.0,39.6,202.95,8.05,0.15,767.8,5.07,1.44,4.4,32.3,12.5,46.7,7.2,1.4,1.4,0.6,2.1,0.3,0.1,4.46,13.4,39.7,88.9,30.0,33.8,12.7,222.0,10.2,1.82,5.1,28.03,45.0,20.0,26.0,68.0,6.4,2.3,25.0,25.0,5.829,121.0,1.13,3.4,76.0,0.677,321.2,70.7,137.9,4.6,101.7,278.0,31.0,1,3,5.0,1.0,5.0,,2.0,1.0,63
56.0,154.0,78.0,31.19,91.6,20.4,5.1,6542.0,,,,,,,6.4,0.08,,,,4.6,34.2,6.8,57.1,1.4,0.6,1.6,0.3,2.6,0.1,0.0,5.16,15.9,46.3,89.6,30.7,34.2,14.0,220.0,8.1,,5.2,,,,,,,,,,,,,,,,,,,,,,,2,1,4.0,2.0,1.09,,4.0,,62
74.0,112.0,80.0,27.06,92.5,15.8,8.2,14851.0,11.64,63.01,18.5,70.0,62.1,422.87,8.12,0.12,720.3,6.05,1.23,7.3,25.5,7.9,58.9,6.8,0.9,1.9,0.6,4.3,0.5,0.1,4.83,14.3,42.8,88.6,29.5,33.3,12.1,256.0,8.5,0.35,5.3,3.54,49.0,46.0,34.0,64.0,5.0,2.375,25.0,32.0,5.162,125.0,1.453,6.8,81.0,1.231,261.7,70.7,142.1,4.28,107.5,283.0,32.0,1,3,5.0,1.0,5.0,,1.0,2.0,39
54.0,124.0,65.0,31.92,106.2,34.8,2.9,6276.0,23.63,77.15,30.6,130.0,34.0,349.81,6.99,0.09,813.1,6.03,1.37,7.7,34.0,7.3,55.9,2.1,0.8,2.6,0.6,4.3,0.2,0.1,4.4,14.0,41.1,93.2,31.7,34.0,12.7,500.0,7.6,1.14,5.6,41.38,40.0,48.0,49.0,83.0,3.57,2.425,22.0,35.0,5.218,80.0,0.97,11.97,74.0,1.581,273.6,61.88,136.0,4.5,103.0,271.0,34.0,2,3,4.0,3.0,5.0,,2.0,1.0,53
82.0,159.0,17.0,28.83,94.0,16.2,45.3,6895.0,11.1,48.15,23.0,342.0,16.3,967.52,5.4,0.11,487.0,4.99,1.1,8.4,30.3,9.6,56.7,2.7,0.8,2.5,0.8,4.8,0.2,0.1,5.0,14.1,43.2,86.4,28.3,32.8,12.4,257.0,9.6,0.62,12.3,186.6,40.0,15.0,12.0,94.0,7.1,2.225,24.0,17.0,12.712,154.0,1.13,8.6,76.0,1.321,166.5,35.4,136.2,4.05,99.8,282.0,36.0,2,1,1.0,1.0,1.24,,2.0,4.0,62
64.0,134.0,92.0,39.08,121.2,11.0,549.0,8044.0,12.53,67.84,18.5,29.0,12.2,329.89,13.17,0.5,310.3,8.95,1.11,6.6,39.3,6.8,49.4,3.3,1.2,2.6,0.4,3.3,0.2,0.1,4.74,14.6,44.4,93.6,30.8,33.0,14.9,211.0,8.6,0.22,8.2,148.9,42.0,29.0,44.0,66.0,6.8,2.425,24.0,27.0,7.827,359.0,1.162,8.6,79.0,3.647,350.9,123.8,135.1,4.28,94.7,275.0,37.0,1,1,1.0,4.0,0.32,1.0,2.0,,48
70.0,120.0,71.0,27.54,78.4,33.2,8.1,8310.0,6.09,70.53,8.6,31.0,44.6,718.07,10.77,0.14,684.0,6.05,1.68,4.1,61.4,7.4,26.7,3.6,1.0,2.5,0.3,1.1,0.1,0.0,4.84,13.7,41.4,85.7,28.3,33.1,13.0,332.0,8.1,0.06,5.4,29.3,42.0,20.0,30.0,98.0,6.78,2.3,26.0,45.0,4.885,171.0,1.32,10.26,75.0,0.892,285.5,88.4,140.0,4.5,103.0,281.0,33.0,2,4,2.0,1.0,4.91,,2.0,1.0,60
,,,33.46,104.7,31.8,,,,,,,,,,,,,,,,,,,,,,,,,,,,,,,,,,,,,,,,,,,,,,,,,,,,,,,,,,2,1,1.0,1.0,,,2.0,,23
68.0,191.0,89.0,,,7.1,12.0,1856.0,4.48,72.85,6.1,10.0,54.4,1098.14,9.53,0.14,484.7,4.55,1.68,4.4,17.6,8.5,70.3,2.7,0.9,0.8,0.4,3.1,0.1,0.0,3.8,11.1,33.6,88.3,29.2,33.1,13.5,204.0,8.0,0.06,5.7,335.9,38.0,25.0,36.0,62.0,7.85,2.175,27.0,10.0,4.718,219.0,1.07,8.55,66.0,0.666,184.4,70.72,140.0,3.9,102.0,283.0,28.0,1,3,5.0,5.0,0.93,3.0,1.0,,75
86.0,104.0,56.0,20.0,78.0,13.2,38.7,29172.0,4.65,95.94,4.9,3.0,36.7,304.06,5.21,0.12,690.8,3.78,1.25,7.6,17.7,13.9,65.8,2.0,0.7,1.3,1.1,5.0,0.2,0.1,4.35,11.3,34.8,80.1,25.8,32.3,17.6,238.0,9.9,0.01,5.0,107.2,45.0,24.0,29.0,80.0,5.4,2.375,24.0,11.0,4.552,199.0,1.098,10.3,73.0,0.677,154.6,61.9,141.0,4.12,104.5,281.0,28.0,2,3,4.0,5.0,0.0,,2.0,1.0,22
82.0,172.0,78.0,,78.6,21.0,1.2,2298.0,21.3,75.54,28.2,23.0,39.0,867.15,6.84,0.08,1648.9,5.2,1.73,9.3,24.7,8.0,64.3,1.7,1.3,2.3,0.7,6.0,0.2,0.1,4.72,14.8,44.0,93.3,31.3,33.5,12.9,264.0,7.8,0.23,5.9,1745.0,38.0,28.0,35.0,35.0,6.43,2.175,25.0,93.0,4.441,20.78,1.29,10.26,64.0,1.31,214.1,70.72,136.0,4.3,103.0,273.0,26.0,2,3,4.0,1.0,2.09,3.0,2.0,,79
80.0,159.0,22.0,24.26,93.2,25.3,1.3,1768.0,16.29,51.91,31.4,362.0,33.7,336.53,13.19,0.21,507.4,4.06,1.5,8.5,27.8,9.4,61.5,1.0,0.3,2.4,0.8,5.2,0.1,0.0,4.09,13.6,40.3,98.6,33.3,33.8,12.6,258.0,9.1,0.65,6.0,328.9,42.0,12.0,24.0,78.0,6.07,2.425,25.0,19.0,6.994,153.0,1.16,11.97,74.0,0.926,350.9,88.4,139.0,4.2,101.0,281.0,32.0,2,3,2.0,2.0,1.76,,2.0,,85
68.0,153.0,75.0,26.06,89.5,20.5,6.5,1591.0,15.75,99.7,15.8,8.0,74.5,470.84,7.28,0.15,1030.6,6.13,1.84,7.2,27.4,7.8,61.7,2.7,0.4,2.0,0.6,4.4,0.2,0.0,5.48,15.9,47.4,86.4,29.0,33.5,13.1,295.0,8.8,0.06,5.4,36.72,47.0,22.0,27.0,86.0,5.36,2.525,29.0,14.0,5.162,149.0,1.1,10.26,75.0,2.202,160.6,70.72,138.0,3.3,103.0,276.0,28.0,2,1,2.0,1.0,4.77,,2.0,1.0,76
76.0,114.0,81.0,28.88,100.3,32.0,0.7,1945.0,12.89,69.27,18.6,87.0,30.8,405.16,7.35,0.12,718.0,7.5,1.14,8.0,29.5,5.9,62.0,2.0,0.6,2.4,0.5,5.0,0.2,0.0,5.62,16.5,47.8,85.1,29.3,34.5,12.3,278.0,7.5,0.06,5.6,,41.0,25.0,28.0,52.0,6.43,2.4,24.0,29.0,5.051,129.0,1.16,17.1,71.0,2.642,458.0,88.4,137.0,4.2,104.0,275.0,30.0,1,3,3.0,5.0,1.98,,2.0,1.0,34
78.0,127.0,71.0,25.0,86.0,12.2,1.8,7337.0,6.62,55.85,11.9,64.0,29.4,428.78,5.19,0.07,699.9,3.28,1.22,8.7,28.2,10.8,58.4,2.5,0.1,2.5,0.9,5.1,0.2,0.0,5.11,15.0,43.9,86.2,29.5,34.2,12.4,298.0,7.9,3.66,5.1,6.55,44.0,23.0,30.0,82.0,5.71,2.325,20.0,20.0,4.219,104.0,1.16,13.68,70.0,0.587,410.4,70.72,135.0,3.7,103.0,270.0,26.0,1,1,4.0,3.0,1.33,3.0,4.0,4.0,23
68.0,111.0,69.0,25.29,93.6,10.2,6.4,21039.0,20.94,61.04,34.3,300.0,28.8,192.62,8.3,0.07,595.7,5.02,0.85,7.2,34.8,9.4,54.2,1.4,0.3,2.5,0.7,3.9,0.1,0.0,5.1,15.6,44.1,86.6,30.6,35.3,11.6,222.0,8.6,0.12,4.7,228.3,46.0,21.0,21.0,63.0,3.9,2.375,22.0,20.0,4.552,154.0,1.098,22.2,78.0,2.01,463.9,70.7,141.9,4.37,105.7,281.0,32.0,1,1,3.0,1.0,3.51,3.0,2.0,3.0,42
56.0,119.0,76.0,21.55,80.5,6.2,12.9,31824.0,11.28,61.93,18.2,82.0,28.5,609.59,6.66,0.1,373.7,4.65,1.19,6.7,39.7,9.2,46.0,4.4,0.8,2.7,0.6,3.1,0.3,0.1,4.16,14.1,42.2,101.5,33.9,33.3,13.6,193.0,7.7,0.06,5.3,8.83,39.0,20.0,26.0,79.0,3.93,2.35,27.0,17.0,4.496,109.0,1.19,10.26,65.0,0.519,309.3,106.08,135.0,4.3,101.0,269.0,26.0,1,4,4.0,1.0,4.19,1.0,2.0,1.0,48
78.0,106.0,60.0,37.68,114.5,,6.3,12818.0,8.95,68.2,13.1,5.0,14.7,241.33,3.76,0.09,593.4,6.08,2.21,7.5,22.4,4.8,71.5,1.3,0.0,1.7,0.4,5.4,0.1,0.0,4.11,12.0,36.2,87.8,29.2,33.3,12.6,372.0,8.0,1.65,4.6,,35.0,9.0,13.0,120.0,2.5,2.175,19.0,8.0,4.163,122.0,1.227,3.4,68.0,2.281,237.9,26.5,136.9,4.31,101.1,270.0,33.0,2,1,3.0,,3.96,3.0,2.0,1.0,20
,,,,,,,,,,,,,,,,,,,,,,,,,,,,,,,,,,,,,,,,,,,,,,,,,,,,,,,,,,,,,,,2,5,7.0,77.0,,,7.0,,77
60.0,123.0,71.0,26.1,85.8,19.7,9.6,4685.0,5.19,111.7,4.6,10.0,36.5,844.27,4.98,0.11,668.2,5.07,1.45,6.0,30.3,6.9,61.6,0.9,0.3,1.8,0.4,3.7,0.1,0.0,4.15,11.5,34.4,82.8,27.6,33.3,16.6,433.0,8.4,0.11,5.0,37.62,40.0,17.0,22.0,80.0,2.5,2.175,19.0,11.0,4.496,112.0,1.26,10.26,72.0,2.687,249.8,53.04,136.0,3.6,103.0,269.0,32.0,2,1,1.0,5.0,,,3.0,,50
70.0,164.0,70.0,38.13,103.9,36.9,5.7,4950.0,17.36,64.08,27.1,35.0,39.2,281.92,8.02,0.11,595.7,6.57,1.86,7.4,20.8,8.2,69.1,1.7,0.2,1.5,0.6,5.1,0.1,0.0,4.43,13.8,39.6,89.3,31.1,34.8,12.7,204.0,10.8,1.54,5.4,734.8,38.0,11.0,14.0,94.0,5.0,2.175,23.0,12.0,5.884,147.0,0.87,10.26,70.0,1.208,345.0,53.04,142.0,3.5,105.0,284.0,32.0,2,3,1.0,2.0,1.16,3.0,1.0,,64
86.0,125.0,76.0,38.89,108.7,,6.4,9724.0,16.11,68.74,23.4,27.0,51.6,387.45,4.89,0.09,917.3,5.04,1.13,5.9,41.2,6.8,48.3,2.9,0.9,2.4,0.4,2.8,0.2,0.1,4.7,14.0,41.2,87.5,29.8,34.0,12.5,279.0,8.7,2.29,4.9,14.19,46.0,50.0,34.0,106.0,4.3,2.325,28.0,19.0,5.218,150.0,1.066,6.8,78.0,2.461,362.8,61.9,142.5,4.02,101.0,284.0,32.0,2,3,4.0,,4.5,3.0,1.0,1.0,36
112.0,90.0,69.0,32.12,99.0,31.0,0.5,2917.0,14.86,78.76,18.9,267.0,12.0,348.34,20.94,0.18,337.5,5.12,2.56,6.8,44.3,12.6,41.3,1.4,0.4,3.0,0.9,2.8,0.1,0.0,4.12,13.9,40.8,99.1,33.8,34.0,15.2,163.0,8.8,0.52,5.1,162.2,41.0,33.0,84.0,128.0,2.5,2.45,20.0,369.0,4.94,329.0,1.23,11.97,79.0,1.005,642.4,61.88,136.0,3.8,95.0,268.0,38.0,2,4,2.0,4.0,0.95,1.0,1.0,3.0,51
62.0,98.0,52.0,27.04,87.8,23.2,93.4,16708.0,6.98,73.75,9.5,14.0,20.6,301.84,4.57,0.18,1080.4,4.65,1.14,6.7,34.2,7.4,55.0,2.3,1.2,2.3,0.5,3.7,0.2,0.1,4.18,12.4,36.6,87.7,29.5,33.7,12.1,258.0,8.1,0.15,4.7,68.88,36.0,18.0,20.0,42.0,3.93,2.35,26.0,6.0,3.83,107.0,1.49,6.84,63.0,3.229,291.5,79.56,140.0,4.0,106.0,277.0,27.0,2,3,2.0,6.0,0.9,3.0,1.0,2.0,21
68.0,106.0,67.0,27.99,94.5,16.0,32.9,24840.0,21.66,61.93,35.0,174.0,19.9,231.73,7.43,0.16,471.1,5.9,1.32,7.5,31.7,10.9,51.2,5.1,1.1,2.4,0.8,3.8,0.4,0.1,4.85,14.4,43.0,88.8,29.7,33.4,12.5,377.0,8.1,0.04,5.1,66.04,46.0,25.0,25.0,57.0,5.36,2.45,24.0,28.0,4.385,118.0,1.13,11.97,70.0,2.676,374.7,79.56,139.0,4.2,104.0,277.0,24.0,1,3,5.0,5.0,5.0,2.0,1.0,4.0,32
104.0,131.0,91.0,27.07,95.7,16.8,117.5,25813.0,4.48,73.75,6.1,43.0,28.8,270.85,8.78,0.1,480.2,5.53,0.98,13.0,18.8,9.4,69.7,1.7,0.3,2.4,1.2,9.1,0.2,0.0,5.13,16.0,46.6,90.8,31.3,34.5,12.4,321.0,8.1,0.22,6.0,21.2,48.0,17.0,29.0,80.0,5.4,2.55,23.0,34.0,6.883,198.0,1.421,15.4,75.0,5.905,356.9,61.9,140.3,4.31,100.1,282.0,27.0,1,3,2.0,6.0,1.51,1.0,4.0,1.0,31
56.0,108.0,60.0,25.91,87.4,7.2,5.5,11669.0,15.22,82.34,18.5,79.0,29.2,438.37,6.48,0.19,620.6,4.71,1.53,8.2,32.3,7.5,56.1,3.5,0.6,2.6,0.6,4.6,0.3,0.0,5.22,15.3,46.5,89.2,29.3,32.9,12.1,299.0,7.6,0.13,5.3,,46.0,22.0,25.0,87.0,5.0,2.375,26.0,16.0,5.329,165.0,0.969,10.3,80.0,0.835,303.3,44.2,141.4,4.0,101.4,282.0,34.0,1,1,1.0,6.0,0.56,1.0,3.0,1.0,30
100.0,103.0,68.0,27.12,96.6,16.8,6.7,9370.0,,,,,,,,,,,,,,,,,,,,,,,,,,,,,,,,,,,,,,,,,,,,,,,,,,,,,,,,2,3,4.0,1.0,4.75,,2.0,,27
,,,,,,,,,,,,,,,,,,,,,,,,,,,,,,,,,,,,,,,,,,,,,,,,,,,,,,,,,,,,,,,1,3,2.0,5.0,5.0,,4.0,,25
98.0,123.0,53.0,26.49,106.9,14.8,6.0,5481.0,7.16,102.03,7.0,3.0,17.7,303.32,4.53,0.09,498.3,6.28,1.78,9.9,,,,,,,,,,,4.2,11.9,34.7,82.6,28.3,34.2,12.1,228.0,9.6,0.25,5.4,26.64,34.0,8.0,15.0,179.0,2.1,2.05,20.0,5.0,4.219,129.0,1.001,5.1,68.0,1.942,237.9,26.5,135.7,4.03,102.2,268.0,34.0,2,1,2.0,5.0,0.0,1.0,1.0,,24
54.0,157.0,90.0,32.85,118.7,18.4,3580.0,9812.0,9.49,56.03,16.9,112.0,34.2,297.41,16.37,0.3,736.1,4.81,0.93,8.6,16.8,9.5,68.6,5.0,0.2,1.4,0.8,5.9,0.4,0.0,4.19,13.7,40.5,96.4,32.5,33.8,15.3,269.0,9.1,0.71,6.0,1041.0,36.0,20.0,25.0,85.0,16.78,2.1,20.0,34.0,4.774,191.0,1.29,10.26,67.0,1.852,350.9,282.88,135.0,5.1,105.0,281.0,31.0,1,3,2.0,2.0,4.66,3.0,3.0,1.0,74
78.0,154.0,95.0,25.52,102.5,9.8,5.5,8133.0,12.71,64.62,19.7,83.0,35.8,388.19,8.56,0.16,582.1,6.62,1.29,7.1,22.7,7.8,63.8,5.2,0.6,1.6,0.6,4.5,0.4,0.0,5.01,15.1,45.4,90.6,30.2,33.3,14.0,281.0,8.5,0.67,5.6,17.75,46.0,24.0,32.0,79.0,4.64,2.525,26.0,22.0,4.274,184.0,1.36,10.26,71.0,1.976,416.4,88.4,141.0,4.1,106.0,280.0,25.0,1,3,5.0,1.0,5.0,3.0,2.0,,67
48.0,142.0,72.0,24.54,90.2,10.1,12.3,9459.0,16.47,55.31,29.8,234.0,13.1,335.79,7.66,0.19,419.0,4.68,1.32,6.6,35.6,15.3,46.6,2.0,0.5,2.3,1.0,3.1,0.1,0.0,4.86,14.4,44.7,92.6,29.8,32.3,12.1,279.0,7.8,2.51,4.7,74.39,42.0,36.0,26.0,55.0,4.28,2.475,26.0,20.0,4.385,212.0,1.55,11.97,73.0,1.106,380.7,106.08,140.0,5.2,102.0,278.0,31.0,1,4,2.0,1.0,0.91,1.0,3.0,6.0,46
74.0,115.0,69.0,30.66,107.7,39.3,0.3,9370.0,7.7,67.66,11.4,64.0,39.4,378.59,6.7,0.11,1189.1,4.6,1.22,8.1,31.4,7.2,58.8,2.2,0.5,2.5,0.6,4.8,0.2,0.0,4.31,13.5,38.6,89.5,31.2,34.8,13.0,297.0,8.1,1.92,7.2,,37.0,19.0,22.0,80.0,5.36,2.275,24.0,12.0,7.66,128.0,1.32,8.55,69.0,2.969,255.8,70.72,140.0,3.7,104.0,282.0,32.0,2,1,4.0,1.0,3.45,,2.0,1.0,53
60.0,111.0,69.0,26.6,87.1,8.9,466.5,14851.0,14.68,56.56,25.9,183.0,8.4,321.03,9.82,0.15,271.8,5.59,1.24,6.4,32.8,8.4,56.3,2.0,0.5,2.1,0.5,3.6,0.1,0.0,5.69,16.0,47.9,84.2,28.2,33.4,12.6,253.0,8.5,0.11,5.4,9.49,38.0,17.0,17.0,60.0,4.64,2.3,22.0,47.0,5.051,113.0,0.87,10.26,72.0,1.648,463.9,106.08,138.0,4.0,108.0,275.0,34.0,1,1,3.0,4.0,2.51,,4.0,20.0,32
68.0,134.0,69.0,26.98,103.4,30.6,11.7,10166.0,,,,,,,9.31,0.1,974.0,,,6.4,25.5,8.5,59.6,5.3,1.2,1.6,0.5,3.8,0.3,0.1,4.39,13.8,40.9,93.2,31.3,33.6,12.0,295.0,7.3,,5.3,,,,,,,,,,,,,,,,,,,,,,,2,3,1.0,1.0,5.0,,2.0,1.0,63
78.0,109.0,55.0,26.3,104.1,6.5,4.8,2829.0,10.74,77.69,13.8,12.0,24.5,261.99,13.42,0.42,554.9,6.15,1.47,9.4,25.2,8.1,60.7,5.3,0.7,2.4,0.8,5.7,0.5,0.1,3.74,11.9,34.8,93.0,31.7,34.2,13.1,252.0,9.1,0.43,5.7,204.1,40.0,12.0,19.0,137.0,6.4,2.25,22.0,19.0,4.829,142.0,1.55,3.4,69.0,1.321,380.7,106.1,140.5,4.21,102.4,282.0,29.0,1,1,1.0,1.0,0.5,3.0,2.0,,75
76.0,126.0,90.0,42.51,141.6,,168.2,20155.0,12.89,55.49,23.2,305.0,18.1,343.91,7.74,0.13,579.8,5.22,0.72,8.3,34.0,9.3,49.3,6.7,0.9,2.8,0.8,4.1,0.6,0.1,4.94,14.9,43.8,88.8,30.2,34.0,12.4,188.0,11.0,0.48,6.2,10.25,39.0,31.0,22.0,81.0,5.4,2.25,22.0,64.0,5.607,112.0,1.033,8.6,77.0,1.479,446.1,61.9,144.1,4.2,105.7,288.0,38.0,1,4,3.0,3.0,3.59,,3.0,3.0,40
74.0,126.0,66.0,61.15,155.9,,6.9,18741.0,16.83,63.01,26.7,61.0,10.6,270.85,10.86,0.11,351.1,5.17,0.85,7.3,24.1,6.1,67.9,1.8,0.0,1.8,0.4,5.0,0.1,0.0,4.18,13.7,39.2,93.7,32.7,34.9,12.9,343.0,7.6,1.45,5.1,18.26,41.0,16.0,19.0,122.0,3.9,2.4,22.0,20.0,5.329,178.0,1.066,8.6,72.0,0.768,321.2,61.9,138.1,4.34,100.9,275.0,31.0,2,4,4.0,2.0,5.0,1.0,1.0,1.0,41
62.0,129.0,77.0,26.89,91.7,12.0,5.3,10078.0,12.71,57.82,22.0,198.0,,,27.96,0.09,530.0,5.25,1.03,5.9,21.2,8.2,68.4,1.0,1.3,1.3,0.5,4.0,0.1,0.1,5.76,14.8,45.3,78.8,25.7,32.7,12.4,244.0,9.0,1.62,5.0,11.5,47.0,25.0,21.0,49.0,4.64,2.575,26.0,25.0,4.885,65.0,1.68,13.68,79.0,1.445,345.0,106.08,139.0,4.6,101.0,277.0,32.0,1,4,5.0,3.0,3.39,3.0,1.0,,40
,,,34.1,114.6,24.8,5.4,12641.0,9.85,69.81,14.1,94.0,26.3,259.78,6.92,0.09,851.6,5.74,0.98,9.4,34.8,7.3,53.8,3.1,1.0,3.3,0.7,5.1,0.3,0.1,4.53,14.1,40.9,90.2,31.0,34.4,11.8,278.0,8.9,0.35,5.3,20.67,44.0,69.0,39.0,39.0,4.28,2.45,19.0,60.0,4.94,11.46,1.32,13.68,76.0,2.021,350.9,61.88,139.0,3.7,102.0,276.0,32.0,2,3,4.0,1.0,2.55,,2.0,3.0,36
58.0,118.0,78.0,20.0,62.4,7.8,26.5,31382.0,14.5,78.04,18.6,154.0,18.3,373.43,14.44,0.11,319.4,5.07,1.41,4.6,58.6,12.9,27.0,1.3,0.2,2.7,0.6,1.2,0.1,0.0,5.14,14.9,45.2,87.7,29.0,33.0,12.1,249.0,8.0,0.01,5.2,18.95,48.0,12.0,20.0,80.0,4.6,2.55,25.0,12.0,4.996,150.0,0.904,13.7,80.0,0.61,362.8,88.4,142.7,4.1,102.3,284.0,32.0,1,4,2.0,5.0,,,1.0,,20
78.0,89.0,66.0,20.0,81.3,23.0,1.3,3801.0,13.6,56.21,24.2,123.0,41.9,689.29,7.16,0.13,638.7,4.81,1.28,8.4,26.2,7.7,62.8,2.7,0.6,2.2,0.6,5.3,0.2,0.1,4.15,12.9,37.2,89.7,31.0,34.6,13.8,234.0,8.7,0.34,5.4,,42.0,36.0,39.0,123.0,4.6,2.3,23.0,80.0,5.107,137.0,1.356,6.8,74.0,0.723,243.9,61.9,134.0,4.34,99.1,268.0,32.0,2,3,5.0,3.0,5.0,1.0,2.0,1.0,51
72.0,114.0,78.0,24.23,89.0,31.2,9.7,6895.0,18.97,55.31,34.3,45.0,20.2,819.18,8.68,0.09,425.8,5.72,2.25,4.9,47.0,6.7,43.9,2.4,0.0,2.3,0.3,2.2,0.1,0.0,5.13,14.6,44.1,86.0,28.5,33.1,13.3,265.0,7.9,0.05,5.3,9.48,45.0,13.0,14.0,103.0,3.6,2.475,26.0,14.0,4.94,166.0,1.13,22.2,84.0,0.96,184.4,44.2,140.2,4.16,101.4,278.0,39.0,2,4,5.0,5.0,3.11,3.0,2.0,1.0,52
56.0,103.0,74.0,21.5,80.3,8.2,10.3,30763.0,16.47,62.47,26.4,137.0,28.5,507.74,5.38,0.14,738.4,4.29,1.23,6.7,36.4,11.4,48.3,3.3,0.6,2.4,0.8,3.2,0.2,0.0,5.07,17.5,50.0,98.6,34.6,35.1,12.1,239.0,8.2,0.2,4.3,35.25,46.0,17.0,15.0,52.0,4.3,2.35,26.0,14.0,5.384,92.0,1.066,6.8,73.0,0.745,309.3,61.9,143.0,4.29,102.9,285.0,27.0,1,3,9.0,3.0,,,1.0,8.0,33
66.0,137.0,83.0,30.08,101.3,25.4,7.4,5569.0,10.56,66.77,15.8,57.0,74.5,863.46,7.14,0.1,849.4,6.93,1.99,4.4,19.8,8.8,67.9,2.6,0.9,0.9,0.4,3.0,0.1,0.0,3.65,13.6,38.0,104.1,37.1,35.7,13.0,234.0,9.7,0.1,5.3,192.8,44.0,28.0,25.0,81.0,4.64,2.5,23.0,21.0,4.774,150.0,1.23,11.97,73.0,0.835,243.9,79.56,138.0,4.0,104.0,275.0,29.0,2,3,3.0,2.0,3.62,,2.0,4.0,62
74.0,120.0,59.0,26.57,85.3,22.7,6.8,9812.0,16.65,74.46,22.4,32.0,9.5,242.06,6.97,0.06,423.6,4.76,1.45,6.9,36.0,5.7,51.8,5.5,1.0,2.5,0.4,3.6,0.4,0.1,4.38,13.1,38.7,88.1,29.9,33.8,11.7,252.0,9.4,0.05,5.0,22.22,46.0,16.0,16.0,76.0,2.5,2.275,25.0,13.0,5.384,98.0,1.195,5.1,82.0,1.152,208.2,35.4,139.6,4.11,103.8,277.0,36.0,2,1,4.0,5.0,0.81,,1.0,,20
50.0,134.0,73.0,25.06,95.4,11.5,67.5,46322.0,14.32,,,270.0,22.7,394.83,9.75,0.08,439.4,6.13,2.84,4.1,26.0,19.1,53.6,0.7,0.7,1.1,0.8,2.2,0.0,0.0,4.64,16.2,48.5,104.4,34.8,33.4,13.8,273.0,7.9,0.62,4.3,75.07,46.0,59.0,49.0,52.0,5.0,2.475,21.0,207.0,4.219,160.0,1.45,15.39,78.0,0.677,446.1,79.56,142.0,3.9,103.0,283.0,32.0,1,4,2.0,2.0,0.0,1.0,1.0,1.0,48
64.0,120.0,57.0,31.7,110.0,19.2,5.1,13879.0,15.93,58.35,27.3,78.0,29.2,205.9,5.67,0.23,566.3,3.7,0.96,8.0,22.5,7.3,68.4,1.5,0.4,1.8,0.6,5.5,0.1,0.0,5.18,15.8,45.5,87.8,30.6,34.8,12.5,307.0,8.0,0.29,5.1,80.91,43.0,19.0,18.0,68.0,1.79,2.4,27.0,24.0,5.384,99.0,1.13,8.55,74.0,1.174,368.8,79.56,142.0,3.9,105.0,280.0,31.0,1,3,3.0,5.0,2.03,1.0,2.0,12.0,20
92.0,128.0,79.0,24.31,96.0,5.8,111.1,8221.0,10.38,56.56,18.4,509.0,31.3,501.84,11.41,0.16,579.8,6.65,1.22,10.0,20.1,10.6,67.1,1.5,0.6,2.0,1.1,6.7,0.2,0.1,4.62,15.0,45.1,97.6,32.5,33.2,12.4,266.0,9.6,0.31,12.8,151.3,43.0,15.0,17.0,77.0,2.86,2.3,24.0,21.0,18.096,114.0,1.19,13.68,74.0,2.145,208.2,70.72,130.0,4.3,92.0,272.0,31.0,1,1,4.0,1.0,1.73,1.0,2.0,5.0,56
50.0,125.0,68.0,24.84,94.7,16.8,3.9,10520.0,16.11,53.16,30.3,155.0,26.5,403.69,7.8,0.14,491.5,6.75,1.02,5.3,33.5,9.3,53.8,2.6,1.0,1.8,0.5,2.9,0.1,0.1,4.43,13.4,41.4,93.4,30.2,32.3,12.4,247.0,7.7,0.08,5.4,81.55,44.0,16.0,20.0,51.0,6.1,2.225,29.0,7.0,5.884,149.0,0.969,12.0,76.0,1.648,309.3,70.7,138.9,4.43,101.3,279.0,32.0,1,3,4.0,1.0,,3.0,3.0,2.0,70
60.0,158.0,53.0,28.1,94.7,24.5,3.1,4685.0,14.32,67.13,21.3,91.0,125.5,418.45,14.19,0.24,1257.1,7.14,2.61,7.8,24.5,10.3,61.4,3.1,0.7,1.9,0.8,4.8,0.2,0.1,3.63,12.3,35.6,98.0,33.7,34.4,12.6,235.0,8.1,0.25,5.9,1116.0,41.0,17.0,19.0,47.0,9.28,2.45,26.0,14.0,5.662,141.0,1.49,10.26,74.0,2.269,428.3,106.08,139.0,4.0,99.0,282.0,33.0,2,3,4.0,2.0,5.0,3.0,2.0,1.0,84
42.0,131.0,52.0,25.06,100.8,15.0,13.1,11404.0,17.36,45.11,38.5,230.0,51.2,380.81,9.41,0.14,1055.5,5.09,0.98,6.9,14.0,11.6,67.2,6.1,1.0,1.0,0.8,4.6,0.4,0.1,4.36,14.4,41.5,95.3,33.1,34.7,12.5,230.0,8.0,0.54,6.2,498.0,41.0,16.0,15.0,15.0,7.14,2.2,26.0,16.0,6.384,18.09,1.26,15.39,76.0,2.043,350.9,106.08,139.0,3.8,100.0,281.0,35.0,1,3,3.0,1.0,2.2,3.0,4.0,1.0,75
86.0,142.0,79.0,26.61,109.5,10.5,4.5,9017.0,39.56,54.42,72.7,948.0,56.2,681.17,14.59,0.23,1012.5,5.02,1.63,8.0,25.6,7.2,66.0,0.9,0.3,2.0,0.6,5.3,0.1,0.0,4.69,15.5,44.7,95.2,32.9,34.6,11.6,159.0,7.8,0.99,4.9,299.4,40.0,49.0,60.0,46.0,3.21,2.3,25.0,370.0,6.106,127.0,1.26,22.23,74.0,1.558,410.4,70.72,139.0,3.9,98.0,277.0,34.0,1,3,1.0,5.0,1.16,1.0,1.0,5.0,63
96.0,114.0,55.0,28.49,94.0,21.2,11.1,17326.0,7.16,88.78,8.1,11.0,17.2,374.17,5.54,0.15,595.7,4.27,0.96,9.1,30.7,6.6,58.6,3.8,0.3,2.8,0.6,5.3,0.3,0.0,4.44,12.2,36.7,82.5,27.3,33.1,13.1,424.0,7.8,0.5,5.4,11.27,42.0,20.0,19.0,84.0,4.28,2.375,19.0,55.0,5.551,98.0,1.19,10.26,79.0,1.513,208.2,53.04,136.0,3.6,103.0,272.0,37.0,2,1,1.0,1.0,0.86,,2.0,,24
66.0,132.0,78.0,43.93,121.5,27.4,5.5,12376.0,21.66,70.88,30.6,39.0,16.1,298.89,7.03,0.08,566.3,5.95,2.5,4.0,32.8,8.1,55.4,2.7,1.0,1.3,0.3,2.2,0.1,0.0,4.24,13.9,40.5,95.4,32.8,34.3,11.9,289.0,7.8,0.1,5.4,21.96,45.0,22.0,21.0,32.0,3.9,2.275,22.0,41.0,4.885,152.0,1.13,6.8,74.0,0.508,374.7,70.7,140.8,4.27,103.7,280.0,29.0,2,4,2.0,6.0,5.0,3.0,2.0,5.0,45
100.0,147.0,57.0,32.03,116.0,7.0,186.0,19094.0,20.76,40.81,50.9,239.0,17.0,146.12,18.39,0.56,430.4,3.52,1.06,6.6,20.7,10.3,63.5,5.3,0.2,1.4,0.7,4.2,0.3,0.0,4.74,15.3,45.2,95.2,32.2,33.9,12.6,175.0,9.1,0.24,6.0,896.0,41.0,28.0,33.0,33.0,12.14,2.45,28.0,22.0,6.106,20.24,1.32,23.94,74.0,0.813,606.7,159.12,140.0,4.8,102.0,288.0,33.0,1,3,4.0,1.0,2.51,3.0,2.0,1.0,74
90.0,110.0,44.0,19.61,79.0,7.0,7.5,26962.0,3.58,61.04,5.9,87.0,51.4,802.94,10.51,0.11,817.7,2.87,1.14,15.4,11.5,5.4,81.8,1.3,0.1,1.8,0.8,12.6,0.2,0.0,5.65,16.1,47.3,83.6,28.5,34.1,11.9,400.0,7.6,4.01,5.3,14.73,41.0,39.0,56.0,107.0,5.0,2.375,26.0,13.0,4.385,141.0,1.32,13.68,80.0,0.802,434.2,97.24,135.0,3.9,95.0,269.0,39.0,1,3,5.0,5.0,0.47,,1.0,3.0,22
,,,,103.8,16.2,18.9,5216.0,20.05,82.34,24.3,49.0,52.3,371.95,9.83,0.15,783.7,4.63,1.03,4.3,28.9,11.4,55.6,3.4,0.6,1.2,0.5,2.4,0.1,0.0,4.6,14.1,41.2,89.6,30.6,34.2,12.1,246.0,8.6,0.13,8.6,62.96,44.0,43.0,37.0,106.0,7.85,2.375,23.0,22.0,12.101,175.0,1.0,13.68,76.0,2.01,196.3,53.04,136.0,4.4,101.0,282.0,32.0,1,3,2.0,1.0,,3.0,2.0,,73
86.0,136.0,80.0,21.05,71.1,18.4,1.0,1326.0,6.09,89.14,6.8,5.0,67.5,588.19,6.65,0.09,804.1,4.84,2.1,5.9,32.2,10.8,54.5,1.9,0.7,1.9,0.6,3.2,0.1,0.0,3.82,11.2,33.5,87.6,29.2,33.3,14.0,277.0,7.6,0.01,5.6,75.18,42.0,20.0,27.0,61.0,2.9,2.35,22.0,9.0,4.94,205.0,1.033,5.1,74.0,0.452,255.8,61.9,138.3,3.82,103.2,274.0,32.0,2,3,3.0,6.0,3.95,,2.0,2.0,53
56.0,152.0,57.0,32.47,104.6,33.0,,,12.35,47.44,26.0,170.0,43.7,966.78,21.39,0.86,1270.7,4.99,1.31,4.2,36.5,8.5,51.7,2.1,1.3,1.5,0.4,2.2,0.1,0.1,4.43,12.7,39.1,88.5,28.8,32.5,15.7,201.0,8.8,0.22,5.5,3085.0,43.0,6.0,18.0,52.0,19.6,2.5,22.0,10.0,4.774,175.0,1.259,12.0,79.0,1.264,303.3,1043.1,140.9,5.03,100.0,295.0,36.0,2,4,1.0,2.0,0.56,,1.0,,61
,,,,,,,,,,,,,,,,,,,,,,,,,,,,,,,,,,,,,,,,,,,,,,,,,,,,,,,,,,,,,,,2,3,2.0,1.0,1.07,,1.0,,78
88.0,121.0,81.0,31.15,106.2,10.6,12.8,12199.0,16.11,63.19,25.5,531.0,41.0,379.33,5.84,0.08,1309.2,4.22,1.09,6.6,36.1,7.9,52.8,3.2,0.1,2.4,0.5,3.5,0.2,0.0,4.89,15.6,46.2,94.3,31.8,33.7,11.9,214.0,7.4,0.17,8.1,60.85,41.0,31.0,17.0,62.0,6.07,2.3,23.0,27.0,9.881,110.0,1.29,17.1,73.0,2.71,273.6,70.72,142.0,4.2,104.0,289.0,32.0,1,3,3.0,1.0,1.29,3.0,2.0,,60
,,,,,,,,,,,,,,,,,,,,,,,,,,,,,,,,,,,,,,,,,,,,,,,,,,,,,,,,,,,,,,,1,3,5.0,5.0,1.4,3.0,3.0,,30
80.0,104.0,58.0,17.09,71.5,10.1,6.6,4862.0,16.65,77.33,21.5,37.0,41.4,544.64,6.55,0.18,863.0,3.65,1.45,8.1,24.7,7.1,64.8,2.4,1.0,2.0,0.6,5.2,0.2,0.1,4.26,13.6,39.8,93.5,32.0,34.2,11.9,276.0,8.8,0.05,4.5,106.5,48.0,12.0,15.0,63.0,3.57,2.6,21.0,9.0,4.274,117.0,1.23,8.55,76.0,1.49,136.8,61.88,140.0,3.8,102.0,277.0,28.0,2,2,3.0,5.0,0.76,,3.0,,26
64.0,159.0,69.0,19.04,70.3,10.4,109.7,8221.0,20.41,59.43,34.3,102.0,44.8,452.39,14.0,0.31,713.5,6.21,2.11,5.0,38.7,8.8,48.8,2.6,1.3,1.9,0.4,2.4,0.1,0.1,4.51,13.9,41.0,91.1,30.8,33.8,12.7,230.0,8.4,0.26,5.1,161.3,46.0,15.0,28.0,98.0,5.7,2.4,26.0,29.0,5.607,180.0,1.001,8.6,72.0,1.513,237.9,88.4,139.9,3.89,100.5,281.0,26.0,2,3,3.0,,1.82,,3.0,1.0,85
68.0,133.0,85.0,34.85,110.0,31.4,25.9,11669.0,15.39,58.89,26.1,92.0,22.0,371.95,9.63,0.09,659.1,6.59,1.84,7.8,24.8,7.0,66.4,1.4,0.4,1.9,0.5,5.2,0.1,0.0,3.97,13.2,39.5,99.6,33.3,33.4,12.7,240.0,8.8,0.9,5.2,53.25,42.0,25.0,23.0,94.0,5.0,2.3,22.0,26.0,4.607,207.0,1.162,10.3,78.0,1.129,309.3,61.9,138.2,4.16,101.1,276.0,36.0,2,2,1.0,1.0,,3.0,2.0,,58
,,,28.58,97.1,16.3,6.8,6365.0,14.5,89.32,16.2,84.0,19.5,366.05,6.04,0.13,459.8,4.47,1.14,10.4,28.1,10.0,59.2,2.0,0.6,2.9,1.0,6.2,0.2,0.1,5.31,16.5,48.7,91.6,31.2,34.1,12.4,272.0,8.9,0.24,5.3,42.5,43.0,108.0,51.0,51.0,5.0,2.275,21.0,98.0,4.996,194.0,1.39,10.26,77.0,1.456,303.3,70.72,140.0,3.7,102.0,279.0,34.0,1,1,1.0,1.0,0.4,1.0,4.0,10.0,49
,,,20.42,69.0,8.4,1.3,2740.0,,,,,,,,,,,,,,,,,,,,,,,,,,,,,,,,,,,,,,,,,,,,,,,,,,,,,,,,2,3,3.0,1.0,5.0,1.0,3.0,,34
54.0,157.0,78.0,30.5,96.0,32.4,5.1,4243.0,18.8,79.48,23.6,16.0,12.0,298.89,7.41,0.13,462.1,6.78,1.45,11.8,26.2,5.5,65.7,2.0,0.6,3.1,0.6,7.8,0.2,0.1,4.32,13.9,41.6,96.1,32.0,33.3,12.9,259.0,8.6,1.0,5.2,168.0,43.0,39.0,34.0,96.0,3.57,2.3,23.0,35.0,5.107,134.0,1.13,6.84,74.0,2.981,297.4,61.88,134.0,4.1,99.0,267.0,31.0,2,1,3.0,3.0,3.61,1.0,1.0,6.0,45
56.0,114.0,77.0,19.53,76.3,5.2,34.2,29260.0,24.34,72.5,33.6,70.0,10.9,483.39,8.68,0.35,255.9,5.4,0.65,6.7,35.8,6.9,53.4,3.3,0.7,2.4,0.5,3.6,0.2,0.0,5.18,15.9,48.5,93.6,30.6,32.7,12.9,265.0,7.6,0.23,5.6,15.78,48.0,21.0,22.0,93.0,2.5,2.425,19.0,14.0,5.94,174.0,1.356,8.6,79.0,1.174,291.5,70.7,139.3,4.19,102.4,277.0,31.0,1,1,1.0,1.0,2.79,1.0,3.0,,48
86.0,116.0,80.0,20.38,77.5,8.5,52.8,39426.0,14.68,56.21,26.1,89.0,30.8,637.63,11.37,0.08,690.8,3.8,0.93,6.5,30.4,9.6,50.4,8.8,0.9,2.0,0.6,3.3,0.6,0.1,4.95,15.9,45.9,92.6,32.1,34.7,11.0,238.0,9.4,0.01,4.6,17.64,53.0,9.0,19.0,77.0,3.6,2.35,27.0,10.0,4.441,127.0,0.904,32.5,85.0,0.835,392.6,88.4,138.2,3.83,103.4,274.0,32.0,1,4,4.0,5.0,0.97,,2.0,,25
,,,,,,,,,,,,,,,,,,,,,,,,,,,,,,,,,,,,,,,,,,,,,,,,,,,,,,,,,,,,,,,1,3,4.0,1.0,5.0,,2.0,,32
,,,36.0,125.0,29.4,13.6,17061.0,,,,,,,,,,,,,,,,,,,,,,,,,,,,,,,,,,,,,,,,,,,,,,,,,,,,,,,,1,1,3.0,1.0,2.82,2.0,2.0,,35
